customer_id,name,city,state,signup_date
1,Manish Mehta,Lucknow,Uttar Pradesh,2021-02-21
2,Manish Das,Bengaluru,Karnataka,2021-10-13
3,Riya Singh,Noida,Uttar Pradesh,2026-01-02
4,Aarav Singh,Surat,Gujarat,2021-03-07
5,Aditi Sharma,New Delhi,Delhi,2023-11-01
6,Jyoti Yadav,Ahmedabad,Gujarat,2025-01-06
7,Neha Mehta,Hyderabad,Telangana,2023-07-09
8,Pooja Bora,Ranchi,Jharkhand,2021-01-14
9,Rohan Dutta,Noida,Uttar Pradesh,2022-11-28
10,Ananya Das,New Delhi,Delhi,2025-04-13
11,Diya Iyer,Pune,Maharashtra,2021-07-18
12,Vivaan Ghosh,Surat,Gujarat,2025-07-11
13,Vikram Kumar,Ahmedabad,Gujarat,2026-06-16
14,Deepak Saha,Pune,Maharashtra,2022-08-24
15,Neha Patel,Guwahati,Assam,2023-01-11
16,Nikhil Gupta,Gurugram,Haryana,2021-04-04
17,Ritu Gupta,Patna,Bihar,2021-06-13
18,Rohan Ghosh,Indore,Madhya Pradesh,2023-02-18
19,Sai Iyer,Jaipur,Rajasthan,2023-01-18
20,Rohan Singh,Chennai,Tamil Nadu,2024-10-04
21,Riya Gupta,Jaipur,Rajasthan,2021-12-17
22,Rohan Yadav,Delhi,Delhi,2023-02-17
23,Deepak Verma,New Delhi,Delhi,2022-10-27
24,Sanjay Reddy,New Delhi,Delhi,2021-03-07
25,Krishna Mishra,Coimbatore,Tamil Nadu,2021-05-16
26,Krishna Choudhury,Indore,Madhya Pradesh,2022-10-07
27,Jyoti Ghosh,Coimbatore,Tamil Nadu,2026-02-16
28,Ishaan Yadav,Delhi,Delhi,2021-10-13
29,Neha Roy,Ahmedabad,Gujarat,2025-03-10
30,Diya Gupta,Guwahati,Assam,2023-03-29
31,Kavya Choudhury,Thiruvananthapuram,Kerala,2021-10-11
32,Ritu Das,Pune,Maharashtra,2021-04-07
33,Sanjay Roy,Delhi,Delhi,2021-11-24
34,Isha Saha,Surat,Gujarat,2023-02-28
35,Rohan Yadav,Thiruvananthapuram,Kerala,2023-12-20
36,Nikhil Das,Indore,Madhya Pradesh,2021-01-24
37,Pooja Mehta,Noida,Uttar Pradesh,2024-01-05
38,Arjun Nair,Bhubaneswar,Odisha,2022-11-28
39,Aarav Mehta,Hyderabad,Telangana,2023-07-19
40,Sai Jain,Kochi,Kerala,2025-04-10
41,Jyoti Nair,Silchar,Assam,2025-11-18
42,Aditi Patel,Bhopal,Madhya Pradesh,2023-11-06
43,Sai Yadav,Delhi,Delhi,2025-04-11
44,Kavya Sharma,Kochi,Kerala,2026-03-05
45,Aarav Das,Surat,Gujarat,2023-09-28
46,Deepak Nair,Dibrugarh,Assam,2025-12-05
47,Akash Mishra,Bengaluru,Karnataka,2022-05-09
48,Manish Choudhury,Kochi,Kerala,2021-06-25
49,Pooja Yadav,Ranchi,Jharkhand,2026-06-26
50,Nikhil Choudhury,Bhubaneswar,Odisha,2021-09-20
51,Rohan Jain,Kochi,Kerala,2021-12-05
52,Krishna Yadav,Indore,Madhya Pradesh,2023-05-17
53,Krishna Nair,Bhubaneswar,Odisha,2024-11-13
54,Jyoti Iyer,Coimbatore,Tamil Nadu,2024-10-07
55,Priya Das,Hyderabad,Telangana,2023-11-26
56,Ananya Sharma,Bengaluru,Karnataka,2021-05-12
57,Neha Gupta,Surat,Gujarat,2022-04-17
58,Jyoti Verma,Mumbai,Maharashtra,2024-12-20
59,Vivaan Reddy,New Delhi,Delhi,2026-01-29
60,Rohan Choudhury,Pune,Maharashtra,2022-05-03
61,Manish Mishra,New Delhi,Delhi,2021-09-28
62,Sanjay Choudhury,Ahmedabad,Gujarat,2022-05-13
63,Arjun Das,Ranchi,Jharkhand,2022-01-25
64,Meera Roy,Lucknow,Uttar Pradesh,2022-12-27
65,Vivaan Das,Kolkata,West Bengal,2025-02-02
66,Ananya Das,Mumbai,Maharashtra,2025-01-31
67,Riya Ghosh,Bengaluru,Karnataka,2022-01-25
68,Rohan Ghosh,Delhi,Delhi,2022-01-11
69,Aditya Ghosh,Bengaluru,Karnataka,2026-03-06
70,Riya Das,Ranchi,Jharkhand,2025-10-20
71,Deepak Sharma,Mumbai,Maharashtra,2024-01-13
72,Pooja Gupta,Kochi,Kerala,2026-03-13
73,Sneha Patel,Delhi,Delhi,2023-09-22
74,Vivaan Bora,Indore,Madhya Pradesh,2026-01-23
75,Rohan Ghosh,Chennai,Tamil Nadu,2023-03-11
76,Manish Yadav,Bengaluru,Karnataka,2024-11-27
77,Reyansh Patel,Lucknow,Uttar Pradesh,2023-09-24
78,Vivaan Mishra,Bengaluru,Karnataka,2026-06-07
79,Manish Reddy,Gurugram,Haryana,2021-05-05
80,Sneha Jain,Mumbai,Maharashtra,2024-04-11
81,Sai Verma,Silchar,Assam,2023-12-24
82,Ritu Bora,Kochi,Kerala,2021-06-14
83,Nikhil Gupta,Mumbai,Maharashtra,2021-05-20
84,Akash Mishra,Hyderabad,Telangana,2026-04-13
85,Vivaan Saha,Bengaluru,Karnataka,2024-05-02
86,Neha Mishra,Pune,Maharashtra,2024-09-08
87,Rohan Patel,Howrah,West Bengal,2026-03-30
88,Ishaan Mehta,Lucknow,Uttar Pradesh,2022-10-06
89,Jyoti Nair,Coimbatore,Tamil Nadu,2024-10-07
90,Pooja Singh,Hyderabad,Telangana,2026-03-18
91,Neha Das,Mumbai,Maharashtra,2024-06-26
92,Kavya Mehta,Pune,Maharashtra,2022-03-13
93,Akash Singh,Nagpur,Maharashtra,2022-12-16
94,Rahul Bora,Indore,Madhya Pradesh,2023-01-27
95,Karan Nair,Hyderabad,Telangana,2024-01-18
96,Jyoti Jain,Jaipur,Rajasthan,2025-07-11
97,Riya Nair,Mumbai,Maharashtra,2025-08-01
98,Akash Dutta,Dibrugarh,Assam,2021-08-01
99,Arjun Yadav,Bengaluru,Karnataka,2025-12-28
100,Aditi Patel,Delhi,Delhi,2022-08-01
101,Nikhil Mehta,Gurugram,Haryana,2022-02-21
102,Akash Verma,Kolkata,West Bengal,2022-05-30
103,Deepak Mehta,Pune,Maharashtra,2023-05-18
104,Pooja Dutta,Mumbai,Maharashtra,2022-11-15
105,Sai Ghosh,Jaipur,Rajasthan,2022-06-21
106,Riya Sharma,Ahmedabad,Gujarat,2023-05-26
107,Akash Dutta,Pune,Maharashtra,2026-04-20
108,Diya Mishra,Ahmedabad,Gujarat,2025-09-06
109,Reyansh Verma,Ahmedabad,Gujarat,2023-05-31
110,Vikram Verma,Mysuru,Karnataka,2026-01-16
111,Nikhil Gupta,Guwahati,Assam,2022-03-07
112,Pooja Yadav,Lucknow,Uttar Pradesh,2022-12-26
113,Aditi Dutta,Guwahati,Assam,2023-04-13
114,Ritu Bora,Dibrugarh,Assam,2022-04-30
115,Sai Roy,Kochi,Kerala,2025-07-19
116,Vikram Reddy,Mumbai,Maharashtra,2025-02-17
117,Sanjay Gupta,Patna,Bihar,2023-04-24
118,Karan Das,Bengaluru,Karnataka,2025-06-01
119,Ritu Choudhury,Coimbatore,Tamil Nadu,2021-03-21
120,Vikram Ghosh,New Delhi,Delhi,2025-07-31
121,Sanjay Gupta,Chennai,Tamil Nadu,2025-08-08
122,Krishna Kumar,New Delhi,Delhi,2024-09-13
123,Aditya Mehta,Chennai,Tamil Nadu,2025-11-06
124,Isha Yadav,Chennai,Tamil Nadu,2023-11-10
125,Arjun Mehta,Chennai,Tamil Nadu,2021-02-26
126,Rohan Verma,Delhi,Delhi,2026-05-26
127,Diya Reddy,Pune,Maharashtra,2023-06-09
128,Arjun Kumar,Hyderabad,Telangana,2023-11-14
129,Rohan Verma,Guwahati,Assam,2022-01-25
130,Kavya Yadav,Gurugram,Haryana,2021-01-04
131,Manish Patel,Noida,Uttar Pradesh,2026-04-10
132,Nikhil Reddy,Chennai,Tamil Nadu,2021-05-24
133,Ritu Das,Jaipur,Rajasthan,2024-09-20
134,Kavya Nair,Gurugram,Haryana,2022-09-08
135,Isha Nair,Lucknow,Uttar Pradesh,2022-10-31
136,Meera Kumar,Ahmedabad,Gujarat,2022-01-28
137,Sai Saha,Noida,Uttar Pradesh,2026-01-23
138,Riya Sharma,Ahmedabad,Gujarat,2023-04-12
139,Meera Mishra,Bengaluru,Karnataka,2022-03-07
140,Priya Ghosh,Jaipur,Rajasthan,2022-10-22
141,Kavya Choudhury,Hyderabad,Telangana,2022-03-14
142,Sanjay Bora,Patna,Bihar,2026-05-20
143,Kavya Saha,Lucknow,Uttar Pradesh,2022-08-05
144,Pooja Gupta,Chennai,Tamil Nadu,2025-08-04
145,Sanjay Patel,Lucknow,Uttar Pradesh,2022-04-06
146,Ishaan Choudhury,Delhi,Delhi,2021-04-05
147,Aditya Ghosh,Jaipur,Rajasthan,2025-04-23
148,Neha Patel,Hyderabad,Telangana,2024-07-13
149,Sneha Kumar,Gurugram,Haryana,2023-02-26
150,Karan Sharma,Bengaluru,Karnataka,2024-09-05
151,Pooja Das,Guwahati,Assam,2025-10-29
152,Sai Jain,Patna,Bihar,2022-03-25
153,Ishaan Das,Kolkata,West Bengal,2024-02-16
154,Priya Jain,Hyderabad,Telangana,2025-06-30
155,Ananya Ghosh,Thiruvananthapuram,Kerala,2024-05-04
156,Akash Jain,Jaipur,Rajasthan,2025-01-13
157,Riya Ghosh,Hyderabad,Telangana,2026-02-01
158,Ritu Choudhury,Guwahati,Assam,2025-03-04
159,Ishaan Mehta,Hyderabad,Telangana,2025-03-20
160,Sneha Gupta,Bhubaneswar,Odisha,2023-12-04
161,Karan Nair,Bengaluru,Karnataka,2021-06-08
162,Ananya Yadav,New Delhi,Delhi,2022-11-19
163,Ishaan Kumar,Pune,Maharashtra,2021-11-05
164,Krishna Singh,Noida,Uttar Pradesh,2024-12-17
165,Riya Ghosh,Hyderabad,Telangana,2022-11-09
166,Deepak Roy,Hyderabad,Telangana,2022-02-28
167,Neha Sharma,Coimbatore,Tamil Nadu,2025-04-26
168,Neha Kumar,Indore,Madhya Pradesh,2025-04-17
169,Diya Nair,Kolkata,West Bengal,2026-04-15
170,Akash Roy,Bhubaneswar,Odisha,2025-10-14
171,Riya Saha,Ahmedabad,Gujarat,2025-02-13
172,Ishaan Mehta,Guwahati,Assam,2023-09-27
173,Isha Reddy,Hyderabad,Telangana,2021-03-01
174,Isha Bora,Lucknow,Uttar Pradesh,2025-06-23
175,Reyansh Saha,Bhopal,Madhya Pradesh,2026-02-27
176,Isha Mishra,Howrah,West Bengal,2026-02-01
177,Aditya Roy,Ahmedabad,Gujarat,2021-02-25
178,Sai Verma,Nagpur,Maharashtra,2023-08-04
179,Krishna Ghosh,Bengaluru,Karnataka,2022-11-02
180,Akash Kumar,Chennai,Tamil Nadu,2025-04-08
181,Deepak Roy,Bengaluru,Karnataka,2026-05-03
182,Sneha Sharma,Bengaluru,Karnataka,2021-06-17
183,Diya Gupta,Chandigarh,Chandigarh,2021-04-17
184,Jyoti Verma,Lucknow,Uttar Pradesh,2025-05-19
185,Ishaan Patel,Bhubaneswar,Odisha,2026-04-29
186,Reyansh Gupta,Bhopal,Madhya Pradesh,2024-06-26
187,Arjun Mishra,Nagpur,Maharashtra,2024-10-03
188,Karan Mehta,Kochi,Kerala,2023-08-11
189,Aditi Saha,Bhubaneswar,Odisha,2021-12-10
190,Arjun Bora,Kochi,Kerala,2025-01-11
191,Neha Sharma,Kochi,Kerala,2021-08-10
192,Nikhil Kumar,Dibrugarh,Assam,2024-03-25
193,Krishna Singh,Coimbatore,Tamil Nadu,2025-01-04
194,Jyoti Gupta,Surat,Gujarat,2025-08-29
195,Rahul Saha,Pune,Maharashtra,2025-05-02
196,Neha Verma,Ranchi,Jharkhand,2025-06-19
197,Nikhil Iyer,Chennai,Tamil Nadu,2023-05-28
198,Ananya Sharma,Mumbai,Maharashtra,2024-08-19
199,Sneha Das,Indore,Madhya Pradesh,2025-08-12
200,Jyoti Ghosh,Hyderabad,Telangana,2023-01-12
201,Sai Jain,Gurugram,Haryana,2023-06-11
202,Aditi Yadav,Kochi,Kerala,2022-07-08
203,Meera Mishra,Patna,Bihar,2023-08-11
204,Ishaan Singh,Bengaluru,Karnataka,2025-10-11
205,Ishaan Ghosh,Bengaluru,Karnataka,2023-07-13
206,Isha Reddy,Ahmedabad,Gujarat,2024-09-30
207,Ananya Bora,Mumbai,Maharashtra,2025-10-09
208,Sanjay Mehta,Kolkata,West Bengal,2022-12-28
209,Aditi Mehta,Chennai,Tamil Nadu,2025-12-08
210,Krishna Singh,Ahmedabad,Gujarat,2023-11-25
211,Sneha Yadav,Bengaluru,Karnataka,2023-04-13
212,Sneha Choudhury,Bhubaneswar,Odisha,2024-11-15
213,Aditya Nair,Hyderabad,Telangana,2021-02-05
214,Ishaan Nair,New Delhi,Delhi,2024-11-17
215,Sneha Yadav,Lucknow,Uttar Pradesh,2023-01-26
216,Manish Yadav,Howrah,West Bengal,2023-05-22
217,Priya Mehta,Chennai,Tamil Nadu,2024-12-10
218,Arjun Patel,Mysuru,Karnataka,2022-04-18
219,Riya Bora,Mysuru,Karnataka,2025-03-02
220,Sneha Mehta,Delhi,Delhi,2025-02-21
221,Pooja Jain,Gurugram,Haryana,2026-06-24
222,Deepak Patel,Surat,Gujarat,2021-07-25
223,Sai Nair,Bengaluru,Karnataka,2023-01-10
224,Reyansh Mehta,Mumbai,Maharashtra,2023-12-30
225,Riya Nair,Mumbai,Maharashtra,2021-04-22
226,Jyoti Choudhury,Noida,Uttar Pradesh,2021-09-16
227,Neha Nair,Pune,Maharashtra,2021-01-26
228,Ananya Bora,Kolkata,West Bengal,2023-06-22
229,Ritu Choudhury,Kochi,Kerala,2022-06-02
230,Isha Choudhury,Pune,Maharashtra,2021-05-14
231,Nikhil Verma,Pune,Maharashtra,2024-07-13
232,Neha Nair,Delhi,Delhi,2025-07-20
233,Arjun Yadav,Pune,Maharashtra,2022-05-24
234,Aditi Saha,Bhubaneswar,Odisha,2024-05-26
235,Isha Ghosh,New Delhi,Delhi,2023-12-07
236,Ritu Mishra,Guwahati,Assam,2022-09-01
237,Neha Saha,Thiruvananthapuram,Kerala,2022-09-18
238,Manish Das,Mumbai,Maharashtra,2026-05-21
239,Jyoti Patel,Kochi,Kerala,2022-03-02
240,Sai Gupta,Bengaluru,Karnataka,2021-06-16
241,Sai Sharma,Delhi,Delhi,2021-06-03
242,Aditi Choudhury,Hyderabad,Telangana,2024-11-12
243,Rahul Nair,Bengaluru,Karnataka,2022-04-20
244,Aditya Gupta,Gurugram,Haryana,2023-07-19
245,Sanjay Mishra,Dibrugarh,Assam,2025-06-02
246,Krishna Roy,Lucknow,Uttar Pradesh,2026-03-28
247,Jyoti Dutta,Pune,Maharashtra,2022-04-06
248,Reyansh Singh,Guwahati,Assam,2025-08-20
249,Rahul Saha,Mumbai,Maharashtra,2025-06-12
250,Vikram Nair,Chandigarh,Chandigarh,2024-03-11
251,Karan Nair,Hyderabad,Telangana,2023-08-18
252,Rohan Jain,Noida,Uttar Pradesh,2026-04-15
253,Aditya Saha,Ahmedabad,Gujarat,2023-06-16
254,Manish Reddy,Mumbai,Maharashtra,2023-06-04
255,Aditya Gupta,Surat,Gujarat,2021-02-22
256,Ritu Mishra,Kochi,Kerala,2025-09-09
257,Pooja Mehta,Surat,Gujarat,2021-02-12
258,Pooja Bora,Ahmedabad,Gujarat,2025-04-12
259,Priya Mehta,Kolkata,West Bengal,2024-08-27
260,Meera Choudhury,Delhi,Delhi,2024-04-13
261,Diya Roy,Kochi,Kerala,2023-08-21
262,Arjun Bora,Chennai,Tamil Nadu,2024-10-04
263,Sneha Nair,Chennai,Tamil Nadu,2024-11-21
264,Deepak Yadav,Lucknow,Uttar Pradesh,2023-04-01
265,Ananya Mehta,Mumbai,Maharashtra,2021-06-30
266,Pooja Kumar,Mysuru,Karnataka,2026-06-10
267,Aarav Yadav,Indore,Madhya Pradesh,2025-08-17
268,Krishna Jain,Kolkata,West Bengal,2021-04-22
269,Sneha Ghosh,Chennai,Tamil Nadu,2025-03-30
270,Rohan Yadav,Bhubaneswar,Odisha,2022-02-21
271,Priya Choudhury,Nagpur,Maharashtra,2022-08-13
272,Jyoti Saha,Nagpur,Maharashtra,2026-06-17
273,Sai Nair,Ranchi,Jharkhand,2024-12-24
274,Meera Singh,Ahmedabad,Gujarat,2024-02-06
275,Vikram Das,New Delhi,Delhi,2025-09-20
276,Jyoti Dutta,Kolkata,West Bengal,2021-08-29
277,Rahul Jain,Kolkata,West Bengal,2025-01-07
278,Deepak Choudhury,Gurugram,Haryana,2023-05-01
279,Priya Yadav,Thiruvananthapuram,Kerala,2022-05-15
280,Vikram Saha,Delhi,Delhi,2022-01-26
281,Reyansh Singh,Kolkata,West Bengal,2025-12-06
282,Ritu Roy,Bengaluru,Karnataka,2025-06-06
283,Kavya Mehta,Chennai,Tamil Nadu,2025-06-02
284,Manish Nair,Bhopal,Madhya Pradesh,2022-08-03
285,Nikhil Choudhury,Bhopal,Madhya Pradesh,2024-04-02
286,Riya Choudhury,Indore,Madhya Pradesh,2023-07-04
287,Pooja Yadav,Chennai,Tamil Nadu,2024-02-05
288,Ananya Patel,Chennai,Tamil Nadu,2026-03-26
289,Neha Kumar,Thiruvananthapuram,Kerala,2022-05-05
290,Meera Verma,New Delhi,Delhi,2025-05-08
291,Karan Kumar,Mysuru,Karnataka,2023-08-27
292,Sanjay Dutta,Coimbatore,Tamil Nadu,2024-09-21
293,Reyansh Jain,Kolkata,West Bengal,2021-03-17
294,Ritu Das,Kochi,Kerala,2022-11-11
295,Arjun Jain,Indore,Madhya Pradesh,2023-06-21
296,Manish Dutta,Silchar,Assam,2021-02-01
297,Reyansh Singh,Hyderabad,Telangana,2024-09-02
298,Rohan Reddy,Kolkata,West Bengal,2026-06-08
299,Jyoti Singh,Jaipur,Rajasthan,2023-03-26
300,Nikhil Yadav,Indore,Madhya Pradesh,2025-10-12
301,Jyoti Choudhury,Chennai,Tamil Nadu,2022-10-11
302,Aditi Singh,Indore,Madhya Pradesh,2021-03-15
303,Vikram Nair,New Delhi,Delhi,2024-11-02
304,Aditya Roy,Thiruvananthapuram,Kerala,2025-03-10
305,Jyoti Das,Kochi,Kerala,2025-04-07
306,Rahul Sharma,Hyderabad,Telangana,2024-11-22
307,Vivaan Nair,Mumbai,Maharashtra,2025-06-19
308,Reyansh Gupta,Chennai,Tamil Nadu,2023-06-02
309,Nikhil Bora,Howrah,West Bengal,2024-03-05
310,Aditi Kumar,Delhi,Delhi,2021-06-11
311,Sneha Mishra,Jaipur,Rajasthan,2022-05-09
312,Jyoti Mehta,Delhi,Delhi,2023-08-03
313,Aarav Ghosh,Kolkata,West Bengal,2024-09-27
314,Riya Bora,Guwahati,Assam,2024-10-19
315,Diya Mishra,Pune,Maharashtra,2026-04-20
316,Meera Mehta,Bengaluru,Karnataka,2026-05-25
317,Krishna Kumar,Hyderabad,Telangana,2022-09-11
318,Ishaan Kumar,Indore,Madhya Pradesh,2021-08-07
319,Rahul Nair,Ahmedabad,Gujarat,2024-03-23
320,Nikhil Kumar,Mumbai,Maharashtra,2025-08-27
321,Ritu Verma,Bengaluru,Karnataka,2024-03-05
322,Sneha Nair,Silchar,Assam,2025-03-07
323,Aditi Iyer,Patna,Bihar,2022-04-17
324,Aditi Mehta,New Delhi,Delhi,2022-01-25
325,Pooja Dutta,Noida,Uttar Pradesh,2025-01-16
326,Jyoti Verma,Jaipur,Rajasthan,2026-01-25
327,Vivaan Mishra,Mysuru,Karnataka,2023-06-22
328,Aditya Nair,Chennai,Tamil Nadu,2021-09-27
329,Sai Patel,Chennai,Tamil Nadu,2023-05-01
330,Akash Iyer,Nagpur,Maharashtra,2024-01-10
331,Rohan Bora,Howrah,West Bengal,2026-02-14
332,Sneha Nair,Bengaluru,Karnataka,2025-08-16
333,Sanjay Das,Chandigarh,Chandigarh,2022-11-25
334,Reyansh Gupta,Kolkata,West Bengal,2021-06-04
335,Nikhil Kumar,Indore,Madhya Pradesh,2025-01-23
336,Riya Iyer,Kochi,Kerala,2025-07-06
337,Aarav Mehta,Pune,Maharashtra,2023-03-20
338,Diya Mehta,Ahmedabad,Gujarat,2023-07-21
339,Jyoti Iyer,Surat,Gujarat,2025-08-12
340,Sneha Sharma,Pune,Maharashtra,2022-04-24
341,Riya Reddy,Jaipur,Rajasthan,2026-04-16
342,Jyoti Singh,Silchar,Assam,2022-03-30
343,Vikram Nair,Jaipur,Rajasthan,2023-08-09
344,Reyansh Verma,Lucknow,Uttar Pradesh,2021-08-27
345,Sneha Das,Kochi,Kerala,2022-09-16
346,Riya Dutta,Pune,Maharashtra,2025-12-23
347,Nikhil Yadav,Coimbatore,Tamil Nadu,2023-01-30
348,Manish Dutta,Hyderabad,Telangana,2025-03-01
349,Arjun Choudhury,Guwahati,Assam,2024-09-03
350,Rohan Verma,Jaipur,Rajasthan,2026-04-08
351,Priya Ghosh,Noida,Uttar Pradesh,2022-03-21
352,Diya Das,Kochi,Kerala,2025-10-18
353,Riya Iyer,Thiruvananthapuram,Kerala,2023-01-23
354,Krishna Das,Mumbai,Maharashtra,2022-07-20
355,Priya Singh,Kochi,Kerala,2025-08-15
356,Jyoti Saha,Lucknow,Uttar Pradesh,2024-08-07
357,Sanjay Reddy,Kochi,Kerala,2021-04-14
358,Sanjay Mishra,Bengaluru,Karnataka,2021-09-15
359,Pooja Yadav,New Delhi,Delhi,2025-08-27
360,Deepak Gupta,New Delhi,Delhi,2022-03-19
361,Sanjay Saha,Chennai,Tamil Nadu,2021-10-30
362,Reyansh Dutta,Mumbai,Maharashtra,2025-10-25
363,Sai Das,Ahmedabad,Gujarat,2025-06-24
364,Reyansh Sharma,Lucknow,Uttar Pradesh,2021-02-22
365,Ishaan Mishra,Chennai,Tamil Nadu,2025-06-03
366,Rohan Verma,Mysuru,Karnataka,2021-12-23
367,Kavya Das,Nagpur,Maharashtra,2023-05-13
368,Priya Iyer,Chandigarh,Chandigarh,2023-09-03
369,Priya Jain,Kolkata,West Bengal,2021-08-12
370,Vivaan Jain,New Delhi,Delhi,2024-06-13
371,Aarav Verma,Bengaluru,Karnataka,2024-08-10
372,Isha Roy,Thiruvananthapuram,Kerala,2025-10-02
373,Karan Ghosh,Noida,Uttar Pradesh,2023-10-02
374,Ananya Saha,Pune,Maharashtra,2021-06-15
375,Rohan Saha,Delhi,Delhi,2021-09-16
376,Karan Reddy,Jaipur,Rajasthan,2024-01-29
377,Kavya Nair,Chennai,Tamil Nadu,2024-05-08
378,Meera Das,Hyderabad,Telangana,2024-05-24
379,Ritu Yadav,Patna,Bihar,2021-08-23
380,Meera Ghosh,Gurugram,Haryana,2022-03-17
381,Ananya Ghosh,Guwahati,Assam,2023-04-28
382,Arjun Reddy,Coimbatore,Tamil Nadu,2025-02-03
383,Rohan Iyer,Hyderabad,Telangana,2024-09-24
384,Vikram Choudhury,Kochi,Kerala,2024-11-07
385,Aditya Singh,Mumbai,Maharashtra,2025-08-31
386,Manish Iyer,Hyderabad,Telangana,2025-03-05
387,Vivaan Mishra,Ranchi,Jharkhand,2024-02-14
388,Ananya Das,Kochi,Kerala,2024-02-25
389,Nikhil Roy,Hyderabad,Telangana,2025-11-25
390,Vivaan Nair,Indore,Madhya Pradesh,2025-01-16
391,Arjun Mishra,Surat,Gujarat,2022-12-22
392,Nikhil Choudhury,Kolkata,West Bengal,2021-11-13
393,Diya Yadav,New Delhi,Delhi,2021-08-10
394,Rohan Mishra,Chennai,Tamil Nadu,2025-04-11
395,Ritu Yadav,New Delhi,Delhi,2023-05-29
396,Aditi Saha,Kochi,Kerala,2025-08-04
397,Aarav Saha,Noida,Uttar Pradesh,2024-02-15
398,Karan Mehta,Dibrugarh,Assam,2025-08-26
399,Karan Nair,Mumbai,Maharashtra,2022-07-14
400,Aarav Bora,Silchar,Assam,2022-12-20
401,Nikhil Kumar,Indore,Madhya Pradesh,2024-03-05
402,Jyoti Sharma,Pune,Maharashtra,2025-02-26
403,Krishna Kumar,Pune,Maharashtra,2023-12-23
404,Sai Iyer,Hyderabad,Telangana,2022-11-30
405,Pooja Mishra,Mysuru,Karnataka,2022-10-27
406,Vivaan Dutta,Surat,Gujarat,2025-12-15
407,Vivaan Singh,Delhi,Delhi,2024-06-19
408,Meera Choudhury,Bengaluru,Karnataka,2024-09-17
409,Rohan Patel,Jaipur,Rajasthan,2023-04-29
410,Diya Roy,Bhubaneswar,Odisha,2021-08-22
411,Nikhil Mishra,Pune,Maharashtra,2024-10-20
412,Rahul Verma,Kolkata,West Bengal,2024-09-28
413,Vivaan Sharma,New Delhi,Delhi,2024-05-12
414,Krishna Dutta,New Delhi,Delhi,2026-04-21
415,Ananya Das,Bhubaneswar,Odisha,2022-08-16
416,Meera Bora,Mumbai,Maharashtra,2025-03-10
417,Karan Gupta,Nagpur,Maharashtra,2023-12-27
418,Nikhil Iyer,Kolkata,West Bengal,2025-09-03
419,Manish Verma,Pune,Maharashtra,2025-10-31
420,Vikram Singh,Hyderabad,Telangana,2023-07-31
421,Meera Mishra,Indore,Madhya Pradesh,2024-03-25
422,Meera Nair,Hyderabad,Telangana,2024-08-04
423,Ananya Bora,Pune,Maharashtra,2021-02-12
424,Priya Iyer,Ranchi,Jharkhand,2024-06-19
425,Arjun Gupta,Pune,Maharashtra,2025-09-26
426,Kavya Singh,Hyderabad,Telangana,2023-04-01
427,Manish Reddy,Coimbatore,Tamil Nadu,2022-09-28
428,Sai Singh,New Delhi,Delhi,2025-05-15
429,Kavya Jain,Kolkata,West Bengal,2021-08-22
430,Diya Iyer,Delhi,Delhi,2025-05-09
431,Jyoti Dutta,Gurugram,Haryana,2025-08-05
432,Rohan Patel,Bengaluru,Karnataka,2021-10-27
433,Pooja Singh,Delhi,Delhi,2021-11-10
434,Jyoti Choudhury,Delhi,Delhi,2025-05-02
435,Pooja Mishra,Kolkata,West Bengal,2024-02-29
436,Akash Mishra,Hyderabad,Telangana,2026-03-08
437,Ananya Reddy,Lucknow,Uttar Pradesh,2024-07-03
438,Sneha Ghosh,Delhi,Delhi,2021-05-20
439,Rohan Mishra,Jaipur,Rajasthan,2025-06-19
440,Aditya Nair,Mumbai,Maharashtra,2023-11-06
441,Vivaan Iyer,Kolkata,West Bengal,2021-03-19
442,Jyoti Singh,Bhopal,Madhya Pradesh,2021-06-07
443,Isha Ghosh,Jaipur,Rajasthan,2023-11-05
444,Sanjay Verma,Surat,Gujarat,2026-05-09
445,Neha Patel,Hyderabad,Telangana,2025-07-17
446,Kavya Dutta,Mysuru,Karnataka,2023-09-02
447,Arjun Reddy,Kochi,Kerala,2023-07-12
448,Kavya Bora,Thiruvananthapuram,Kerala,2021-06-22
449,Priya Ghosh,Mumbai,Maharashtra,2024-12-20
450,Sai Iyer,Howrah,West Bengal,2024-06-02
451,Isha Roy,Chennai,Tamil Nadu,2022-08-03
452,Aditi Verma,Patna,Bihar,2024-10-22
453,Ananya Singh,Patna,Bihar,2024-08-18
454,Nikhil Kumar,Chennai,Tamil Nadu,2024-02-17
455,Ritu Saha,Bengaluru,Karnataka,2025-01-22
456,Aditya Mishra,Indore,Madhya Pradesh,2022-11-14
457,Diya Nair,Lucknow,Uttar Pradesh,2026-02-21
458,Nikhil Kumar,Kochi,Kerala,2024-12-01
459,Aditya Nair,Nagpur,Maharashtra,2024-12-22
460,Sanjay Reddy,Ahmedabad,Gujarat,2024-08-10
461,Karan Jain,Ranchi,Jharkhand,2024-10-04
462,Meera Jain,Pune,Maharashtra,2024-10-05
463,Rahul Bora,Chennai,Tamil Nadu,2023-01-13
464,Pooja Choudhury,Kochi,Kerala,2022-12-01
465,Reyansh Singh,Delhi,Delhi,2021-10-09
466,Arjun Jain,Bengaluru,Karnataka,2025-06-03
467,Manish Jain,Patna,Bihar,2025-09-07
468,Akash Saha,Mumbai,Maharashtra,2022-11-21
469,Reyansh Bora,Nagpur,Maharashtra,2023-02-11
470,Pooja Saha,Delhi,Delhi,2024-11-19
471,Manish Ghosh,Ranchi,Jharkhand,2021-12-06
472,Nikhil Gupta,Mumbai,Maharashtra,2023-01-17
473,Rahul Ghosh,Kochi,Kerala,2024-06-04
474,Rahul Choudhury,New Delhi,Delhi,2022-05-05
475,Diya Mishra,Guwahati,Assam,2022-02-02
476,Pooja Nair,Thiruvananthapuram,Kerala,2023-08-04
477,Kavya Roy,Patna,Bihar,2023-10-27
478,Krishna Saha,Kochi,Kerala,2025-07-31
479,Vivaan Choudhury,Nagpur,Maharashtra,2022-05-28
480,Vikram Das,Indore,Madhya Pradesh,2024-02-10
481,Ritu Das,Gurugram,Haryana,2023-11-23
482,Sai Mehta,Bengaluru,Karnataka,2025-04-12
483,Reyansh Roy,Hyderabad,Telangana,2023-11-18
484,Ishaan Ghosh,Pune,Maharashtra,2026-02-08
485,Aarav Roy,Guwahati,Assam,2026-03-21
486,Diya Gupta,Mumbai,Maharashtra,2023-10-26
487,Diya Gupta,Coimbatore,Tamil Nadu,2021-06-17
488,Arjun Reddy,Mumbai,Maharashtra,2026-03-22
489,Vivaan Nair,Patna,Bihar,2021-10-09
490,Karan Dutta,Silchar,Assam,2023-08-26
491,Priya Saha,Bhubaneswar,Odisha,2023-08-19
492,Aarav Mehta,Mumbai,Maharashtra,2021-06-12
493,Riya Saha,New Delhi,Delhi,2021-11-03
494,Pooja Nair,Howrah,West Bengal,2021-08-16
495,Vivaan Gupta,Bengaluru,Karnataka,2021-09-07
496,Aditi Ghosh,Hyderabad,Telangana,2025-06-14
497,Akash Choudhury,Mumbai,Maharashtra,2025-09-10
498,Jyoti Jain,Surat,Gujarat,2021-02-03
499,Reyansh Nair,Ahmedabad,Gujarat,2025-01-11
500,Diya Gupta,Hyderabad,Telangana,2024-06-13
501,Nikhil Singh,Ahmedabad,Gujarat,2022-01-19
502,Aditya Jain,Howrah,West Bengal,2023-01-09
503,Kavya Yadav,Ahmedabad,Gujarat,2025-05-30
504,Sneha Verma,Mumbai,Maharashtra,2025-11-24
505,Rohan Sharma,Jaipur,Rajasthan,2023-02-04
506,Diya Gupta,Chennai,Tamil Nadu,2021-05-19
507,Arjun Mishra,Gurugram,Haryana,2024-07-10
508,Reyansh Verma,Gurugram,Haryana,2022-11-12
509,Deepak Bora,Chennai,Tamil Nadu,2022-11-25
510,Priya Choudhury,Bhopal,Madhya Pradesh,2024-11-03
511,Reyansh Singh,Jaipur,Rajasthan,2025-07-20
512,Priya Verma,Gurugram,Haryana,2026-04-17
513,Sanjay Patel,Bengaluru,Karnataka,2021-03-31
514,Vikram Nair,Guwahati,Assam,2022-10-09
515,Riya Choudhury,Howrah,West Bengal,2025-07-28
516,Jyoti Patel,Bengaluru,Karnataka,2025-03-23
517,Pooja Verma,Bengaluru,Karnataka,2025-11-01
518,Rohan Das,Indore,Madhya Pradesh,2022-11-11
519,Akash Kumar,Ranchi,Jharkhand,2023-06-14
520,Isha Reddy,Chandigarh,Chandigarh,2026-01-07
521,Karan Choudhury,Kochi,Kerala,2023-10-14
522,Kavya Mehta,Chennai,Tamil Nadu,2025-06-21
523,Meera Singh,Ranchi,Jharkhand,2025-01-29
524,Sai Yadav,Hyderabad,Telangana,2025-08-12
525,Aditya Reddy,Bengaluru,Karnataka,2021-07-30
526,Priya Saha,Lucknow,Uttar Pradesh,2022-09-20
527,Karan Ghosh,Gurugram,Haryana,2021-12-08
528,Manish Iyer,Chennai,Tamil Nadu,2021-03-28
529,Rohan Verma,Jaipur,Rajasthan,2023-06-10
530,Isha Iyer,Pune,Maharashtra,2024-07-29
531,Nikhil Bora,Kolkata,West Bengal,2025-03-16
532,Ritu Saha,Kochi,Kerala,2021-10-20
533,Vivaan Dutta,Noida,Uttar Pradesh,2023-06-17
534,Jyoti Iyer,Mumbai,Maharashtra,2025-05-14
535,Neha Verma,Chennai,Tamil Nadu,2026-04-29
536,Priya Iyer,Jaipur,Rajasthan,2024-10-22
537,Aditya Mishra,Chennai,Tamil Nadu,2025-04-12
538,Isha Reddy,Nagpur,Maharashtra,2023-01-22
539,Arjun Sharma,Lucknow,Uttar Pradesh,2022-05-27
540,Kavya Kumar,Gurugram,Haryana,2023-10-20
541,Rohan Mehta,Silchar,Assam,2021-08-30
542,Aditi Nair,Gurugram,Haryana,2022-03-16
543,Krishna Das,Noida,Uttar Pradesh,2023-10-03
544,Priya Bora,Nagpur,Maharashtra,2021-06-01
545,Aditya Reddy,Guwahati,Assam,2023-07-01
546,Aditya Yadav,Lucknow,Uttar Pradesh,2024-12-24
547,Rahul Bora,Ahmedabad,Gujarat,2025-12-31
548,Karan Bora,Gurugram,Haryana,2026-03-15
549,Ishaan Das,Patna,Bihar,2023-11-08
550,Reyansh Gupta,Thiruvananthapuram,Kerala,2025-06-11
551,Diya Yadav,Patna,Bihar,2021-02-23
552,Sanjay Yadav,Ahmedabad,Gujarat,2023-08-16
553,Aditya Singh,Nagpur,Maharashtra,2025-12-16
554,Manish Choudhury,Mysuru,Karnataka,2025-01-08
555,Meera Mishra,Howrah,West Bengal,2025-04-25
556,Ananya Singh,Pune,Maharashtra,2026-06-15
557,Kavya Iyer,Hyderabad,Telangana,2024-10-24
558,Pooja Yadav,Nagpur,Maharashtra,2025-08-25
559,Pooja Dutta,Lucknow,Uttar Pradesh,2022-01-08
560,Ritu Verma,Hyderabad,Telangana,2026-02-09
561,Reyansh Nair,Bhopal,Madhya Pradesh,2023-11-28
562,Vikram Gupta,Delhi,Delhi,2022-10-23
563,Kavya Nair,Chennai,Tamil Nadu,2026-04-11
564,Krishna Yadav,Bhopal,Madhya Pradesh,2022-05-29
565,Rahul Saha,Bengaluru,Karnataka,2024-07-04
566,Jyoti Bora,Howrah,West Bengal,2023-10-27
567,Reyansh Bora,Surat,Gujarat,2024-04-04
568,Akash Saha,Lucknow,Uttar Pradesh,2025-01-15
569,Neha Verma,Chennai,Tamil Nadu,2026-03-08
570,Aditya Verma,Bhopal,Madhya Pradesh,2021-02-28
571,Neha Mehta,Kochi,Kerala,2025-04-29
572,Neha Roy,Lucknow,Uttar Pradesh,2025-04-20
573,Sneha Yadav,Jaipur,Rajasthan,2021-03-04
574,Rahul Choudhury,Bengaluru,Karnataka,2026-05-14
575,Nikhil Kumar,Bengaluru,Karnataka,2025-07-12
576,Karan Verma,Bengaluru,Karnataka,2021-05-30
577,Sneha Ghosh,Delhi,Delhi,2023-05-02
578,Reyansh Reddy,New Delhi,Delhi,2024-05-27
579,Manish Iyer,Indore,Madhya Pradesh,2022-10-16
580,Pooja Iyer,Kochi,Kerala,2021-09-25
581,Ananya Gupta,Howrah,West Bengal,2021-08-06
582,Priya Gupta,Kolkata,West Bengal,2022-07-02
583,Rahul Kumar,Delhi,Delhi,2021-04-14
584,Ishaan Bora,Indore,Madhya Pradesh,2023-05-07
585,Neha Reddy,Ranchi,Jharkhand,2026-03-28
586,Sneha Jain,Delhi,Delhi,2021-11-23
587,Rahul Choudhury,Kolkata,West Bengal,2025-12-06
588,Isha Jain,Mumbai,Maharashtra,2026-04-20
589,Krishna Mishra,Hyderabad,Telangana,2022-05-09
590,Rahul Choudhury,Chennai,Tamil Nadu,2021-04-14
591,Jyoti Choudhury,Surat,Gujarat,2025-09-23
592,Ritu Das,Bengaluru,Karnataka,2021-01-17
593,Rohan Iyer,Hyderabad,Telangana,2025-12-13
594,Vivaan Kumar,Bhubaneswar,Odisha,2023-01-20
595,Krishna Iyer,Mumbai,Maharashtra,2024-02-25
596,Isha Jain,Ahmedabad,Gujarat,2021-05-31
597,Rohan Saha,Hyderabad,Telangana,2024-02-01
598,Reyansh Das,Noida,Uttar Pradesh,2021-09-01
599,Ananya Yadav,Coimbatore,Tamil Nadu,2025-06-16
600,Reyansh Patel,Shillong,Meghalaya,2025-03-27
601,Kavya Verma,Surat,Gujarat,2023-04-03
602,Karan Reddy,Mumbai,Maharashtra,2021-10-08
603,Priya Dutta,Ranchi,Jharkhand,2023-11-30
604,Reyansh Reddy,Jaipur,Rajasthan,2023-11-22
605,Sai Kumar,Dibrugarh,Assam,2022-10-15
606,Deepak Nair,Thiruvananthapuram,Kerala,2025-02-23
607,Deepak Jain,Surat,Gujarat,2023-11-05
608,Neha Nair,Howrah,West Bengal,2024-12-22
609,Diya Reddy,Kolkata,West Bengal,2021-02-04
610,Meera Mishra,Noida,Uttar Pradesh,2026-06-30
611,Manish Sharma,Mysuru,Karnataka,2026-01-15
612,Jyoti Mishra,Surat,Gujarat,2022-06-28
613,Vivaan Mishra,Surat,Gujarat,2025-01-17
614,Jyoti Saha,Kolkata,West Bengal,2023-12-10
615,Reyansh Gupta,Patna,Bihar,2023-02-18
616,Karan Das,Mumbai,Maharashtra,2026-04-26
617,Ananya Roy,Delhi,Delhi,2023-06-23
618,Krishna Roy,Delhi,Delhi,2024-11-15
619,Vikram Choudhury,Kolkata,West Bengal,2024-06-06
620,Manish Verma,Indore,Madhya Pradesh,2025-02-15
621,Krishna Yadav,Gurugram,Haryana,2023-11-29
622,Sneha Jain,Mysuru,Karnataka,2024-09-18
623,Sai Ghosh,Chennai,Tamil Nadu,2026-05-14
624,Riya Iyer,Silchar,Assam,2022-12-03
625,Manish Mehta,Noida,Uttar Pradesh,2025-11-12
626,Ishaan Mehta,Jaipur,Rajasthan,2022-01-29
627,Rahul Nair,Ahmedabad,Gujarat,2022-04-06
628,Karan Choudhury,Gurugram,Haryana,2024-11-14
629,Riya Mehta,Mysuru,Karnataka,2022-12-16
630,Nikhil Yadav,Bengaluru,Karnataka,2024-03-20
631,Deepak Iyer,Chennai,Tamil Nadu,2023-03-20
632,Reyansh Nair,Kochi,Kerala,2025-07-06
633,Karan Singh,Mumbai,Maharashtra,2026-05-11
634,Jyoti Mehta,Chennai,Tamil Nadu,2023-06-25
635,Krishna Yadav,Chandigarh,Chandigarh,2022-03-15
636,Karan Mehta,Bengaluru,Karnataka,2024-02-26
637,Manish Mishra,Nagpur,Maharashtra,2024-06-14
638,Nikhil Jain,Bengaluru,Karnataka,2021-04-14
639,Vivaan Das,New Delhi,Delhi,2022-04-22
640,Sneha Das,Hyderabad,Telangana,2025-01-09
641,Aarav Yadav,Noida,Uttar Pradesh,2021-10-09
642,Meera Choudhury,Kochi,Kerala,2021-11-20
643,Pooja Nair,Kolkata,West Bengal,2022-02-13
644,Vivaan Singh,Mysuru,Karnataka,2024-08-15
645,Riya Verma,Lucknow,Uttar Pradesh,2022-04-21
646,Meera Bora,Silchar,Assam,2021-12-25
647,Deepak Kumar,Dibrugarh,Assam,2021-03-16
648,Vikram Nair,Patna,Bihar,2022-01-17
649,Rahul Mishra,Indore,Madhya Pradesh,2021-01-19
650,Ananya Nair,Surat,Gujarat,2026-03-17
651,Riya Jain,Hyderabad,Telangana,2024-08-06
652,Reyansh Jain,Kolkata,West Bengal,2026-04-07
653,Sanjay Das,Kolkata,West Bengal,2022-01-30
654,Priya Mehta,Chennai,Tamil Nadu,2025-02-06
655,Manish Reddy,Gurugram,Haryana,2021-01-29
656,Nikhil Patel,Patna,Bihar,2024-03-08
657,Jyoti Kumar,Delhi,Delhi,2025-10-20
658,Ananya Singh,Bhopal,Madhya Pradesh,2023-11-22
659,Sai Dutta,Coimbatore,Tamil Nadu,2021-07-15
660,Ishaan Sharma,Kolkata,West Bengal,2026-04-01
661,Priya Mehta,Bengaluru,Karnataka,2022-04-28
662,Neha Mishra,Kochi,Kerala,2022-09-11
663,Diya Gupta,Mumbai,Maharashtra,2024-08-31
664,Priya Nair,Mumbai,Maharashtra,2021-08-31
665,Kavya Nair,Delhi,Delhi,2024-11-06
666,Vikram Nair,Noida,Uttar Pradesh,2024-08-01
667,Ishaan Dutta,Chennai,Tamil Nadu,2022-03-29
668,Manish Saha,Kolkata,West Bengal,2023-07-21
669,Riya Choudhury,Chennai,Tamil Nadu,2024-12-08
670,Nikhil Patel,Bhubaneswar,Odisha,2025-07-01
671,Pooja Saha,Bhubaneswar,Odisha,2024-10-25
672,Kavya Ghosh,Indore,Madhya Pradesh,2021-06-17
673,Aditya Mishra,Howrah,West Bengal,2023-01-11
674,Riya Jain,Pune,Maharashtra,2025-08-25
675,Reyansh Bora,New Delhi,Delhi,2024-01-05
676,Priya Das,Chennai,Tamil Nadu,2023-12-02
677,Neha Choudhury,Noida,Uttar Pradesh,2025-01-08
678,Priya Verma,Pune,Maharashtra,2023-11-12
679,Meera Ghosh,Hyderabad,Telangana,2023-11-18
680,Priya Nair,Ahmedabad,Gujarat,2024-02-19
681,Rohan Sharma,Gurugram,Haryana,2023-03-22
682,Aditya Verma,Chandigarh,Chandigarh,2024-03-30
683,Aditya Yadav,Hyderabad,Telangana,2024-12-05
684,Akash Singh,Thiruvananthapuram,Kerala,2026-03-30
685,Vivaan Nair,Thiruvananthapuram,Kerala,2023-08-25
686,Reyansh Roy,Hyderabad,Telangana,2025-04-24
687,Isha Ghosh,Chennai,Tamil Nadu,2025-12-31
688,Isha Kumar,Indore,Madhya Pradesh,2026-02-01
689,Nikhil Yadav,Pune,Maharashtra,2026-05-29
690,Diya Das,Nagpur,Maharashtra,2025-10-28
691,Isha Jain,Delhi,Delhi,2024-01-06
692,Ishaan Sharma,Nagpur,Maharashtra,2026-06-28
693,Rahul Ghosh,Bhubaneswar,Odisha,2026-06-27
694,Meera Yadav,Lucknow,Uttar Pradesh,2024-01-21
695,Ishaan Ghosh,Chennai,Tamil Nadu,2022-04-16
696,Krishna Das,Chennai,Tamil Nadu,2022-07-19
697,Meera Saha,Mumbai,Maharashtra,2024-09-14
698,Akash Sharma,Bhubaneswar,Odisha,2025-12-15
699,Arjun Saha,Bengaluru,Karnataka,2021-05-18
700,Nikhil Verma,Mumbai,Maharashtra,2024-05-09
701,Isha Ghosh,Bengaluru,Karnataka,2021-04-01
702,Pooja Verma,New Delhi,Delhi,2022-03-21
703,Ishaan Mishra,Delhi,Delhi,2022-08-16
704,Pooja Reddy,Mysuru,Karnataka,2024-05-09
705,Reyansh Jain,Bengaluru,Karnataka,2025-11-30
706,Rohan Verma,New Delhi,Delhi,2022-09-08
707,Akash Bora,Ahmedabad,Gujarat,2024-04-26
708,Riya Choudhury,Jaipur,Rajasthan,2023-05-25
709,Jyoti Kumar,Mumbai,Maharashtra,2022-12-07
710,Karan Roy,Patna,Bihar,2022-10-15
711,Isha Bora,Hyderabad,Telangana,2022-09-07
712,Ishaan Gupta,Bhubaneswar,Odisha,2023-08-28
713,Reyansh Ghosh,Bengaluru,Karnataka,2024-12-20
714,Meera Roy,Silchar,Assam,2024-02-26
715,Isha Gupta,Ahmedabad,Gujarat,2021-10-02
716,Jyoti Singh,Bengaluru,Karnataka,2022-11-08
717,Diya Singh,Silchar,Assam,2025-10-01
718,Krishna Verma,Ahmedabad,Gujarat,2025-08-26
719,Aditi Saha,Bengaluru,Karnataka,2024-10-11
720,Krishna Mishra,Mumbai,Maharashtra,2021-05-30
721,Krishna Choudhury,Gurugram,Haryana,2024-02-19
722,Ananya Nair,New Delhi,Delhi,2026-02-01
723,Krishna Patel,Kochi,Kerala,2021-02-01
724,Manish Choudhury,Kochi,Kerala,2021-08-29
725,Aditi Patel,Silchar,Assam,2024-11-25
726,Riya Reddy,Coimbatore,Tamil Nadu,2022-05-06
727,Priya Yadav,Patna,Bihar,2023-02-19
728,Rohan Iyer,Lucknow,Uttar Pradesh,2022-09-24
729,Priya Das,Kolkata,West Bengal,2023-10-16
730,Sneha Reddy,Ranchi,Jharkhand,2025-01-19
731,Ananya Roy,Silchar,Assam,2023-01-30
732,Ishaan Dutta,Mumbai,Maharashtra,2025-11-05
733,Vikram Mishra,Mumbai,Maharashtra,2024-02-08
734,Rahul Dutta,Surat,Gujarat,2023-05-06
735,Isha Mishra,Delhi,Delhi,2022-04-17
736,Riya Reddy,Bhopal,Madhya Pradesh,2023-10-20
737,Sneha Choudhury,Bengaluru,Karnataka,2025-08-10
738,Sanjay Iyer,Kolkata,West Bengal,2025-02-09
739,Riya Choudhury,Delhi,Delhi,2025-01-15
740,Riya Verma,Delhi,Delhi,2025-12-27
741,Ritu Singh,Howrah,West Bengal,2025-09-15
742,Vivaan Sharma,Kochi,Kerala,2024-09-30
743,Jyoti Gupta,Hyderabad,Telangana,2025-09-22
744,Aarav Patel,Mumbai,Maharashtra,2021-11-06
745,Vivaan Saha,Kolkata,West Bengal,2023-02-04
746,Aditi Choudhury,Jaipur,Rajasthan,2026-03-28
747,Aarav Yadav,Lucknow,Uttar Pradesh,2021-02-02
748,Aarav Jain,Ahmedabad,Gujarat,2021-01-25
749,Rahul Sharma,Gurugram,Haryana,2024-01-03
750,Nikhil Roy,Kolkata,West Bengal,2024-11-30
751,Sai Das,Ranchi,Jharkhand,2026-02-07
752,Reyansh Gupta,Silchar,Assam,2023-12-10
753,Rohan Iyer,Delhi,Delhi,2023-12-15
754,Aditya Iyer,Bengaluru,Karnataka,2023-03-24
755,Neha Gupta,Kochi,Kerala,2023-07-30
756,Rahul Singh,Thiruvananthapuram,Kerala,2022-04-08
757,Jyoti Verma,Lucknow,Uttar Pradesh,2025-10-24
758,Isha Yadav,Pune,Maharashtra,2023-02-16
759,Aarav Bora,Kolkata,West Bengal,2024-07-28
760,Meera Reddy,Pune,Maharashtra,2025-09-28
761,Arjun Jain,Ahmedabad,Gujarat,2025-10-24
762,Krishna Mishra,Silchar,Assam,2022-04-16
763,Vikram Singh,Kolkata,West Bengal,2021-04-06
764,Akash Yadav,Noida,Uttar Pradesh,2022-07-29
765,Sai Reddy,Ahmedabad,Gujarat,2021-03-09
766,Neha Dutta,Mumbai,Maharashtra,2022-03-01
767,Deepak Kumar,Bhubaneswar,Odisha,2024-12-30
768,Sai Mishra,Dibrugarh,Assam,2022-09-05
769,Ritu Kumar,Bengaluru,Karnataka,2025-09-06
770,Ananya Kumar,Noida,Uttar Pradesh,2024-01-13
771,Sanjay Singh,Bhubaneswar,Odisha,2021-10-14
772,Diya Verma,Kolkata,West Bengal,2026-06-19
773,Deepak Singh,Pune,Maharashtra,2022-04-21
774,Aditi Saha,Chennai,Tamil Nadu,2025-04-24
775,Ananya Sharma,Coimbatore,Tamil Nadu,2025-05-04
776,Priya Choudhury,Jaipur,Rajasthan,2025-05-24
777,Isha Roy,New Delhi,Delhi,2024-02-07
778,Nikhil Kumar,Delhi,Delhi,2024-04-14
779,Rahul Gupta,Pune,Maharashtra,2024-06-20
780,Rohan Dutta,Gurugram,Haryana,2021-06-18
781,Jyoti Dutta,Chennai,Tamil Nadu,2025-05-25
782,Diya Das,Chandigarh,Chandigarh,2022-10-11
783,Rahul Ghosh,Pune,Maharashtra,2026-04-16
784,Arjun Dutta,Chennai,Tamil Nadu,2022-07-07
785,Priya Yadav,Pune,Maharashtra,2023-06-02
786,Arjun Sharma,Ahmedabad,Gujarat,2023-04-16
787,Aditya Saha,Pune,Maharashtra,2024-02-10
788,Ritu Kumar,Surat,Gujarat,2022-10-27
789,Isha Singh,Mumbai,Maharashtra,2023-04-28
790,Akash Gupta,Gurugram,Haryana,2024-02-20
791,Nikhil Kumar,Ahmedabad,Gujarat,2021-12-14
792,Rahul Mehta,Delhi,Delhi,2022-07-05
793,Sai Roy,Kolkata,West Bengal,2021-05-10
794,Sneha Singh,Bengaluru,Karnataka,2022-09-06
795,Ishaan Choudhury,Chennai,Tamil Nadu,2026-04-18
796,Priya Das,Surat,Gujarat,2022-02-05
797,Isha Reddy,Nagpur,Maharashtra,2021-01-14
798,Sanjay Reddy,Bhopal,Madhya Pradesh,2023-02-18
799,Deepak Saha,Hyderabad,Telangana,2023-06-01
800,Aditi Patel,Nagpur,Maharashtra,2022-10-19
801,Isha Reddy,Kolkata,West Bengal,2021-12-30
802,Jyoti Choudhury,Bengaluru,Karnataka,2024-11-24
803,Ishaan Reddy,Kochi,Kerala,2025-05-21
804,Sanjay Kumar,Chennai,Tamil Nadu,2025-07-31
805,Neha Patel,Chennai,Tamil Nadu,2026-03-24
806,Sai Yadav,Surat,Gujarat,2024-01-23
807,Priya Patel,Mumbai,Maharashtra,2025-01-29
808,Deepak Singh,Hyderabad,Telangana,2022-08-20
809,Sanjay Roy,Ranchi,Jharkhand,2025-06-18
810,Jyoti Nair,Lucknow,Uttar Pradesh,2021-10-13
811,Reyansh Roy,Bengaluru,Karnataka,2024-09-10
812,Priya Saha,Patna,Bihar,2021-06-01
813,Riya Jain,Kolkata,West Bengal,2023-04-01
814,Karan Roy,Silchar,Assam,2025-11-17
815,Diya Yadav,Ahmedabad,Gujarat,2025-06-08
816,Aditya Das,Surat,Gujarat,2026-02-16
817,Nikhil Iyer,Bhubaneswar,Odisha,2024-09-08
818,Vivaan Mishra,Delhi,Delhi,2024-06-08
819,Jyoti Kumar,Thiruvananthapuram,Kerala,2024-10-19
820,Sanjay Roy,Kochi,Kerala,2022-11-11
821,Rohan Gupta,Pune,Maharashtra,2021-07-21
822,Riya Mishra,Kolkata,West Bengal,2023-11-29
823,Priya Iyer,Noida,Uttar Pradesh,2022-03-29
824,Nikhil Mishra,Coimbatore,Tamil Nadu,2025-05-01
825,Diya Sharma,Noida,Uttar Pradesh,2021-11-05
826,Meera Singh,Kolkata,West Bengal,2022-08-29
827,Manish Dutta,Pune,Maharashtra,2026-04-11
828,Priya Patel,Chennai,Tamil Nadu,2022-12-04
829,Sneha Das,Howrah,West Bengal,2022-12-15
830,Priya Reddy,Hyderabad,Telangana,2024-11-27
831,Sanjay Das,Mumbai,Maharashtra,2021-04-02
832,Jyoti Das,Mumbai,Maharashtra,2022-12-04
833,Vikram Gupta,Noida,Uttar Pradesh,2021-12-03
834,Sai Reddy,Howrah,West Bengal,2024-02-05
835,Priya Gupta,Ahmedabad,Gujarat,2026-05-17
836,Sai Bora,Patna,Bihar,2024-07-13
837,Isha Sharma,Lucknow,Uttar Pradesh,2023-06-05
838,Krishna Ghosh,Chandigarh,Chandigarh,2025-12-14
839,Aarav Patel,Surat,Gujarat,2023-03-08
840,Karan Singh,New Delhi,Delhi,2025-03-21
841,Ritu Yadav,Surat,Gujarat,2025-06-26
842,Krishna Ghosh,Delhi,Delhi,2022-10-30
843,Ritu Choudhury,Pune,Maharashtra,2024-10-05
844,Ananya Saha,Howrah,West Bengal,2024-08-01
845,Neha Das,Coimbatore,Tamil Nadu,2023-03-15
846,Priya Saha,Chennai,Tamil Nadu,2025-09-28
847,Karan Nair,Delhi,Delhi,2024-10-11
848,Aditya Dutta,Silchar,Assam,2024-04-23
849,Rahul Das,Mysuru,Karnataka,2022-05-04
850,Reyansh Jain,Delhi,Delhi,2024-11-21
851,Reyansh Mishra,Coimbatore,Tamil Nadu,2024-05-06
852,Sneha Yadav,Coimbatore,Tamil Nadu,2022-01-16
853,Vikram Bora,Noida,Uttar Pradesh,2024-08-14
854,Rahul Dutta,Ahmedabad,Gujarat,2023-09-30
855,Priya Saha,Delhi,Delhi,2025-09-21
856,Aarav Choudhury,Mumbai,Maharashtra,2023-01-06
857,Isha Yadav,Nagpur,Maharashtra,2025-07-28
858,Meera Choudhury,Kolkata,West Bengal,2023-10-11
859,Priya Choudhury,Hyderabad,Telangana,2025-09-17
860,Aarav Gupta,Delhi,Delhi,2024-03-03
861,Ishaan Yadav,Bengaluru,Karnataka,2022-07-17
862,Priya Mishra,Bengaluru,Karnataka,2025-05-18
863,Sneha Yadav,Chandigarh,Chandigarh,2025-04-18
864,Arjun Mehta,Kolkata,West Bengal,2024-03-18
865,Diya Yadav,Patna,Bihar,2025-08-14
866,Pooja Ghosh,Bhopal,Madhya Pradesh,2021-03-27
867,Arjun Gupta,Ahmedabad,Gujarat,2023-05-21
868,Priya Mehta,Bengaluru,Karnataka,2021-03-08
869,Aditya Ghosh,Chennai,Tamil Nadu,2025-07-31
870,Pooja Gupta,Indore,Madhya Pradesh,2021-08-29
871,Neha Iyer,New Delhi,Delhi,2025-02-19
872,Jyoti Roy,Indore,Madhya Pradesh,2024-06-03
873,Sanjay Patel,Delhi,Delhi,2021-10-13
874,Vivaan Mishra,Ranchi,Jharkhand,2025-07-08
875,Aditi Yadav,Chennai,Tamil Nadu,2022-07-30
876,Karan Nair,Delhi,Delhi,2026-06-28
877,Ritu Jain,Bengaluru,Karnataka,2022-07-02
878,Deepak Das,Thiruvananthapuram,Kerala,2024-10-23
879,Sanjay Roy,Nagpur,Maharashtra,2025-03-17
880,Ritu Dutta,Silchar,Assam,2022-07-22
881,Ishaan Dutta,Gurugram,Haryana,2021-09-29
882,Ishaan Kumar,Gurugram,Haryana,2025-08-24
883,Jyoti Mehta,Kolkata,West Bengal,2024-03-28
884,Priya Singh,Jaipur,Rajasthan,2023-02-08
885,Pooja Singh,Jaipur,Rajasthan,2025-12-08
886,Rohan Iyer,Hyderabad,Telangana,2025-03-16
887,Ananya Mishra,Hyderabad,Telangana,2023-09-27
888,Ritu Singh,Mumbai,Maharashtra,2025-05-05
889,Jyoti Iyer,Gurugram,Haryana,2023-07-28
890,Riya Kumar,Indore,Madhya Pradesh,2025-06-18
891,Deepak Patel,New Delhi,Delhi,2023-05-30
892,Deepak Nair,Kolkata,West Bengal,2022-10-24
893,Reyansh Mishra,Chennai,Tamil Nadu,2024-03-29
894,Ananya Verma,Indore,Madhya Pradesh,2025-06-03
895,Sanjay Ghosh,Mumbai,Maharashtra,2024-07-06
896,Ritu Bora,Mumbai,Maharashtra,2026-03-19
897,Meera Patel,Hyderabad,Telangana,2021-01-02
898,Reyansh Nair,Thiruvananthapuram,Kerala,2026-02-06
899,Akash Mehta,Delhi,Delhi,2026-03-26
900,Rohan Singh,Pune,Maharashtra,2023-01-09
901,Jyoti Bora,Chennai,Tamil Nadu,2026-01-25
902,Rahul Gupta,Mumbai,Maharashtra,2024-07-05
903,Karan Das,Hyderabad,Telangana,2021-07-06
904,Aditya Dutta,Mumbai,Maharashtra,2023-09-04
905,Nikhil Ghosh,Surat,Gujarat,2023-11-30
906,Ananya Das,Mumbai,Maharashtra,2024-11-25
907,Karan Dutta,Thiruvananthapuram,Kerala,2023-05-15
908,Isha Singh,Kolkata,West Bengal,2022-04-14
909,Arjun Reddy,Gurugram,Haryana,2021-07-29
910,Reyansh Kumar,Chennai,Tamil Nadu,2022-09-05
911,Ritu Dutta,Patna,Bihar,2025-03-23
912,Reyansh Singh,Lucknow,Uttar Pradesh,2024-10-18
913,Aditi Bora,Howrah,West Bengal,2021-01-18
914,Krishna Dutta,Hyderabad,Telangana,2025-01-19
915,Nikhil Ghosh,Silchar,Assam,2024-06-15
916,Akash Das,Indore,Madhya Pradesh,2021-06-27
917,Neha Kumar,Delhi,Delhi,2021-09-10
918,Ananya Dutta,Chennai,Tamil Nadu,2023-05-30
919,Aditya Gupta,Bengaluru,Karnataka,2024-08-13
920,Manish Saha,Ahmedabad,Gujarat,2024-05-13
921,Karan Sharma,Bengaluru,Karnataka,2026-04-12
922,Akash Nair,Indore,Madhya Pradesh,2024-09-10
923,Kavya Patel,New Delhi,Delhi,2024-05-27
924,Jyoti Verma,Chandigarh,Chandigarh,2022-08-29
925,Ishaan Choudhury,Patna,Bihar,2025-06-14
926,Sneha Saha,Coimbatore,Tamil Nadu,2022-05-09
927,Aarav Iyer,Pune,Maharashtra,2025-12-26
928,Isha Mishra,Dibrugarh,Assam,2021-09-28
929,Nikhil Bora,Hyderabad,Telangana,2024-01-24
930,Pooja Singh,Bhubaneswar,Odisha,2026-05-09
931,Aarav Mehta,Mumbai,Maharashtra,2021-05-19
932,Vivaan Kumar,New Delhi,Delhi,2026-03-05
933,Karan Jain,Kolkata,West Bengal,2024-07-11
934,Karan Kumar,Bhubaneswar,Odisha,2023-05-18
935,Riya Saha,Pune,Maharashtra,2024-01-04
936,Rahul Singh,Delhi,Delhi,2021-06-21
937,Sanjay Dutta,Kolkata,West Bengal,2022-02-21
938,Neha Singh,Ahmedabad,Gujarat,2023-03-12
939,Manish Gupta,Mysuru,Karnataka,2023-06-15
940,Vikram Roy,Mumbai,Maharashtra,2021-06-26
941,Aditi Verma,Pune,Maharashtra,2024-06-07
942,Nikhil Bora,Mysuru,Karnataka,2025-02-27
943,Reyansh Sharma,Nagpur,Maharashtra,2024-12-20
944,Diya Jain,Delhi,Delhi,2026-05-06
945,Manish Mehta,Howrah,West Bengal,2025-08-12
946,Manish Mehta,Delhi,Delhi,2021-09-17
947,Pooja Sharma,Gurugram,Haryana,2021-08-30
948,Rohan Jain,Chennai,Tamil Nadu,2023-05-30
949,Neha Singh,Mumbai,Maharashtra,2024-12-29
950,Diya Verma,Kolkata,West Bengal,2023-11-13
951,Sai Iyer,Kolkata,West Bengal,2024-03-06
952,Arjun Mishra,Delhi,Delhi,2025-05-03
953,Ishaan Jain,Noida,Uttar Pradesh,2021-08-25
954,Ritu Sharma,Mumbai,Maharashtra,2025-10-25
955,Diya Kumar,Bengaluru,Karnataka,2023-08-25
956,Vikram Verma,Silchar,Assam,2022-01-02
957,Karan Roy,Ahmedabad,Gujarat,2026-02-15
958,Meera Reddy,New Delhi,Delhi,2022-05-24
959,Neha Iyer,Bengaluru,Karnataka,2021-06-09
960,Akash Verma,Nagpur,Maharashtra,2024-10-10
961,Kavya Verma,Delhi,Delhi,2025-07-06
962,Akash Ghosh,Kochi,Kerala,2021-05-22
963,Ritu Nair,Indore,Madhya Pradesh,2025-05-04
964,Priya Sharma,Chennai,Tamil Nadu,2024-02-07
965,Neha Nair,Chennai,Tamil Nadu,2022-08-21
966,Priya Iyer,Chandigarh,Chandigarh,2022-05-12
967,Pooja Patel,Surat,Gujarat,2023-10-08
968,Pooja Gupta,Gurugram,Haryana,2024-01-25
969,Meera Sharma,Delhi,Delhi,2026-03-25
970,Jyoti Sharma,New Delhi,Delhi,2022-12-11
971,Pooja Kumar,Kochi,Kerala,2021-01-03
972,Rahul Das,Indore,Madhya Pradesh,2025-01-29
973,Meera Choudhury,New Delhi,Delhi,2022-05-03
974,Reyansh Mehta,Kochi,Kerala,2026-06-15
975,Ishaan Jain,Pune,Maharashtra,2026-03-02
976,Diya Ghosh,Hyderabad,Telangana,2026-01-09
977,Neha Das,Kochi,Kerala,2021-06-23
978,Deepak Kumar,Kolkata,West Bengal,2024-07-29
979,Vivaan Roy,Pune,Maharashtra,2024-03-08
980,Ishaan Nair,Lucknow,Uttar Pradesh,2021-09-25
981,Vikram Kumar,Bengaluru,Karnataka,2022-10-08
982,Ananya Reddy,Noida,Uttar Pradesh,2025-02-15
983,Aditya Patel,Hyderabad,Telangana,2022-04-24
984,Neha Das,Nagpur,Maharashtra,2025-04-27
985,Priya Ghosh,Delhi,Delhi,2021-12-03
986,Riya Iyer,Mysuru,Karnataka,2021-09-05
987,Priya Nair,Kochi,Kerala,2022-03-02
988,Arjun Singh,Kolkata,West Bengal,2025-10-12
989,Rahul Saha,Delhi,Delhi,2024-11-06
990,Ritu Reddy,Mumbai,Maharashtra,2025-09-08
991,Ishaan Iyer,Delhi,Delhi,2024-12-27
992,Nikhil Nair,Coimbatore,Tamil Nadu,2021-04-11
993,Aarav Kumar,Bengaluru,Karnataka,2021-12-23
994,Manish Yadav,Indore,Madhya Pradesh,2024-02-13
995,Arjun Dutta,Bengaluru,Karnataka,2023-08-05
996,Deepak Gupta,Nagpur,Maharashtra,2021-05-07
997,Isha Iyer,Nagpur,Maharashtra,2025-08-14
998,Jyoti Singh,Noida,Uttar Pradesh,2026-04-05
999,Vikram Singh,Surat,Gujarat,2022-06-15
1000,Krishna Ghosh,Mumbai,Maharashtra,2021-05-13
1001,Akash Reddy,Ranchi,Jharkhand,2021-07-08
1002,Priya Verma,Nagpur,Maharashtra,2026-04-14
1003,Meera Kumar,Delhi,Delhi,2024-03-21
1004,Nikhil Roy,Kolkata,West Bengal,2023-02-23
1005,Vikram Bora,Delhi,Delhi,2022-03-16
1006,Akash Dutta,Bengaluru,Karnataka,2023-07-03
1007,Aditi Gupta,Mumbai,Maharashtra,2024-06-22
1008,Meera Yadav,Lucknow,Uttar Pradesh,2023-10-19
1009,Rohan Kumar,Kolkata,West Bengal,2021-06-29
1010,Jyoti Jain,Nagpur,Maharashtra,2022-02-13
1011,Riya Sharma,Bengaluru,Karnataka,2025-07-01
1012,Karan Iyer,Thiruvananthapuram,Kerala,2025-05-21
1013,Sneha Iyer,Kolkata,West Bengal,2025-05-20
1014,Ananya Kumar,Silchar,Assam,2023-10-26
1015,Ananya Saha,Bengaluru,Karnataka,2021-02-23
1016,Sanjay Mehta,New Delhi,Delhi,2026-01-09
1017,Kavya Iyer,Mumbai,Maharashtra,2023-08-25
1018,Sai Das,Bhubaneswar,Odisha,2022-04-22
1019,Rohan Yadav,Bengaluru,Karnataka,2022-05-09
1020,Manish Verma,Ranchi,Jharkhand,2026-02-22
1021,Ishaan Mishra,Bhubaneswar,Odisha,2026-04-26
1022,Isha Iyer,Bhopal,Madhya Pradesh,2025-06-22
1023,Sai Bora,Dibrugarh,Assam,2025-09-28
1024,Sanjay Iyer,Bengaluru,Karnataka,2022-10-14
1025,Karan Iyer,Silchar,Assam,2021-02-27
1026,Reyansh Mishra,Kochi,Kerala,2024-02-29
1027,Sanjay Choudhury,Kochi,Kerala,2025-09-10
1028,Sneha Verma,Ahmedabad,Gujarat,2021-12-26
1029,Aditi Gupta,Pune,Maharashtra,2022-04-22
1030,Aarav Reddy,Mumbai,Maharashtra,2023-09-06
1031,Sanjay Dutta,Silchar,Assam,2022-02-17
1032,Vikram Reddy,Chennai,Tamil Nadu,2021-12-30
1033,Neha Dutta,Mumbai,Maharashtra,2021-10-30
1034,Kavya Iyer,Patna,Bihar,2025-09-30
1035,Karan Kumar,Kochi,Kerala,2023-02-05
1036,Rahul Reddy,Surat,Gujarat,2022-11-21
1037,Manish Roy,Nagpur,Maharashtra,2021-11-19
1038,Sneha Reddy,Patna,Bihar,2026-05-22
1039,Riya Saha,Delhi,Delhi,2026-06-07
1040,Nikhil Mishra,Patna,Bihar,2022-04-03
1041,Rahul Nair,Ranchi,Jharkhand,2023-02-14
1042,Aarav Mishra,Nagpur,Maharashtra,2025-02-01
1043,Neha Verma,Coimbatore,Tamil Nadu,2025-04-28
1044,Vikram Saha,Delhi,Delhi,2022-10-14
1045,Arjun Choudhury,New Delhi,Delhi,2024-03-04
1046,Aditya Gupta,Delhi,Delhi,2025-03-07
1047,Sai Singh,Chennai,Tamil Nadu,2022-10-17
1048,Jyoti Reddy,Bhopal,Madhya Pradesh,2024-10-04
1049,Krishna Gupta,Hyderabad,Telangana,2022-06-28
1050,Rohan Das,Noida,Uttar Pradesh,2022-12-19
1051,Isha Ghosh,Gurugram,Haryana,2021-04-09
1052,Sai Roy,Gurugram,Haryana,2026-06-08
1053,Diya Yadav,Kolkata,West Bengal,2023-02-15
1054,Sneha Mishra,Chennai,Tamil Nadu,2025-08-25
1055,Ishaan Bora,Lucknow,Uttar Pradesh,2024-11-08
1056,Ritu Verma,Hyderabad,Telangana,2025-06-25
1057,Rohan Das,Bengaluru,Karnataka,2022-10-15
1058,Akash Kumar,Pune,Maharashtra,2021-12-15
1059,Riya Singh,Delhi,Delhi,2021-06-03
1060,Akash Choudhury,Chennai,Tamil Nadu,2024-06-10
1061,Jyoti Bora,Gurugram,Haryana,2023-06-03
1062,Sai Verma,Jaipur,Rajasthan,2023-06-09
1063,Krishna Roy,Pune,Maharashtra,2022-02-25
1064,Vikram Yadav,Noida,Uttar Pradesh,2025-01-18
1065,Rahul Gupta,Bengaluru,Karnataka,2022-07-31
1066,Neha Yadav,Pune,Maharashtra,2023-03-16
1067,Vivaan Iyer,Bhopal,Madhya Pradesh,2021-11-11
1068,Rahul Saha,Mumbai,Maharashtra,2021-06-29
1069,Aarav Patel,Kolkata,West Bengal,2021-07-18
1070,Aditya Choudhury,Delhi,Delhi,2022-08-21
1071,Sanjay Kumar,Bhopal,Madhya Pradesh,2022-09-24
1072,Nikhil Mehta,Kolkata,West Bengal,2026-01-07
1073,Isha Bora,Pune,Maharashtra,2024-01-20
1074,Diya Bora,Chennai,Tamil Nadu,2023-02-21
1075,Priya Ghosh,Hyderabad,Telangana,2022-06-24
1076,Rohan Mishra,Bengaluru,Karnataka,2025-09-11
1077,Karan Das,Mumbai,Maharashtra,2025-03-21
1078,Sanjay Yadav,Pune,Maharashtra,2022-12-06
1079,Neha Gupta,Hyderabad,Telangana,2025-03-30
1080,Isha Jain,Ahmedabad,Gujarat,2025-09-18
1081,Nikhil Choudhury,Hyderabad,Telangana,2024-01-02
1082,Sneha Nair,Ahmedabad,Gujarat,2022-04-28
1083,Ritu Verma,Pune,Maharashtra,2026-01-23
1084,Kavya Mishra,Kolkata,West Bengal,2026-01-19
1085,Reyansh Das,Noida,Uttar Pradesh,2024-06-24
1086,Sai Bora,Kochi,Kerala,2023-07-09
1087,Krishna Dutta,Kochi,Kerala,2025-07-14
1088,Nikhil Roy,Mumbai,Maharashtra,2021-06-10
1089,Jyoti Dutta,New Delhi,Delhi,2025-08-12
1090,Ananya Singh,Bhopal,Madhya Pradesh,2022-06-13
1091,Isha Yadav,Pune,Maharashtra,2024-02-14
1092,Kavya Ghosh,Mysuru,Karnataka,2022-07-20
1093,Sanjay Saha,Silchar,Assam,2021-01-26
1094,Meera Das,Surat,Gujarat,2025-05-20
1095,Neha Mishra,Hyderabad,Telangana,2021-10-31
1096,Arjun Das,Surat,Gujarat,2026-05-30
1097,Sanjay Nair,Ahmedabad,Gujarat,2021-07-26
1098,Diya Roy,Indore,Madhya Pradesh,2025-12-08
1099,Sneha Mishra,Bengaluru,Karnataka,2024-09-03
1100,Sai Mehta,Jaipur,Rajasthan,2021-03-18
1101,Aditi Kumar,Hyderabad,Telangana,2024-06-20
1102,Akash Reddy,Mumbai,Maharashtra,2025-12-27
1103,Manish Choudhury,Noida,Uttar Pradesh,2021-04-11
1104,Diya Sharma,Silchar,Assam,2026-01-12
1105,Rahul Nair,Chennai,Tamil Nadu,2025-06-14
1106,Ritu Das,Bengaluru,Karnataka,2023-10-04
1107,Reyansh Nair,Kochi,Kerala,2022-04-12
1108,Pooja Reddy,Kochi,Kerala,2023-06-27
1109,Aditi Singh,Bengaluru,Karnataka,2023-05-04
1110,Vikram Roy,Delhi,Delhi,2022-03-09
1111,Kavya Iyer,Chandigarh,Chandigarh,2025-04-05
1112,Sanjay Bora,Bhopal,Madhya Pradesh,2023-11-22
1113,Kavya Kumar,Mumbai,Maharashtra,2024-12-24
1114,Kavya Mishra,Nagpur,Maharashtra,2025-10-10
1115,Akash Patel,Mumbai,Maharashtra,2022-01-30
1116,Vivaan Ghosh,Bhopal,Madhya Pradesh,2022-05-26
1117,Karan Patel,Mumbai,Maharashtra,2023-01-09
1118,Priya Jain,Bengaluru,Karnataka,2025-08-14
1119,Arjun Sharma,Coimbatore,Tamil Nadu,2026-03-06
1120,Aditi Ghosh,Bengaluru,Karnataka,2023-09-29
1121,Sneha Mishra,Delhi,Delhi,2025-11-18
1122,Sai Mehta,Ahmedabad,Gujarat,2022-12-07
1123,Aditya Nair,Chandigarh,Chandigarh,2024-11-11
1124,Sai Mishra,Mumbai,Maharashtra,2021-04-12
1125,Ritu Gupta,Patna,Bihar,2022-03-15
1126,Krishna Mehta,Lucknow,Uttar Pradesh,2024-10-19
1127,Aarav Sharma,Lucknow,Uttar Pradesh,2023-11-18
1128,Jyoti Bora,Kolkata,West Bengal,2021-09-28
1129,Ishaan Mehta,Surat,Gujarat,2021-01-18
1130,Rahul Mehta,Jaipur,Rajasthan,2026-04-16
1131,Ritu Iyer,Hyderabad,Telangana,2023-02-11
1132,Priya Nair,Kolkata,West Bengal,2022-03-23
1133,Aditi Kumar,Noida,Uttar Pradesh,2025-08-16
1134,Kavya Iyer,Surat,Gujarat,2021-01-16
1135,Aditi Nair,Ahmedabad,Gujarat,2024-05-01
1136,Sneha Singh,Bengaluru,Karnataka,2021-08-10
1137,Jyoti Reddy,Chennai,Tamil Nadu,2022-07-21
1138,Jyoti Nair,Indore,Madhya Pradesh,2022-06-19
1139,Pooja Gupta,Delhi,Delhi,2023-11-26
1140,Ritu Saha,Guwahati,Assam,2025-07-08
1141,Nikhil Dutta,Hyderabad,Telangana,2022-10-17
1142,Sneha Nair,Gurugram,Haryana,2024-09-04
1143,Isha Kumar,Bengaluru,Karnataka,2023-05-08
1144,Karan Mishra,Chandigarh,Chandigarh,2024-04-09
1145,Manish Gupta,Ranchi,Jharkhand,2022-12-04
1146,Sanjay Choudhury,Noida,Uttar Pradesh,2024-07-31
1147,Diya Jain,Guwahati,Assam,2024-10-07
1148,Deepak Yadav,Bengaluru,Karnataka,2021-12-15
1149,Sneha Dutta,Delhi,Delhi,2021-07-19
1150,Sanjay Yadav,Chandigarh,Chandigarh,2025-01-25
1151,Nikhil Reddy,Bhubaneswar,Odisha,2022-01-10
1152,Diya Gupta,Lucknow,Uttar Pradesh,2022-04-01
1153,Meera Reddy,Chandigarh,Chandigarh,2022-09-21
1154,Rahul Ghosh,Chennai,Tamil Nadu,2024-04-14
1155,Vivaan Mishra,Indore,Madhya Pradesh,2023-08-22
1156,Aditya Choudhury,Surat,Gujarat,2024-06-25
1157,Arjun Kumar,Guwahati,Assam,2023-10-22
1158,Vivaan Dutta,Howrah,West Bengal,2023-04-27
1159,Ananya Roy,Nagpur,Maharashtra,2022-02-15
1160,Vikram Ghosh,Thiruvananthapuram,Kerala,2026-01-03
1161,Karan Bora,Delhi,Delhi,2025-11-02
1162,Ananya Bora,Patna,Bihar,2023-09-26
1163,Aarav Ghosh,Mysuru,Karnataka,2021-04-29
1164,Pooja Bora,Bengaluru,Karnataka,2025-04-08
1165,Sneha Singh,Ahmedabad,Gujarat,2021-11-21
1166,Jyoti Roy,Nagpur,Maharashtra,2023-06-08
1167,Sneha Kumar,Hyderabad,Telangana,2026-05-31
1168,Krishna Iyer,Mumbai,Maharashtra,2023-12-30
1169,Ananya Jain,Kochi,Kerala,2026-01-01
1170,Aarav Gupta,Delhi,Delhi,2024-10-17
1171,Diya Nair,New Delhi,Delhi,2025-12-02
1172,Kavya Mishra,Nagpur,Maharashtra,2023-02-25
1173,Deepak Verma,Mysuru,Karnataka,2021-05-14
1174,Priya Jain,Bengaluru,Karnataka,2022-08-19
1175,Meera Dutta,Surat,Gujarat,2022-11-23
1176,Sneha Iyer,Chennai,Tamil Nadu,2026-01-21
1177,Vikram Kumar,Bhubaneswar,Odisha,2021-12-04
1178,Manish Dutta,Mumbai,Maharashtra,2022-04-05
1179,Neha Jain,New Delhi,Delhi,2021-02-14
1180,Karan Verma,Delhi,Delhi,2023-01-21
1181,Rohan Yadav,Chennai,Tamil Nadu,2024-08-04
1182,Vivaan Das,Jaipur,Rajasthan,2024-05-01
1183,Vivaan Das,Lucknow,Uttar Pradesh,2021-02-10
1184,Arjun Yadav,Hyderabad,Telangana,2023-02-18
1185,Reyansh Patel,Bengaluru,Karnataka,2024-12-08
1186,Aarav Nair,Noida,Uttar Pradesh,2024-07-14
1187,Nikhil Jain,Hyderabad,Telangana,2021-07-26
1188,Karan Dutta,Bengaluru,Karnataka,2024-05-25
1189,Arjun Jain,Hyderabad,Telangana,2026-01-15
1190,Rahul Das,Gurugram,Haryana,2021-08-30
1191,Krishna Saha,Patna,Bihar,2023-10-17
1192,Deepak Jain,Delhi,Delhi,2022-06-23
1193,Karan Roy,Kochi,Kerala,2023-01-04
1194,Riya Choudhury,Bengaluru,Karnataka,2021-03-22
1195,Vikram Choudhury,Silchar,Assam,2024-11-10
1196,Aarav Singh,Chennai,Tamil Nadu,2021-01-06
1197,Neha Choudhury,Guwahati,Assam,2025-09-07
1198,Pooja Jain,Delhi,Delhi,2021-07-04
1199,Arjun Mehta,Pune,Maharashtra,2025-01-21
1200,Rahul Mehta,Lucknow,Uttar Pradesh,2023-07-25
1201,Deepak Bora,Kolkata,West Bengal,2021-07-24
1202,Rahul Iyer,Indore,Madhya Pradesh,2025-10-12
1203,Meera Das,Ranchi,Jharkhand,2022-10-03
1204,Akash Verma,Pune,Maharashtra,2025-04-02
1205,Nikhil Bora,Mumbai,Maharashtra,2021-10-11
1206,Priya Saha,Chennai,Tamil Nadu,2026-01-06
1207,Aditya Iyer,Bengaluru,Karnataka,2025-02-10
1208,Arjun Kumar,Ranchi,Jharkhand,2022-01-10
1209,Rohan Kumar,Coimbatore,Tamil Nadu,2023-07-24
1210,Sanjay Roy,Noida,Uttar Pradesh,2023-09-07
1211,Sai Das,Lucknow,Uttar Pradesh,2025-06-21
1212,Vivaan Bora,Nagpur,Maharashtra,2025-01-27
1213,Neha Choudhury,Pune,Maharashtra,2026-02-10
1214,Priya Bora,Ranchi,Jharkhand,2024-10-21
1215,Diya Saha,Jaipur,Rajasthan,2025-05-15
1216,Akash Dutta,Mumbai,Maharashtra,2024-11-02
1217,Arjun Roy,Kolkata,West Bengal,2023-09-27
1218,Rohan Reddy,Hyderabad,Telangana,2021-05-10
1219,Nikhil Jain,Mumbai,Maharashtra,2025-11-14
1220,Manish Mishra,Bhubaneswar,Odisha,2024-03-26
1221,Nikhil Reddy,New Delhi,Delhi,2026-05-12
1222,Karan Saha,Howrah,West Bengal,2024-11-10
1223,Manish Gupta,Pune,Maharashtra,2024-09-17
1224,Nikhil Kumar,Kolkata,West Bengal,2024-09-21
1225,Riya Saha,Delhi,Delhi,2025-08-20
1226,Vikram Bora,Mumbai,Maharashtra,2024-08-10
1227,Ritu Choudhury,Kolkata,West Bengal,2023-08-20
1228,Pooja Choudhury,Indore,Madhya Pradesh,2021-06-03
1229,Rohan Verma,Mysuru,Karnataka,2022-11-09
1230,Jyoti Kumar,Kolkata,West Bengal,2024-02-02
1231,Aditya Ghosh,Hyderabad,Telangana,2022-04-27
1232,Priya Singh,Hyderabad,Telangana,2024-03-19
1233,Ananya Das,Indore,Madhya Pradesh,2023-07-05
1234,Jyoti Sharma,Thiruvananthapuram,Kerala,2025-03-07
1235,Vivaan Yadav,Pune,Maharashtra,2023-04-25
1236,Aditya Saha,Ahmedabad,Gujarat,2025-08-19
1237,Rahul Jain,Kochi,Kerala,2024-07-29
1238,Nikhil Ghosh,Ahmedabad,Gujarat,2024-09-02
1239,Deepak Verma,Kochi,Kerala,2023-01-15
1240,Priya Reddy,Ranchi,Jharkhand,2025-09-26
1241,Aditi Choudhury,Ahmedabad,Gujarat,2024-06-23
1242,Karan Ghosh,Gurugram,Haryana,2023-01-15
1243,Nikhil Gupta,Pune,Maharashtra,2025-04-05
1244,Deepak Nair,Mumbai,Maharashtra,2022-12-29
1245,Karan Das,Ahmedabad,Gujarat,2023-02-05
1246,Sneha Dutta,Mumbai,Maharashtra,2021-12-03
1247,Manish Roy,Bhopal,Madhya Pradesh,2025-03-01
1248,Krishna Patel,Pune,Maharashtra,2024-06-05
1249,Isha Patel,Nagpur,Maharashtra,2025-10-12
1250,Krishna Reddy,Hyderabad,Telangana,2025-05-20
1251,Vivaan Mishra,Pune,Maharashtra,2023-04-29
1252,Priya Ghosh,Nagpur,Maharashtra,2026-01-01
1253,Kavya Dutta,Lucknow,Uttar Pradesh,2026-05-13
1254,Kavya Verma,Kochi,Kerala,2021-01-09
1255,Deepak Mishra,Ahmedabad,Gujarat,2023-06-06
1256,Pooja Bora,Kolkata,West Bengal,2023-11-08
1257,Manish Dutta,Noida,Uttar Pradesh,2021-12-22
1258,Aditi Saha,Pune,Maharashtra,2024-09-08
1259,Akash Kumar,Guwahati,Assam,2023-10-30
1260,Vikram Gupta,Hyderabad,Telangana,2024-06-01
1261,Ananya Nair,Bengaluru,Karnataka,2026-05-28
1262,Reyansh Roy,Hyderabad,Telangana,2021-10-01
1263,Manish Jain,Surat,Gujarat,2025-12-21
1264,Riya Reddy,Bengaluru,Karnataka,2024-12-07
1265,Riya Patel,Gurugram,Haryana,2026-03-31
1266,Karan Nair,Delhi,Delhi,2024-07-02
1267,Nikhil Dutta,Noida,Uttar Pradesh,2026-03-02
1268,Sai Jain,Thiruvananthapuram,Kerala,2024-08-24
1269,Ananya Das,Ahmedabad,Gujarat,2024-07-28
1270,Sneha Mishra,Bhubaneswar,Odisha,2024-02-26
1271,Karan Roy,Ahmedabad,Gujarat,2024-09-28
1272,Deepak Yadav,Noida,Uttar Pradesh,2026-01-05
1273,Meera Sharma,Bengaluru,Karnataka,2025-10-02
1274,Isha Dutta,Howrah,West Bengal,2021-02-21
1275,Krishna Mehta,Mumbai,Maharashtra,2021-04-26
1276,Rahul Mehta,Bhubaneswar,Odisha,2021-11-26
1277,Karan Nair,Delhi,Delhi,2021-05-08
1278,Vivaan Iyer,New Delhi,Delhi,2024-01-14
1279,Aditi Yadav,Ranchi,Jharkhand,2021-07-29
1280,Jyoti Yadav,Indore,Madhya Pradesh,2025-03-01
1281,Sanjay Nair,Coimbatore,Tamil Nadu,2023-11-13
1282,Vikram Kumar,Noida,Uttar Pradesh,2021-04-07
1283,Sanjay Reddy,Coimbatore,Tamil Nadu,2026-05-14
1284,Aarav Mehta,Kochi,Kerala,2021-04-21
1285,Pooja Ghosh,New Delhi,Delhi,2025-11-15
1286,Jyoti Iyer,Bhopal,Madhya Pradesh,2026-02-10
1287,Manish Saha,Bhubaneswar,Odisha,2024-01-25
1288,Krishna Nair,Delhi,Delhi,2025-01-24
1289,Aditya Bora,Hyderabad,Telangana,2024-10-30
1290,Kavya Das,Kochi,Kerala,2025-02-14
1291,Rohan Yadav,Chennai,Tamil Nadu,2023-05-28
1292,Neha Mehta,Bengaluru,Karnataka,2021-11-26
1293,Karan Dutta,Mumbai,Maharashtra,2023-08-14
1294,Ananya Saha,Mumbai,Maharashtra,2026-03-17
1295,Jyoti Saha,Mumbai,Maharashtra,2026-03-25
1296,Sneha Mishra,Bhopal,Madhya Pradesh,2022-09-09
1297,Sanjay Reddy,Ahmedabad,Gujarat,2021-05-30
1298,Sai Jain,Howrah,West Bengal,2026-05-14
1299,Sai Roy,Mumbai,Maharashtra,2023-11-01
1300,Aditya Iyer,Ahmedabad,Gujarat,2023-04-07
1301,Nikhil Reddy,New Delhi,Delhi,2022-03-13
1302,Krishna Saha,Chennai,Tamil Nadu,2022-08-25
1303,Deepak Sharma,Howrah,West Bengal,2024-02-24
1304,Priya Gupta,Pune,Maharashtra,2022-12-10
1305,Vikram Saha,Guwahati,Assam,2024-06-10
1306,Nikhil Reddy,Bengaluru,Karnataka,2021-03-23
1307,Arjun Kumar,Chennai,Tamil Nadu,2025-06-19
1308,Rahul Sharma,Bengaluru,Karnataka,2025-01-22
1309,Pooja Iyer,Silchar,Assam,2025-08-11
1310,Priya Choudhury,Howrah,West Bengal,2023-11-08
1311,Jyoti Patel,Mumbai,Maharashtra,2026-01-14
1312,Arjun Bora,Mysuru,Karnataka,2021-06-18
1313,Riya Yadav,Kochi,Kerala,2025-05-03
1314,Krishna Patel,Mumbai,Maharashtra,2021-05-15
1315,Deepak Das,Indore,Madhya Pradesh,2023-05-19
1316,Karan Roy,New Delhi,Delhi,2025-08-25
1317,Aditya Dutta,Lucknow,Uttar Pradesh,2026-04-09
1318,Ananya Verma,Mumbai,Maharashtra,2025-01-08
1319,Sai Mehta,Pune,Maharashtra,2021-04-22
1320,Deepak Gupta,Ahmedabad,Gujarat,2024-03-23
1321,Isha Ghosh,Silchar,Assam,2023-04-15
1322,Ananya Sharma,Jaipur,Rajasthan,2023-06-06
1323,Riya Sharma,Coimbatore,Tamil Nadu,2021-08-31
1324,Aditya Mishra,Lucknow,Uttar Pradesh,2024-06-20
1325,Aditya Iyer,Mumbai,Maharashtra,2025-10-04
1326,Rahul Nair,Dibrugarh,Assam,2021-08-06
1327,Pooja Ghosh,Jaipur,Rajasthan,2022-07-31
1328,Nikhil Sharma,Chennai,Tamil Nadu,2025-08-11
1329,Ishaan Dutta,Kolkata,West Bengal,2023-12-29
1330,Sanjay Yadav,Chandigarh,Chandigarh,2025-06-20
1331,Reyansh Nair,Bengaluru,Karnataka,2024-07-22
1332,Sanjay Iyer,Noida,Uttar Pradesh,2026-02-16
1333,Riya Yadav,Kochi,Kerala,2021-01-23
1334,Aarav Mishra,Delhi,Delhi,2021-03-27
1335,Riya Singh,Surat,Gujarat,2024-01-06
1336,Manish Iyer,Bengaluru,Karnataka,2025-03-13
1337,Jyoti Jain,New Delhi,Delhi,2026-01-29
1338,Ishaan Saha,Delhi,Delhi,2022-01-12
1339,Arjun Bora,Bhopal,Madhya Pradesh,2022-02-02
1340,Ritu Verma,Lucknow,Uttar Pradesh,2024-03-07
1341,Riya Ghosh,Indore,Madhya Pradesh,2026-03-25
1342,Rahul Singh,Lucknow,Uttar Pradesh,2021-05-30
1343,Manish Mishra,Bengaluru,Karnataka,2022-02-09
1344,Diya Dutta,Kolkata,West Bengal,2022-11-09
1345,Arjun Nair,Lucknow,Uttar Pradesh,2022-04-26
1346,Krishna Reddy,Jaipur,Rajasthan,2026-01-18
1347,Aditi Nair,Kolkata,West Bengal,2022-11-04
1348,Neha Mishra,Noida,Uttar Pradesh,2021-11-09
1349,Meera Bora,Chennai,Tamil Nadu,2022-10-10
1350,Sanjay Gupta,Mumbai,Maharashtra,2022-05-20
1351,Meera Mehta,Gurugram,Haryana,2024-08-05
1352,Nikhil Reddy,Bhopal,Madhya Pradesh,2021-10-03
1353,Priya Iyer,Indore,Madhya Pradesh,2023-08-06
1354,Riya Das,Patna,Bihar,2023-09-25
1355,Aditya Mehta,Delhi,Delhi,2024-05-27
1356,Akash Yadav,Indore,Madhya Pradesh,2021-10-14
1357,Akash Singh,Delhi,Delhi,2025-02-11
1358,Aarav Jain,Gurugram,Haryana,2026-01-02
1359,Neha Mishra,Jaipur,Rajasthan,2025-07-23
1360,Krishna Verma,Hyderabad,Telangana,2024-04-23
1361,Akash Yadav,Ahmedabad,Gujarat,2024-01-19
1362,Reyansh Iyer,Kolkata,West Bengal,2025-05-07
1363,Pooja Mishra,Coimbatore,Tamil Nadu,2025-12-31
1364,Reyansh Ghosh,Gurugram,Haryana,2022-08-19
1365,Isha Iyer,Kolkata,West Bengal,2021-07-05
1366,Ishaan Saha,Kolkata,West Bengal,2024-09-19
1367,Kavya Dutta,Noida,Uttar Pradesh,2025-03-31
1368,Neha Mishra,Hyderabad,Telangana,2022-01-02
1369,Reyansh Choudhury,Lucknow,Uttar Pradesh,2026-06-05
1370,Ishaan Choudhury,Shillong,Meghalaya,2021-03-24
1371,Diya Gupta,New Delhi,Delhi,2022-06-26
1372,Kavya Iyer,Mumbai,Maharashtra,2022-02-28
1373,Priya Verma,Coimbatore,Tamil Nadu,2026-02-23
1374,Ananya Das,Mumbai,Maharashtra,2024-08-21
1375,Jyoti Mehta,Gurugram,Haryana,2023-12-04
1376,Neha Yadav,Bhopal,Madhya Pradesh,2022-06-24
1377,Jyoti Kumar,Ahmedabad,Gujarat,2023-02-11
1378,Akash Singh,Chennai,Tamil Nadu,2024-08-31
1379,Vikram Gupta,Howrah,West Bengal,2023-02-10
1380,Deepak Iyer,Howrah,West Bengal,2022-12-24
1381,Akash Saha,Kolkata,West Bengal,2023-09-15
1382,Reyansh Ghosh,Mumbai,Maharashtra,2025-12-12
1383,Kavya Mehta,Delhi,Delhi,2021-06-07
1384,Sai Iyer,New Delhi,Delhi,2022-01-18
1385,Arjun Gupta,Surat,Gujarat,2025-08-01
1386,Manish Das,Hyderabad,Telangana,2022-11-08
1387,Sneha Patel,Kolkata,West Bengal,2023-09-08
1388,Deepak Roy,Surat,Gujarat,2024-08-18
1389,Reyansh Mishra,Mumbai,Maharashtra,2021-03-30
1390,Jyoti Jain,Surat,Gujarat,2021-10-03
1391,Reyansh Verma,Mumbai,Maharashtra,2024-03-18
1392,Sai Jain,Delhi,Delhi,2026-03-05
1393,Neha Sharma,Kochi,Kerala,2024-05-12
1394,Nikhil Nair,Indore,Madhya Pradesh,2025-01-30
1395,Priya Saha,Kochi,Kerala,2022-03-20
1396,Sneha Bora,Thiruvananthapuram,Kerala,2025-11-12
1397,Aditi Dutta,New Delhi,Delhi,2023-04-22
1398,Pooja Bora,Patna,Bihar,2025-08-08
1399,Rohan Bora,Jaipur,Rajasthan,2023-11-13
1400,Vikram Ghosh,Gurugram,Haryana,2022-12-03
1401,Ishaan Kumar,Surat,Gujarat,2021-05-21
1402,Aarav Patel,Coimbatore,Tamil Nadu,2021-08-11
1403,Kavya Roy,Howrah,West Bengal,2026-02-06
1404,Arjun Bora,Bhopal,Madhya Pradesh,2024-05-25
1405,Aditi Verma,Kolkata,West Bengal,2024-06-13
1406,Kavya Das,Indore,Madhya Pradesh,2023-12-25
1407,Reyansh Saha,Pune,Maharashtra,2024-09-12
1408,Akash Roy,Ahmedabad,Gujarat,2021-01-03
1409,Ritu Verma,Howrah,West Bengal,2023-01-29
1410,Ishaan Choudhury,Noida,Uttar Pradesh,2023-05-29
1411,Diya Mishra,Patna,Bihar,2023-02-20
1412,Pooja Mishra,Ranchi,Jharkhand,2026-02-03
1413,Rohan Choudhury,Pune,Maharashtra,2021-10-02
1414,Ritu Singh,Bhubaneswar,Odisha,2026-02-07
1415,Riya Roy,Bengaluru,Karnataka,2025-12-01
1416,Karan Sharma,Bengaluru,Karnataka,2021-01-12
1417,Kavya Sharma,Surat,Gujarat,2021-08-30
1418,Karan Reddy,Chennai,Tamil Nadu,2022-02-25
1419,Reyansh Roy,Hyderabad,Telangana,2021-08-07
1420,Rohan Yadav,Lucknow,Uttar Pradesh,2022-06-04
1421,Aditi Mehta,Hyderabad,Telangana,2023-01-19
1422,Pooja Patel,Thiruvananthapuram,Kerala,2023-03-25
1423,Riya Choudhury,Hyderabad,Telangana,2025-05-25
1424,Riya Choudhury,Delhi,Delhi,2024-02-20
1425,Neha Iyer,Bengaluru,Karnataka,2022-09-21
1426,Manish Dutta,Patna,Bihar,2023-03-27
1427,Arjun Gupta,Indore,Madhya Pradesh,2024-09-12
1428,Sai Das,Hyderabad,Telangana,2024-12-03
1429,Sanjay Reddy,New Delhi,Delhi,2023-04-01
1430,Karan Verma,Ranchi,Jharkhand,2024-06-11
1431,Jyoti Sharma,Delhi,Delhi,2026-05-30
1432,Reyansh Choudhury,Ranchi,Jharkhand,2025-08-14
1433,Aditya Singh,Dibrugarh,Assam,2023-06-11
1434,Aditya Saha,Bengaluru,Karnataka,2023-01-30
1435,Vikram Kumar,Mumbai,Maharashtra,2023-02-27
1436,Rahul Saha,Jaipur,Rajasthan,2023-12-04
1437,Deepak Bora,Mumbai,Maharashtra,2025-05-04
1438,Aarav Patel,Lucknow,Uttar Pradesh,2023-06-19
1439,Sanjay Jain,Indore,Madhya Pradesh,2026-03-22
1440,Sanjay Saha,Bengaluru,Karnataka,2021-03-10
1441,Ishaan Saha,Kolkata,West Bengal,2024-12-01
1442,Diya Gupta,Delhi,Delhi,2021-03-15
1443,Sai Singh,Lucknow,Uttar Pradesh,2026-06-22
1444,Isha Iyer,Thiruvananthapuram,Kerala,2025-05-16
1445,Neha Patel,Lucknow,Uttar Pradesh,2023-04-11
1446,Karan Singh,Howrah,West Bengal,2025-02-18
1447,Rahul Yadav,Silchar,Assam,2024-01-31
1448,Diya Mehta,Silchar,Assam,2022-12-14
1449,Krishna Ghosh,New Delhi,Delhi,2026-05-27
1450,Aarav Mehta,Dibrugarh,Assam,2024-03-23
1451,Arjun Yadav,Delhi,Delhi,2023-11-03
1452,Ananya Das,Pune,Maharashtra,2022-08-26
1453,Rohan Yadav,Ranchi,Jharkhand,2026-05-14
1454,Rohan Ghosh,Ranchi,Jharkhand,2024-03-23
1455,Sneha Gupta,Kochi,Kerala,2024-02-28
1456,Pooja Ghosh,Bhubaneswar,Odisha,2026-05-23
1457,Neha Sharma,Noida,Uttar Pradesh,2026-01-11
1458,Aditya Kumar,Kolkata,West Bengal,2022-06-13
1459,Nikhil Gupta,Jaipur,Rajasthan,2022-03-28
1460,Diya Jain,Ranchi,Jharkhand,2023-04-25
1461,Deepak Mehta,Ahmedabad,Gujarat,2024-12-06
1462,Isha Reddy,Bengaluru,Karnataka,2021-07-10
1463,Sai Choudhury,Pune,Maharashtra,2026-03-23
1464,Akash Mishra,Mysuru,Karnataka,2022-03-24
1465,Manish Patel,Bengaluru,Karnataka,2026-04-24
1466,Ishaan Gupta,Kolkata,West Bengal,2022-02-13
1467,Ishaan Patel,Indore,Madhya Pradesh,2022-02-28
1468,Aditi Iyer,Bhopal,Madhya Pradesh,2025-09-09
1469,Arjun Singh,Delhi,Delhi,2021-08-07
1470,Sneha Saha,Noida,Uttar Pradesh,2024-09-20
1471,Riya Verma,Mumbai,Maharashtra,2025-10-22
1472,Aditi Reddy,Indore,Madhya Pradesh,2023-01-31
1473,Akash Mishra,Kolkata,West Bengal,2025-12-10
1474,Sai Jain,Indore,Madhya Pradesh,2023-10-03
1475,Pooja Mishra,Bengaluru,Karnataka,2022-03-31
1476,Sanjay Roy,Nagpur,Maharashtra,2023-12-13
1477,Vivaan Jain,Kolkata,West Bengal,2024-01-13
1478,Nikhil Bora,Chennai,Tamil Nadu,2025-10-29
1479,Karan Jain,Hyderabad,Telangana,2021-09-04
1480,Aarav Sharma,Kolkata,West Bengal,2024-11-12
1481,Neha Das,Noida,Uttar Pradesh,2023-02-17
1482,Ritu Mehta,Mysuru,Karnataka,2024-06-08
1483,Ishaan Mehta,Delhi,Delhi,2022-06-23
1484,Ananya Iyer,Kolkata,West Bengal,2024-06-09
1485,Krishna Roy,Delhi,Delhi,2023-05-19
1486,Diya Kumar,Noida,Uttar Pradesh,2023-02-02
1487,Neha Dutta,Bengaluru,Karnataka,2022-01-04
1488,Ishaan Das,Thiruvananthapuram,Kerala,2024-11-05
1489,Ishaan Yadav,Gurugram,Haryana,2025-07-05
1490,Krishna Dutta,Hyderabad,Telangana,2023-02-20
1491,Reyansh Choudhury,Ranchi,Jharkhand,2025-02-21
1492,Meera Choudhury,Ranchi,Jharkhand,2021-12-28
1493,Ritu Jain,Nagpur,Maharashtra,2026-01-04
1494,Sanjay Choudhury,Howrah,West Bengal,2022-10-09
1495,Ritu Mishra,Bengaluru,Karnataka,2024-02-26
1496,Karan Bora,Mumbai,Maharashtra,2021-07-22
1497,Rohan Choudhury,Mumbai,Maharashtra,2025-07-25
1498,Priya Reddy,Bhopal,Madhya Pradesh,2021-07-17
1499,Riya Yadav,Bengaluru,Karnataka,2023-01-08
1500,Diya Sharma,Dibrugarh,Assam,2022-06-12
1501,Ritu Saha,Hyderabad,Telangana,2022-12-21
1502,Jyoti Yadav,Delhi,Delhi,2024-03-25
1503,Rahul Iyer,Delhi,Delhi,2025-05-18
1504,Sneha Ghosh,Mysuru,Karnataka,2023-11-12
1505,Aditi Nair,Guwahati,Assam,2023-02-20
1506,Reyansh Bora,Kolkata,West Bengal,2026-05-14
1507,Ananya Roy,Lucknow,Uttar Pradesh,2026-03-17
1508,Isha Singh,Jaipur,Rajasthan,2024-03-16
1509,Ishaan Reddy,Pune,Maharashtra,2022-12-05
1510,Karan Mehta,Mysuru,Karnataka,2022-08-20
1511,Rohan Ghosh,Jaipur,Rajasthan,2023-03-21
1512,Diya Mishra,Patna,Bihar,2026-04-07
1513,Meera Bora,Howrah,West Bengal,2023-07-12
1514,Reyansh Gupta,Delhi,Delhi,2021-02-17
1515,Manish Singh,Lucknow,Uttar Pradesh,2026-04-11
1516,Arjun Das,New Delhi,Delhi,2023-03-25
1517,Sneha Yadav,Mumbai,Maharashtra,2025-12-05
1518,Isha Jain,Mumbai,Maharashtra,2025-04-28
1519,Arjun Mehta,Bhubaneswar,Odisha,2021-06-20
1520,Jyoti Kumar,Jaipur,Rajasthan,2021-06-22
1521,Manish Nair,Mysuru,Karnataka,2022-05-22
1522,Reyansh Jain,Hyderabad,Telangana,2021-09-16
1523,Vivaan Iyer,Bhopal,Madhya Pradesh,2021-02-28
1524,Ritu Choudhury,Indore,Madhya Pradesh,2022-10-29
1525,Riya Mehta,Kolkata,West Bengal,2025-11-19
1526,Karan Yadav,Ahmedabad,Gujarat,2021-10-04
1527,Priya Mishra,Delhi,Delhi,2024-05-08
1528,Jyoti Yadav,Hyderabad,Telangana,2024-08-03
1529,Sneha Yadav,Mysuru,Karnataka,2022-12-13
1530,Priya Nair,New Delhi,Delhi,2021-07-03
1531,Reyansh Nair,Chennai,Tamil Nadu,2022-06-17
1532,Deepak Dutta,Mumbai,Maharashtra,2023-12-08
1533,Riya Sharma,Chennai,Tamil Nadu,2023-08-19
1534,Pooja Choudhury,Noida,Uttar Pradesh,2023-10-05
1535,Meera Nair,Bengaluru,Karnataka,2025-04-18
1536,Aarav Yadav,Surat,Gujarat,2025-06-20
1537,Akash Yadav,Chennai,Tamil Nadu,2023-04-24
1538,Sai Kumar,Hyderabad,Telangana,2022-05-27
1539,Rohan Singh,Bhopal,Madhya Pradesh,2022-03-28
1540,Kavya Saha,Hyderabad,Telangana,2022-05-06
1541,Rohan Nair,Ranchi,Jharkhand,2024-11-03
1542,Sanjay Mehta,Lucknow,Uttar Pradesh,2023-12-26
1543,Aditya Bora,Hyderabad,Telangana,2025-10-14
1544,Jyoti Ghosh,Nagpur,Maharashtra,2021-08-15
1545,Karan Saha,Jaipur,Rajasthan,2022-07-12
1546,Aarav Dutta,Kolkata,West Bengal,2022-10-19
1547,Aarav Bora,Mumbai,Maharashtra,2024-01-01
1548,Rohan Dutta,Kochi,Kerala,2022-08-01
1549,Aarav Gupta,Gurugram,Haryana,2025-01-29
1550,Sneha Patel,Pune,Maharashtra,2021-01-31
1551,Sanjay Choudhury,Chennai,Tamil Nadu,2022-10-01
1552,Karan Verma,Thiruvananthapuram,Kerala,2023-08-08
1553,Pooja Dutta,Chennai,Tamil Nadu,2025-09-24
1554,Isha Singh,Mumbai,Maharashtra,2025-05-08
1555,Krishna Mehta,Ahmedabad,Gujarat,2022-01-07
1556,Aarav Das,Ranchi,Jharkhand,2025-08-24
1557,Ishaan Kumar,Kochi,Kerala,2025-01-03
1558,Ishaan Verma,Patna,Bihar,2023-06-27
1559,Pooja Das,Delhi,Delhi,2025-02-14
1560,Sneha Kumar,Howrah,West Bengal,2022-03-03
1561,Vikram Reddy,Noida,Uttar Pradesh,2022-10-02
1562,Vivaan Yadav,Delhi,Delhi,2025-01-31
1563,Sneha Nair,Howrah,West Bengal,2022-06-03
1564,Vivaan Patel,Delhi,Delhi,2025-12-23
1565,Jyoti Roy,Kochi,Kerala,2022-04-29
1566,Sanjay Mehta,Mysuru,Karnataka,2021-12-09
1567,Sanjay Gupta,Surat,Gujarat,2023-03-22
1568,Neha Choudhury,Mumbai,Maharashtra,2021-03-28
1569,Diya Singh,Noida,Uttar Pradesh,2021-11-14
1570,Aditya Saha,Bengaluru,Karnataka,2023-10-21
1571,Pooja Verma,Chennai,Tamil Nadu,2026-06-09
1572,Reyansh Yadav,Mumbai,Maharashtra,2024-08-13
1573,Sneha Gupta,Patna,Bihar,2021-09-15
1574,Sanjay Iyer,Mysuru,Karnataka,2024-02-18
1575,Manish Patel,Ranchi,Jharkhand,2023-06-18
1576,Diya Dutta,Mumbai,Maharashtra,2023-02-13
1577,Sneha Ghosh,Bengaluru,Karnataka,2021-03-22
1578,Karan Choudhury,Ahmedabad,Gujarat,2024-01-17
1579,Riya Iyer,Delhi,Delhi,2022-01-18
1580,Rohan Saha,Mysuru,Karnataka,2023-08-18
1581,Sai Singh,Silchar,Assam,2024-02-10
1582,Rahul Mehta,Howrah,West Bengal,2023-07-10
1583,Aarav Jain,Ahmedabad,Gujarat,2023-07-19
1584,Akash Sharma,Chennai,Tamil Nadu,2022-01-15
1585,Pooja Saha,Jaipur,Rajasthan,2023-01-16
1586,Aditya Yadav,Bengaluru,Karnataka,2025-01-16
1587,Kavya Choudhury,Ranchi,Jharkhand,2022-01-24
1588,Aditi Nair,Bhubaneswar,Odisha,2021-11-12
1589,Ananya Das,Mysuru,Karnataka,2024-08-05
1590,Aditya Verma,Pune,Maharashtra,2024-09-11
1591,Sai Verma,Bhopal,Madhya Pradesh,2021-09-23
1592,Krishna Das,New Delhi,Delhi,2023-09-22
1593,Deepak Kumar,Mumbai,Maharashtra,2024-08-07
1594,Aditi Mishra,Lucknow,Uttar Pradesh,2023-12-13
1595,Ishaan Saha,Bengaluru,Karnataka,2023-01-21
1596,Vikram Patel,Gurugram,Haryana,2021-01-27
1597,Akash Singh,Lucknow,Uttar Pradesh,2026-03-17
1598,Vivaan Iyer,Kolkata,West Bengal,2024-08-01
1599,Akash Roy,Ahmedabad,Gujarat,2026-04-06
1600,Karan Verma,Bhopal,Madhya Pradesh,2025-06-15
1601,Kavya Verma,Bhopal,Madhya Pradesh,2022-06-29
1602,Rahul Singh,Gurugram,Haryana,2025-09-05
1603,Kavya Das,Kochi,Kerala,2026-05-22
1604,Riya Kumar,Pune,Maharashtra,2022-04-19
1605,Nikhil Gupta,Delhi,Delhi,2023-12-14
1606,Sai Yadav,Ahmedabad,Gujarat,2026-04-25
1607,Manish Das,Chandigarh,Chandigarh,2023-05-01
1608,Diya Ghosh,Bhubaneswar,Odisha,2024-03-26
1609,Akash Das,Gurugram,Haryana,2023-05-25
1610,Riya Kumar,Delhi,Delhi,2022-01-05
1611,Sai Yadav,Kolkata,West Bengal,2024-09-08
1612,Vikram Iyer,Thiruvananthapuram,Kerala,2023-06-27
1613,Ananya Iyer,Guwahati,Assam,2024-02-01
1614,Meera Reddy,Hyderabad,Telangana,2024-07-20
1615,Riya Patel,Jaipur,Rajasthan,2024-02-28
1616,Vikram Mehta,Chennai,Tamil Nadu,2024-02-01
1617,Priya Kumar,Chennai,Tamil Nadu,2023-07-16
1618,Rahul Saha,Mumbai,Maharashtra,2021-03-12
1619,Akash Nair,Mumbai,Maharashtra,2021-10-04
1620,Krishna Reddy,Mumbai,Maharashtra,2022-03-31
1621,Karan Mehta,Mumbai,Maharashtra,2025-08-11
1622,Riya Mishra,Silchar,Assam,2023-11-14
1623,Arjun Verma,Dibrugarh,Assam,2021-11-13
1624,Reyansh Mehta,Kolkata,West Bengal,2021-11-16
1625,Ishaan Gupta,Chennai,Tamil Nadu,2024-04-07
1626,Aditya Mishra,Bengaluru,Karnataka,2022-09-08
1627,Krishna Singh,Coimbatore,Tamil Nadu,2026-02-23
1628,Sneha Bora,Gurugram,Haryana,2025-06-12
1629,Karan Mishra,Kolkata,West Bengal,2026-01-16
1630,Aditi Nair,Bhopal,Madhya Pradesh,2021-07-15
1631,Neha Kumar,Mumbai,Maharashtra,2025-07-14
1632,Vikram Reddy,Pune,Maharashtra,2021-04-25
1633,Meera Roy,Chennai,Tamil Nadu,2025-08-01
1634,Ritu Gupta,Dibrugarh,Assam,2021-09-04
1635,Aditi Sharma,Chandigarh,Chandigarh,2025-10-06
1636,Isha Verma,Jaipur,Rajasthan,2024-07-18
1637,Ananya Yadav,Bengaluru,Karnataka,2021-03-26
1638,Kavya Gupta,Ahmedabad,Gujarat,2022-11-01
1639,Manish Kumar,Delhi,Delhi,2024-10-11
1640,Aditi Mishra,Kochi,Kerala,2025-03-22
1641,Meera Nair,Kolkata,West Bengal,2022-03-31
1642,Reyansh Reddy,Patna,Bihar,2021-10-31
1643,Manish Verma,Pune,Maharashtra,2024-03-16
1644,Aditya Kumar,Ahmedabad,Gujarat,2022-06-22
1645,Karan Dutta,Kolkata,West Bengal,2025-05-04
1646,Riya Patel,Bhubaneswar,Odisha,2023-09-12
1647,Neha Patel,Kolkata,West Bengal,2024-08-28
1648,Kavya Gupta,Ahmedabad,Gujarat,2025-02-15
1649,Pooja Roy,Bengaluru,Karnataka,2022-06-30
1650,Neha Singh,Mysuru,Karnataka,2026-03-08
1651,Meera Iyer,Pune,Maharashtra,2023-04-28
1652,Diya Saha,Chennai,Tamil Nadu,2022-10-19
1653,Rahul Bora,Lucknow,Uttar Pradesh,2025-04-26
1654,Deepak Ghosh,Thiruvananthapuram,Kerala,2024-06-16
1655,Vivaan Gupta,Jaipur,Rajasthan,2023-06-22
1656,Reyansh Singh,Delhi,Delhi,2023-02-05
1657,Ishaan Saha,Pune,Maharashtra,2021-04-22
1658,Deepak Nair,Dibrugarh,Assam,2025-11-15
1659,Sanjay Das,Mumbai,Maharashtra,2024-11-21
1660,Aarav Reddy,Bengaluru,Karnataka,2023-08-23
1661,Krishna Patel,New Delhi,Delhi,2024-01-07
1662,Rohan Yadav,Ahmedabad,Gujarat,2025-03-17
1663,Reyansh Sharma,Kolkata,West Bengal,2025-02-03
1664,Nikhil Jain,Chennai,Tamil Nadu,2026-01-30
1665,Vivaan Nair,Mumbai,Maharashtra,2021-12-15
1666,Aditi Mehta,Delhi,Delhi,2024-11-27
1667,Aarav Singh,Mumbai,Maharashtra,2024-09-02
1668,Nikhil Iyer,Coimbatore,Tamil Nadu,2022-07-10
1669,Rahul Kumar,Indore,Madhya Pradesh,2021-02-09
1670,Kavya Das,New Delhi,Delhi,2023-02-19
1671,Ritu Saha,Guwahati,Assam,2023-09-20
1672,Krishna Jain,Howrah,West Bengal,2022-01-17
1673,Vikram Sharma,Kochi,Kerala,2024-02-23
1674,Kavya Nair,Mumbai,Maharashtra,2026-03-04
1675,Manish Bora,Chennai,Tamil Nadu,2023-03-17
1676,Diya Iyer,Mumbai,Maharashtra,2024-11-02
1677,Kavya Mehta,Jaipur,Rajasthan,2022-04-29
1678,Rohan Kumar,Ranchi,Jharkhand,2024-07-05
1679,Aarav Yadav,Guwahati,Assam,2025-07-27
1680,Reyansh Reddy,Kochi,Kerala,2022-04-07
1681,Reyansh Singh,Guwahati,Assam,2024-09-07
1682,Nikhil Saha,Gurugram,Haryana,2023-12-03
1683,Ishaan Roy,Indore,Madhya Pradesh,2024-11-06
1684,Meera Nair,Bengaluru,Karnataka,2021-11-09
1685,Priya Yadav,Silchar,Assam,2022-11-06
1686,Reyansh Mishra,Nagpur,Maharashtra,2024-08-29
1687,Krishna Dutta,Ahmedabad,Gujarat,2025-06-27
1688,Akash Jain,Mysuru,Karnataka,2024-12-15
1689,Vikram Dutta,Guwahati,Assam,2023-05-31
1690,Vikram Bora,Lucknow,Uttar Pradesh,2024-03-02
1691,Riya Das,Mysuru,Karnataka,2024-02-16
1692,Akash Dutta,Delhi,Delhi,2025-09-16
1693,Ananya Roy,Gurugram,Haryana,2025-04-17
1694,Priya Mehta,Kochi,Kerala,2022-09-14
1695,Arjun Dutta,Delhi,Delhi,2022-01-20
1696,Aditi Saha,Delhi,Delhi,2025-04-11
1697,Aditi Gupta,Bengaluru,Karnataka,2024-03-07
1698,Nikhil Sharma,Surat,Gujarat,2022-04-18
1699,Pooja Choudhury,Chennai,Tamil Nadu,2024-11-10
1700,Aditi Choudhury,Nagpur,Maharashtra,2025-09-29
1701,Sai Kumar,Gurugram,Haryana,2023-02-05
1702,Sai Patel,Kolkata,West Bengal,2021-10-09
1703,Pooja Sharma,New Delhi,Delhi,2023-04-17
1704,Meera Gupta,Dibrugarh,Assam,2026-05-01
1705,Pooja Patel,Chandigarh,Chandigarh,2022-02-20
1706,Priya Saha,Mumbai,Maharashtra,2026-03-14
1707,Ritu Ghosh,Kolkata,West Bengal,2022-10-28
1708,Isha Verma,Guwahati,Assam,2023-05-26
1709,Isha Reddy,Jaipur,Rajasthan,2025-08-16
1710,Manish Mishra,Coimbatore,Tamil Nadu,2026-04-08
1711,Jyoti Verma,Surat,Gujarat,2023-12-12
1712,Priya Verma,Howrah,West Bengal,2023-07-14
1713,Kavya Yadav,Indore,Madhya Pradesh,2022-05-19
1714,Vivaan Yadav,Coimbatore,Tamil Nadu,2025-02-14
1715,Jyoti Verma,Coimbatore,Tamil Nadu,2025-04-17
1716,Isha Nair,Delhi,Delhi,2023-06-20
1717,Priya Bora,Patna,Bihar,2022-08-09
1718,Vikram Verma,Hyderabad,Telangana,2024-06-09
1719,Reyansh Ghosh,Noida,Uttar Pradesh,2026-01-25
1720,Aditya Jain,Bhopal,Madhya Pradesh,2023-07-15
1721,Neha Yadav,Pune,Maharashtra,2025-05-14
1722,Ananya Ghosh,Nagpur,Maharashtra,2023-04-27
1723,Neha Patel,Mumbai,Maharashtra,2023-07-19
1724,Rohan Reddy,Guwahati,Assam,2021-07-04
1725,Karan Bora,Noida,Uttar Pradesh,2026-02-01
1726,Aditya Das,Gurugram,Haryana,2021-09-11
1727,Diya Singh,Gurugram,Haryana,2024-07-22
1728,Manish Jain,Howrah,West Bengal,2023-02-26
1729,Isha Yadav,Jaipur,Rajasthan,2021-11-24
1730,Sai Reddy,Chennai,Tamil Nadu,2025-04-23
1731,Ritu Dutta,Ahmedabad,Gujarat,2024-09-12
1732,Sai Verma,Delhi,Delhi,2021-10-24
1733,Manish Ghosh,Hyderabad,Telangana,2022-09-26
1734,Arjun Dutta,Bengaluru,Karnataka,2022-01-06
1735,Aditi Mehta,Kochi,Kerala,2021-01-08
1736,Ritu Choudhury,Mumbai,Maharashtra,2023-10-17
1737,Aditi Choudhury,Ahmedabad,Gujarat,2021-01-12
1738,Nikhil Choudhury,Bengaluru,Karnataka,2024-04-20
1739,Aditya Saha,Hyderabad,Telangana,2023-06-24
1740,Akash Yadav,Surat,Gujarat,2022-05-17
1741,Riya Patel,Bengaluru,Karnataka,2024-07-11
1742,Vivaan Iyer,Mumbai,Maharashtra,2021-10-31
1743,Vivaan Mishra,Mumbai,Maharashtra,2025-10-15
1744,Ananya Singh,Bhopal,Madhya Pradesh,2022-09-04
1745,Sai Bora,Mumbai,Maharashtra,2023-05-04
1746,Nikhil Saha,Lucknow,Uttar Pradesh,2024-06-05
1747,Sai Ghosh,Ahmedabad,Gujarat,2024-02-26
1748,Vikram Verma,Chandigarh,Chandigarh,2023-01-08
1749,Ananya Iyer,Pune,Maharashtra,2022-09-05
1750,Aditya Roy,Guwahati,Assam,2025-08-07
1751,Rahul Choudhury,Bhopal,Madhya Pradesh,2021-05-13
1752,Ritu Mehta,Nagpur,Maharashtra,2024-11-23
1753,Kavya Patel,Chennai,Tamil Nadu,2023-04-28
1754,Vivaan Das,Noida,Uttar Pradesh,2024-06-07
1755,Jyoti Jain,Ahmedabad,Gujarat,2026-06-29
1756,Manish Saha,Thiruvananthapuram,Kerala,2023-09-18
1757,Rahul Roy,Dibrugarh,Assam,2024-12-18
1758,Rohan Jain,Jaipur,Rajasthan,2022-10-11
1759,Diya Dutta,Ahmedabad,Gujarat,2024-06-30
1760,Kavya Choudhury,Jaipur,Rajasthan,2023-10-14
1761,Akash Saha,Kolkata,West Bengal,2022-01-04
1762,Krishna Sharma,New Delhi,Delhi,2022-08-18
1763,Jyoti Das,Nagpur,Maharashtra,2023-08-11
1764,Sanjay Saha,Chandigarh,Chandigarh,2022-03-01
1765,Vivaan Reddy,Thiruvananthapuram,Kerala,2023-04-28
1766,Jyoti Patel,Chennai,Tamil Nadu,2025-07-09
1767,Karan Nair,Mumbai,Maharashtra,2022-02-17
1768,Rahul Nair,Bengaluru,Karnataka,2021-05-19
1769,Pooja Sharma,Kolkata,West Bengal,2022-10-26
1770,Ananya Kumar,Pune,Maharashtra,2022-11-14
1771,Aarav Bora,Gurugram,Haryana,2024-06-15
1772,Ananya Choudhury,Delhi,Delhi,2025-09-04
1773,Vivaan Dutta,Silchar,Assam,2025-06-21
1774,Priya Yadav,Kolkata,West Bengal,2024-07-08
1775,Sanjay Roy,Guwahati,Assam,2023-08-06
1776,Deepak Jain,Dibrugarh,Assam,2021-04-25
1777,Nikhil Reddy,Bengaluru,Karnataka,2025-01-24
1778,Krishna Mishra,Ahmedabad,Gujarat,2021-02-08
1779,Vikram Iyer,Noida,Uttar Pradesh,2025-06-26
1780,Rohan Sharma,Mumbai,Maharashtra,2021-11-02
1781,Jyoti Yadav,Chennai,Tamil Nadu,2023-02-08
1782,Aditi Kumar,Bhopal,Madhya Pradesh,2024-03-15
1783,Ritu Nair,Delhi,Delhi,2021-08-28
1784,Karan Verma,Gurugram,Haryana,2022-10-07
1785,Sneha Gupta,Bengaluru,Karnataka,2021-06-27
1786,Rahul Patel,Chennai,Tamil Nadu,2025-08-26
1787,Arjun Iyer,Howrah,West Bengal,2021-12-25
1788,Krishna Singh,Patna,Bihar,2025-05-12
1789,Sanjay Choudhury,Hyderabad,Telangana,2021-02-21
1790,Krishna Reddy,Guwahati,Assam,2021-11-12
1791,Ritu Jain,Dibrugarh,Assam,2025-02-09
1792,Reyansh Das,Mysuru,Karnataka,2022-11-02
1793,Kavya Dutta,Bhopal,Madhya Pradesh,2026-04-06
1794,Priya Kumar,New Delhi,Delhi,2021-03-16
1795,Arjun Sharma,Gurugram,Haryana,2023-12-06
1796,Nikhil Saha,Mysuru,Karnataka,2021-04-01
1797,Priya Verma,Indore,Madhya Pradesh,2022-11-14
1798,Nikhil Nair,Pune,Maharashtra,2025-04-19
1799,Rahul Patel,Mumbai,Maharashtra,2025-04-03
1800,Rahul Mehta,Mysuru,Karnataka,2022-01-30
1801,Priya Das,Howrah,West Bengal,2025-05-02
1802,Rohan Das,Bengaluru,Karnataka,2021-11-19
1803,Riya Jain,Mumbai,Maharashtra,2024-06-29
1804,Diya Yadav,Pune,Maharashtra,2024-01-17
1805,Karan Nair,Mysuru,Karnataka,2021-10-17
1806,Aditya Nair,Ahmedabad,Gujarat,2021-12-17
1807,Riya Ghosh,Jaipur,Rajasthan,2022-11-25
1808,Sneha Verma,Mumbai,Maharashtra,2021-03-01
1809,Aditya Roy,Pune,Maharashtra,2021-04-21
1810,Aditi Mishra,Coimbatore,Tamil Nadu,2024-12-14
1811,Karan Ghosh,Jaipur,Rajasthan,2024-11-14
1812,Ananya Patel,Jaipur,Rajasthan,2022-10-02
1813,Sanjay Yadav,Gurugram,Haryana,2024-10-05
1814,Pooja Ghosh,Pune,Maharashtra,2026-03-05
1815,Deepak Ghosh,Ahmedabad,Gujarat,2021-07-10
1816,Nikhil Ghosh,Pune,Maharashtra,2022-09-28
1817,Ishaan Dutta,Kolkata,West Bengal,2026-04-25
1818,Rohan Iyer,Indore,Madhya Pradesh,2024-06-17
1819,Vikram Reddy,Coimbatore,Tamil Nadu,2024-12-03
1820,Ananya Ghosh,Patna,Bihar,2025-12-13
1821,Sneha Das,Kolkata,West Bengal,2021-05-14
1822,Ritu Bora,Chennai,Tamil Nadu,2023-08-03
1823,Aditi Mishra,Bengaluru,Karnataka,2022-12-15
1824,Isha Das,Nagpur,Maharashtra,2021-07-30
1825,Aditya Nair,Mysuru,Karnataka,2024-08-23
1826,Neha Roy,Howrah,West Bengal,2023-04-01
1827,Riya Bora,Bengaluru,Karnataka,2022-05-15
1828,Aditya Reddy,Kochi,Kerala,2023-02-26
1829,Neha Roy,New Delhi,Delhi,2024-11-22
1830,Neha Reddy,Patna,Bihar,2023-06-11
1831,Sai Singh,Ahmedabad,Gujarat,2022-04-29
1832,Neha Choudhury,Chandigarh,Chandigarh,2024-12-28
1833,Priya Reddy,Pune,Maharashtra,2024-05-05
1834,Priya Bora,Ahmedabad,Gujarat,2025-08-11
1835,Aditya Saha,Mysuru,Karnataka,2023-04-12
1836,Aditi Kumar,Pune,Maharashtra,2025-07-26
1837,Nikhil Verma,Chennai,Tamil Nadu,2024-08-13
1838,Reyansh Mishra,Pune,Maharashtra,2025-08-01
1839,Sanjay Sharma,Guwahati,Assam,2024-07-26
1840,Reyansh Ghosh,Bhubaneswar,Odisha,2024-09-15
1841,Aditi Mishra,Howrah,West Bengal,2023-03-10
1842,Nikhil Reddy,Hyderabad,Telangana,2022-02-26
1843,Vikram Nair,Bengaluru,Karnataka,2025-06-15
1844,Meera Iyer,Silchar,Assam,2026-04-03
1845,Aarav Saha,Thiruvananthapuram,Kerala,2024-04-08
1846,Ritu Dutta,Thiruvananthapuram,Kerala,2023-04-08
1847,Diya Yadav,Indore,Madhya Pradesh,2021-05-08
1848,Karan Yadav,Kochi,Kerala,2021-01-02
1849,Arjun Nair,Bhopal,Madhya Pradesh,2023-01-06
1850,Meera Mishra,Indore,Madhya Pradesh,2022-04-27
1851,Karan Kumar,Coimbatore,Tamil Nadu,2022-10-14
1852,Riya Patel,Hyderabad,Telangana,2023-06-11
1853,Reyansh Patel,Lucknow,Uttar Pradesh,2023-08-31
1854,Vikram Iyer,Ahmedabad,Gujarat,2025-09-24
1855,Rahul Dutta,Bhopal,Madhya Pradesh,2021-11-12
1856,Jyoti Sharma,Nagpur,Maharashtra,2021-05-27
1857,Sneha Roy,Delhi,Delhi,2025-12-18
1858,Aditya Dutta,Kochi,Kerala,2021-10-06
1859,Ritu Ghosh,Lucknow,Uttar Pradesh,2023-05-02
1860,Aditi Roy,Guwahati,Assam,2024-11-25
1861,Kavya Roy,Jaipur,Rajasthan,2023-07-20
1862,Isha Iyer,Ahmedabad,Gujarat,2023-07-11
1863,Aditi Sharma,New Delhi,Delhi,2023-05-20
1864,Manish Gupta,Surat,Gujarat,2025-10-01
1865,Meera Yadav,Gurugram,Haryana,2022-07-06
1866,Vivaan Mishra,Ahmedabad,Gujarat,2021-03-10
1867,Arjun Mishra,Kolkata,West Bengal,2023-01-25
1868,Aditya Dutta,Kolkata,West Bengal,2024-11-15
1869,Ritu Mehta,Gurugram,Haryana,2023-12-15
1870,Kavya Saha,Kolkata,West Bengal,2021-06-10
1871,Jyoti Singh,Pune,Maharashtra,2023-08-26
1872,Sanjay Mishra,Noida,Uttar Pradesh,2024-01-10
1873,Akash Reddy,Mysuru,Karnataka,2021-04-19
1874,Sneha Ghosh,Ahmedabad,Gujarat,2021-01-23
1875,Neha Reddy,Kolkata,West Bengal,2023-08-19
1876,Sanjay Nair,Hyderabad,Telangana,2026-05-22
1877,Karan Saha,Bengaluru,Karnataka,2021-03-14
1878,Sanjay Mishra,Chandigarh,Chandigarh,2025-01-28
1879,Sneha Mishra,Bengaluru,Karnataka,2024-07-12
1880,Nikhil Nair,Delhi,Delhi,2021-04-16
1881,Aarav Nair,Ranchi,Jharkhand,2024-07-02
1882,Kavya Singh,Kolkata,West Bengal,2021-09-17
1883,Rohan Dutta,Indore,Madhya Pradesh,2022-07-24
1884,Ritu Mehta,Jaipur,Rajasthan,2022-07-18
1885,Aditi Bora,Mumbai,Maharashtra,2021-08-17
1886,Reyansh Ghosh,Silchar,Assam,2025-02-22
1887,Rohan Gupta,Chennai,Tamil Nadu,2021-12-26
1888,Kavya Verma,Kolkata,West Bengal,2025-06-26
1889,Reyansh Saha,Chennai,Tamil Nadu,2021-06-22
1890,Deepak Choudhury,Dibrugarh,Assam,2021-11-12
1891,Pooja Kumar,Bhubaneswar,Odisha,2023-04-26
1892,Manish Bora,Bengaluru,Karnataka,2023-06-21
1893,Deepak Iyer,New Delhi,Delhi,2025-02-12
1894,Pooja Das,Mumbai,Maharashtra,2022-06-26
1895,Isha Choudhury,Mumbai,Maharashtra,2023-08-09
1896,Pooja Yadav,Bengaluru,Karnataka,2025-03-09
1897,Karan Kumar,New Delhi,Delhi,2024-10-31
1898,Kavya Roy,Kolkata,West Bengal,2021-10-25
1899,Sanjay Ghosh,Mumbai,Maharashtra,2026-03-14
1900,Kavya Verma,Coimbatore,Tamil Nadu,2022-10-09
1901,Jyoti Iyer,Pune,Maharashtra,2023-12-25
1902,Aditi Mehta,Kochi,Kerala,2023-06-04
1903,Sanjay Das,Chennai,Tamil Nadu,2022-07-01
1904,Isha Ghosh,Bengaluru,Karnataka,2024-04-11
1905,Ishaan Mishra,Patna,Bihar,2025-03-15
1906,Ananya Bora,Bhubaneswar,Odisha,2023-12-01
1907,Nikhil Sharma,Mysuru,Karnataka,2021-01-22
1908,Meera Das,Bhopal,Madhya Pradesh,2021-01-25
1909,Priya Iyer,Howrah,West Bengal,2024-11-04
1910,Rohan Patel,New Delhi,Delhi,2022-08-04
1911,Aditya Verma,Mumbai,Maharashtra,2024-06-22
1912,Akash Patel,Shillong,Meghalaya,2024-09-06
1913,Arjun Das,Kochi,Kerala,2024-07-30
1914,Reyansh Kumar,Pune,Maharashtra,2024-05-23
1915,Jyoti Mishra,Lucknow,Uttar Pradesh,2026-01-17
1916,Akash Das,Ranchi,Jharkhand,2022-01-14
1917,Rahul Ghosh,Noida,Uttar Pradesh,2022-06-03
1918,Jyoti Ghosh,Lucknow,Uttar Pradesh,2021-06-05
1919,Pooja Roy,Silchar,Assam,2022-07-21
1920,Pooja Reddy,Noida,Uttar Pradesh,2024-09-29
1921,Aditya Mehta,Bengaluru,Karnataka,2025-05-18
1922,Isha Reddy,Patna,Bihar,2023-02-23
1923,Deepak Mehta,Thiruvananthapuram,Kerala,2022-06-13
1924,Sneha Patel,Delhi,Delhi,2021-05-23
1925,Jyoti Choudhury,Jaipur,Rajasthan,2022-01-01
1926,Pooja Roy,Pune,Maharashtra,2024-01-13
1927,Arjun Ghosh,New Delhi,Delhi,2024-08-10
1928,Vivaan Singh,Gurugram,Haryana,2021-07-31
1929,Rohan Ghosh,Pune,Maharashtra,2025-01-30
1930,Reyansh Sharma,Mumbai,Maharashtra,2023-10-17
1931,Isha Mehta,Dibrugarh,Assam,2024-09-23
1932,Akash Kumar,Delhi,Delhi,2022-11-07
1933,Karan Choudhury,Ahmedabad,Gujarat,2023-11-22
1934,Ritu Singh,Kolkata,West Bengal,2023-04-08
1935,Isha Choudhury,Ahmedabad,Gujarat,2021-01-07
1936,Vikram Iyer,Nagpur,Maharashtra,2024-01-02
1937,Isha Verma,Chennai,Tamil Nadu,2022-09-13
1938,Jyoti Singh,Jaipur,Rajasthan,2026-05-18
1939,Ananya Singh,Chennai,Tamil Nadu,2025-10-14
1940,Pooja Nair,Bhopal,Madhya Pradesh,2025-04-07
1941,Riya Verma,Lucknow,Uttar Pradesh,2021-12-28
1942,Krishna Nair,Kochi,Kerala,2024-09-15
1943,Arjun Iyer,Noida,Uttar Pradesh,2026-01-10
1944,Jyoti Ghosh,Kolkata,West Bengal,2025-12-18
1945,Vivaan Patel,Gurugram,Haryana,2021-10-14
1946,Ishaan Choudhury,Mumbai,Maharashtra,2024-04-29
1947,Riya Nair,Coimbatore,Tamil Nadu,2025-06-12
1948,Deepak Ghosh,Kolkata,West Bengal,2026-05-31
1949,Vivaan Reddy,Kochi,Kerala,2021-02-03
1950,Manish Verma,Mumbai,Maharashtra,2025-06-02
1951,Sanjay Jain,Hyderabad,Telangana,2022-03-10
1952,Ritu Yadav,Kolkata,West Bengal,2024-10-20
1953,Ishaan Singh,Delhi,Delhi,2024-04-01
1954,Sneha Sharma,Mumbai,Maharashtra,2021-10-17
1955,Aditi Verma,Kolkata,West Bengal,2026-02-24
1956,Reyansh Sharma,Bengaluru,Karnataka,2024-08-21
1957,Akash Nair,Delhi,Delhi,2021-04-13
1958,Priya Saha,Bhopal,Madhya Pradesh,2021-07-19
1959,Aditya Das,Delhi,Delhi,2024-04-25
1960,Sanjay Saha,Pune,Maharashtra,2024-05-03
1961,Krishna Roy,New Delhi,Delhi,2025-07-06
1962,Manish Kumar,Chennai,Tamil Nadu,2025-09-08
1963,Nikhil Mishra,Mysuru,Karnataka,2026-06-22
1964,Deepak Patel,Ahmedabad,Gujarat,2022-10-21
1965,Sai Reddy,Bhubaneswar,Odisha,2024-04-29
1966,Reyansh Roy,Mumbai,Maharashtra,2022-07-15
1967,Riya Bora,Delhi,Delhi,2023-01-28
1968,Neha Verma,Hyderabad,Telangana,2026-03-11
1969,Ritu Saha,Nagpur,Maharashtra,2025-06-09
1970,Aarav Choudhury,Chennai,Tamil Nadu,2021-11-20
1971,Sai Singh,Pune,Maharashtra,2021-01-15
1972,Akash Nair,Gurugram,Haryana,2024-04-30
1973,Sanjay Choudhury,Hyderabad,Telangana,2025-07-12
1974,Reyansh Mehta,Noida,Uttar Pradesh,2022-02-27
1975,Ishaan Bora,Howrah,West Bengal,2023-04-24
1976,Aditi Bora,Jaipur,Rajasthan,2021-03-19
1977,Aditya Nair,Gurugram,Haryana,2024-06-07
1978,Riya Gupta,Chennai,Tamil Nadu,2021-01-10
1979,Arjun Saha,Delhi,Delhi,2023-12-22
1980,Riya Jain,Chennai,Tamil Nadu,2025-04-08
1981,Jyoti Patel,New Delhi,Delhi,2025-04-27
1982,Arjun Dutta,Bengaluru,Karnataka,2022-02-01
1983,Vikram Choudhury,Noida,Uttar Pradesh,2026-06-07
1984,Nikhil Verma,Kolkata,West Bengal,2021-11-24
1985,Rahul Patel,Mumbai,Maharashtra,2023-01-16
1986,Aditi Ghosh,Hyderabad,Telangana,2022-11-16
1987,Vivaan Yadav,Mumbai,Maharashtra,2025-02-25
1988,Aarav Choudhury,Delhi,Delhi,2025-05-28
1989,Akash Gupta,Howrah,West Bengal,2021-05-26
1990,Neha Reddy,Gurugram,Haryana,2024-04-28
1991,Nikhil Reddy,Hyderabad,Telangana,2025-03-11
1992,Ananya Gupta,New Delhi,Delhi,2021-08-14
1993,Meera Patel,Pune,Maharashtra,2025-02-19
1994,Aditya Choudhury,Chennai,Tamil Nadu,2022-03-28
1995,Akash Roy,Surat,Gujarat,2021-04-22
1996,Aditi Ghosh,Delhi,Delhi,2026-03-16
1997,Reyansh Ghosh,Delhi,Delhi,2023-02-04
1998,Diya Mehta,Gurugram,Haryana,2024-07-18
1999,Vivaan Mishra,New Delhi,Delhi,2021-09-18
2000,Arjun Ghosh,Mumbai,Maharashtra,2021-10-07
2001,Pooja Reddy,Kolkata,West Bengal,2021-12-17
2002,Aditi Bora,New Delhi,Delhi,2022-08-28
2003,Aditi Bora,Patna,Bihar,2024-07-30
2004,Ritu Gupta,Surat,Gujarat,2024-02-07
2005,Kavya Choudhury,Pune,Maharashtra,2025-10-22
2006,Neha Choudhury,Indore,Madhya Pradesh,2022-03-20
2007,Aarav Roy,Bhopal,Madhya Pradesh,2022-07-26
2008,Ishaan Reddy,Chandigarh,Chandigarh,2022-05-21
2009,Akash Mishra,Hyderabad,Telangana,2022-04-01
2010,Neha Sharma,Kochi,Kerala,2026-02-15
2011,Vivaan Choudhury,Hyderabad,Telangana,2021-04-01
2012,Vivaan Roy,Gurugram,Haryana,2023-10-30
2013,Sanjay Das,Howrah,West Bengal,2023-09-09
2014,Aditya Yadav,Hyderabad,Telangana,2022-05-08
2015,Manish Roy,Bhubaneswar,Odisha,2024-11-20
2016,Diya Nair,Kochi,Kerala,2021-09-29
2017,Aarav Choudhury,Bengaluru,Karnataka,2021-07-05
2018,Karan Ghosh,Lucknow,Uttar Pradesh,2021-11-28
2019,Neha Sharma,Indore,Madhya Pradesh,2025-03-11
2020,Pooja Dutta,Kochi,Kerala,2023-08-08
2021,Sai Iyer,Indore,Madhya Pradesh,2023-04-11
2022,Jyoti Sharma,Jaipur,Rajasthan,2024-12-12
2023,Isha Reddy,Indore,Madhya Pradesh,2021-05-25
2024,Meera Mehta,Howrah,West Bengal,2022-08-31
2025,Riya Mishra,Noida,Uttar Pradesh,2024-06-08
2026,Nikhil Singh,Patna,Bihar,2025-06-02
2027,Manish Verma,Jaipur,Rajasthan,2022-11-19
2028,Nikhil Iyer,Howrah,West Bengal,2026-02-07
2029,Isha Iyer,Guwahati,Assam,2021-08-16
2030,Diya Iyer,Kolkata,West Bengal,2021-03-25
2031,Karan Singh,Delhi,Delhi,2024-02-19
2032,Krishna Dutta,Ahmedabad,Gujarat,2025-05-04
2033,Riya Das,Thiruvananthapuram,Kerala,2022-05-04
2034,Pooja Mishra,Lucknow,Uttar Pradesh,2025-02-19
2035,Krishna Gupta,Indore,Madhya Pradesh,2024-12-10
2036,Rohan Jain,Mysuru,Karnataka,2026-01-13
2037,Vivaan Singh,Noida,Uttar Pradesh,2022-07-22
2038,Sneha Jain,Chennai,Tamil Nadu,2023-07-16
2039,Sneha Yadav,Howrah,West Bengal,2021-09-09
2040,Akash Nair,Noida,Uttar Pradesh,2023-12-28
2041,Sanjay Singh,Hyderabad,Telangana,2023-01-24
2042,Priya Singh,Delhi,Delhi,2025-12-16
2043,Sai Nair,Pune,Maharashtra,2026-01-13
2044,Arjun Bora,Kochi,Kerala,2021-06-07
2045,Reyansh Choudhury,Bengaluru,Karnataka,2024-11-28
2046,Kavya Sharma,Delhi,Delhi,2022-02-23
2047,Nikhil Yadav,Bengaluru,Karnataka,2026-06-09
2048,Diya Roy,Dibrugarh,Assam,2023-08-29
2049,Aarav Nair,Hyderabad,Telangana,2024-08-13
2050,Ritu Gupta,Delhi,Delhi,2021-02-15
2051,Jyoti Reddy,Bhopal,Madhya Pradesh,2023-12-01
2052,Jyoti Reddy,Hyderabad,Telangana,2022-12-04
2053,Karan Jain,Kolkata,West Bengal,2024-09-25
2054,Priya Nair,Bhopal,Madhya Pradesh,2023-07-01
2055,Sanjay Nair,Ahmedabad,Gujarat,2026-01-14
2056,Ishaan Choudhury,Delhi,Delhi,2022-06-17
2057,Pooja Verma,Chennai,Tamil Nadu,2022-08-14
2058,Priya Bora,Delhi,Delhi,2022-08-06
2059,Karan Yadav,Jaipur,Rajasthan,2021-11-26
2060,Sai Dutta,Bengaluru,Karnataka,2026-06-17
2061,Vivaan Reddy,Delhi,Delhi,2021-08-28
2062,Rohan Iyer,Ahmedabad,Gujarat,2023-06-22
2063,Karan Verma,Delhi,Delhi,2024-02-26
2064,Diya Dutta,Lucknow,Uttar Pradesh,2026-06-26
2065,Sai Yadav,Chennai,Tamil Nadu,2024-01-11
2066,Aarav Kumar,Bengaluru,Karnataka,2026-03-01
2067,Reyansh Ghosh,Dibrugarh,Assam,2025-04-23
2068,Aarav Yadav,Dibrugarh,Assam,2021-11-16
2069,Jyoti Nair,Kochi,Kerala,2022-11-10
2070,Pooja Mishra,Kolkata,West Bengal,2022-08-17
2071,Neha Ghosh,Lucknow,Uttar Pradesh,2025-06-26
2072,Manish Choudhury,Chennai,Tamil Nadu,2021-08-19
2073,Nikhil Yadav,Guwahati,Assam,2021-10-13
2074,Isha Saha,Pune,Maharashtra,2021-02-20
2075,Diya Singh,Bhopal,Madhya Pradesh,2023-07-03
2076,Jyoti Patel,Mysuru,Karnataka,2024-05-30
2077,Sanjay Mehta,Surat,Gujarat,2022-03-31
2078,Riya Ghosh,Delhi,Delhi,2021-06-21
2079,Aditya Jain,Noida,Uttar Pradesh,2026-05-16
2080,Ananya Saha,Coimbatore,Tamil Nadu,2023-10-02
2081,Vivaan Iyer,Jaipur,Rajasthan,2026-04-17
2082,Ritu Roy,Coimbatore,Tamil Nadu,2025-01-06
2083,Aarav Nair,Chennai,Tamil Nadu,2023-02-03
2084,Priya Yadav,Chennai,Tamil Nadu,2022-09-23
2085,Akash Ghosh,Pune,Maharashtra,2025-01-30
2086,Sanjay Ghosh,Chandigarh,Chandigarh,2023-05-02
2087,Manish Roy,Bengaluru,Karnataka,2025-07-09
2088,Reyansh Mishra,Gurugram,Haryana,2023-04-29
2089,Krishna Nair,Surat,Gujarat,2021-10-22
2090,Kavya Reddy,Kolkata,West Bengal,2025-11-12
2091,Neha Kumar,Mumbai,Maharashtra,2026-05-21
2092,Jyoti Mehta,Pune,Maharashtra,2023-04-19
2093,Priya Mishra,Hyderabad,Telangana,2024-02-13
2094,Krishna Bora,Bhubaneswar,Odisha,2021-10-08
2095,Riya Choudhury,Bhopal,Madhya Pradesh,2022-08-16
2096,Rahul Mishra,Mumbai,Maharashtra,2025-08-20
2097,Manish Ghosh,Bengaluru,Karnataka,2024-02-20
2098,Aarav Dutta,New Delhi,Delhi,2025-06-09
2099,Jyoti Choudhury,Bengaluru,Karnataka,2026-05-12
2100,Akash Nair,Nagpur,Maharashtra,2024-09-25
2101,Vikram Gupta,Hyderabad,Telangana,2023-10-05
2102,Rohan Choudhury,Mumbai,Maharashtra,2025-04-16
2103,Aditi Iyer,Thiruvananthapuram,Kerala,2021-05-17
2104,Meera Mehta,Surat,Gujarat,2024-03-04
2105,Karan Das,Jaipur,Rajasthan,2023-09-02
2106,Neha Sharma,Chennai,Tamil Nadu,2025-02-10
2107,Neha Verma,Bhopal,Madhya Pradesh,2021-11-30
2108,Akash Dutta,Delhi,Delhi,2023-08-03
2109,Rohan Iyer,Chennai,Tamil Nadu,2021-04-19
2110,Diya Verma,Hyderabad,Telangana,2026-02-11
2111,Jyoti Singh,Bengaluru,Karnataka,2023-12-21
2112,Jyoti Bora,Kolkata,West Bengal,2025-04-19
2113,Pooja Bora,Bhubaneswar,Odisha,2024-05-11
2114,Ananya Nair,Ahmedabad,Gujarat,2025-11-22
2115,Karan Iyer,Bengaluru,Karnataka,2024-11-30
2116,Diya Dutta,Pune,Maharashtra,2024-04-02
2117,Rahul Iyer,Mumbai,Maharashtra,2023-11-28
2118,Ananya Bora,Patna,Bihar,2023-04-24
2119,Kavya Gupta,Pune,Maharashtra,2021-11-13
2120,Akash Yadav,Bhopal,Madhya Pradesh,2025-06-17
2121,Kavya Yadav,Jaipur,Rajasthan,2025-08-30
2122,Pooja Das,Gurugram,Haryana,2024-12-09
2123,Aditya Das,Hyderabad,Telangana,2026-02-20
2124,Aarav Choudhury,Ranchi,Jharkhand,2026-03-07
2125,Diya Dutta,Chennai,Tamil Nadu,2024-11-16
2126,Aditi Jain,Ranchi,Jharkhand,2025-12-28
2127,Sai Nair,Bhubaneswar,Odisha,2022-12-02
2128,Arjun Gupta,Mumbai,Maharashtra,2025-07-27
2129,Reyansh Gupta,Nagpur,Maharashtra,2024-11-22
2130,Reyansh Singh,Mysuru,Karnataka,2022-03-06
2131,Sanjay Das,Hyderabad,Telangana,2025-04-12
2132,Sneha Roy,Pune,Maharashtra,2025-05-06
2133,Vivaan Jain,Mumbai,Maharashtra,2021-08-09
2134,Arjun Mehta,Surat,Gujarat,2023-08-19
2135,Nikhil Sharma,Mumbai,Maharashtra,2022-09-10
2136,Arjun Saha,Bhubaneswar,Odisha,2025-05-22
2137,Krishna Bora,New Delhi,Delhi,2026-01-20
2138,Aditya Dutta,Lucknow,Uttar Pradesh,2021-03-01
2139,Rohan Mishra,Bhopal,Madhya Pradesh,2026-04-13
2140,Ritu Jain,Chennai,Tamil Nadu,2021-11-25
2141,Ishaan Jain,Patna,Bihar,2024-06-09
2142,Deepak Mishra,Ahmedabad,Gujarat,2021-07-22
2143,Krishna Patel,Bhubaneswar,Odisha,2023-12-20
2144,Akash Yadav,Kochi,Kerala,2021-12-18
2145,Arjun Patel,Mumbai,Maharashtra,2025-01-25
2146,Karan Choudhury,Silchar,Assam,2025-10-10
2147,Sai Ghosh,Chennai,Tamil Nadu,2024-04-22
2148,Sai Iyer,Lucknow,Uttar Pradesh,2021-08-08
2149,Krishna Jain,Thiruvananthapuram,Kerala,2023-05-19
2150,Pooja Reddy,New Delhi,Delhi,2021-08-20
2151,Kavya Dutta,Nagpur,Maharashtra,2021-08-14
2152,Karan Nair,Kolkata,West Bengal,2023-01-10
2153,Aditya Reddy,Ahmedabad,Gujarat,2021-03-25
2154,Rahul Ghosh,Kolkata,West Bengal,2023-02-28
2155,Nikhil Ghosh,Surat,Gujarat,2022-10-01
2156,Rahul Roy,New Delhi,Delhi,2023-04-15
2157,Akash Choudhury,Delhi,Delhi,2021-05-23
2158,Sai Sharma,Shillong,Meghalaya,2023-01-23
2159,Nikhil Das,Thiruvananthapuram,Kerala,2023-10-04
2160,Nikhil Singh,Coimbatore,Tamil Nadu,2023-12-07
2161,Isha Mishra,Nagpur,Maharashtra,2023-03-20
2162,Vikram Bora,Kochi,Kerala,2025-02-27
2163,Krishna Reddy,Mumbai,Maharashtra,2026-06-21
2164,Isha Das,Delhi,Delhi,2025-09-25
2165,Manish Choudhury,New Delhi,Delhi,2023-05-20
2166,Pooja Mishra,Bengaluru,Karnataka,2025-01-01
2167,Sanjay Kumar,Surat,Gujarat,2025-03-29
2168,Aditi Kumar,Chennai,Tamil Nadu,2024-09-27
2169,Rohan Dutta,Thiruvananthapuram,Kerala,2023-11-14
2170,Arjun Mehta,Bhubaneswar,Odisha,2021-08-10
2171,Jyoti Dutta,Kolkata,West Bengal,2022-04-18
2172,Vivaan Singh,Mumbai,Maharashtra,2025-02-20
2173,Sai Kumar,Kolkata,West Bengal,2021-02-24
2174,Reyansh Nair,Jaipur,Rajasthan,2022-11-01
2175,Pooja Singh,Jaipur,Rajasthan,2021-07-17
2176,Pooja Choudhury,Lucknow,Uttar Pradesh,2023-12-01
2177,Rahul Choudhury,Patna,Bihar,2022-02-18
2178,Riya Reddy,Kolkata,West Bengal,2022-06-20
2179,Riya Sharma,Ranchi,Jharkhand,2024-01-13
2180,Meera Das,Kochi,Kerala,2021-03-06
2181,Ritu Kumar,Coimbatore,Tamil Nadu,2022-10-07
2182,Vivaan Bora,Hyderabad,Telangana,2021-03-15
2183,Pooja Nair,Ahmedabad,Gujarat,2025-10-29
2184,Sneha Roy,Guwahati,Assam,2021-12-03
2185,Isha Choudhury,Nagpur,Maharashtra,2025-01-05
2186,Nikhil Choudhury,Bhubaneswar,Odisha,2024-03-11
2187,Riya Mishra,Lucknow,Uttar Pradesh,2024-11-04
2188,Ritu Bora,Kolkata,West Bengal,2024-02-26
2189,Rohan Choudhury,Kolkata,West Bengal,2023-03-13
2190,Aditi Iyer,Surat,Gujarat,2023-02-13
2191,Ananya Verma,Bhubaneswar,Odisha,2022-08-06
2192,Reyansh Iyer,Mumbai,Maharashtra,2021-04-03
2193,Neha Sharma,Chennai,Tamil Nadu,2025-02-28
2194,Ananya Kumar,Bhubaneswar,Odisha,2024-07-04
2195,Diya Roy,Pune,Maharashtra,2022-12-08
2196,Ishaan Gupta,Chennai,Tamil Nadu,2024-09-16
2197,Neha Singh,New Delhi,Delhi,2022-10-02
2198,Ritu Nair,Silchar,Assam,2021-05-15
2199,Aarav Yadav,Pune,Maharashtra,2021-12-14
2200,Nikhil Roy,Mysuru,Karnataka,2023-08-02
2201,Meera Mehta,Ahmedabad,Gujarat,2026-01-21
2202,Neha Sharma,Mumbai,Maharashtra,2023-08-20
2203,Neha Kumar,Thiruvananthapuram,Kerala,2023-02-13
2204,Sanjay Choudhury,Mysuru,Karnataka,2021-07-20
2205,Krishna Reddy,Pune,Maharashtra,2024-10-14
2206,Pooja Reddy,Kolkata,West Bengal,2025-07-20
2207,Diya Roy,Delhi,Delhi,2022-09-06
2208,Ritu Singh,New Delhi,Delhi,2024-07-25
2209,Krishna Nair,Bhopal,Madhya Pradesh,2024-01-03
2210,Neha Kumar,Bengaluru,Karnataka,2022-09-01
2211,Manish Singh,Ranchi,Jharkhand,2024-07-03
2212,Arjun Mishra,Gurugram,Haryana,2024-03-30
2213,Neha Jain,Chennai,Tamil Nadu,2021-05-18
2214,Diya Singh,Kolkata,West Bengal,2022-03-06
2215,Kavya Nair,Lucknow,Uttar Pradesh,2022-09-11
2216,Ananya Patel,Hyderabad,Telangana,2024-01-11
2217,Aditi Jain,Hyderabad,Telangana,2022-05-30
2218,Riya Bora,Hyderabad,Telangana,2025-04-13
2219,Karan Jain,Indore,Madhya Pradesh,2024-07-09
2220,Sneha Patel,Indore,Madhya Pradesh,2024-03-27
2221,Manish Ghosh,Lucknow,Uttar Pradesh,2025-08-15
2222,Riya Saha,Bengaluru,Karnataka,2024-07-30
2223,Meera Mishra,Indore,Madhya Pradesh,2026-02-01
2224,Kavya Patel,Gurugram,Haryana,2021-05-03
2225,Ishaan Dutta,Chennai,Tamil Nadu,2021-10-30
2226,Rahul Roy,Chandigarh,Chandigarh,2025-04-17
2227,Deepak Singh,Hyderabad,Telangana,2025-10-28
2228,Meera Mehta,Jaipur,Rajasthan,2025-09-29
2229,Sai Mehta,Bhopal,Madhya Pradesh,2024-08-16
2230,Isha Gupta,Noida,Uttar Pradesh,2022-04-29
2231,Aarav Gupta,Pune,Maharashtra,2022-01-29
2232,Priya Choudhury,Patna,Bihar,2022-09-28
2233,Meera Verma,Ahmedabad,Gujarat,2023-06-13
2234,Reyansh Sharma,New Delhi,Delhi,2022-07-13
2235,Rohan Yadav,Bengaluru,Karnataka,2025-07-04
2236,Vivaan Choudhury,Delhi,Delhi,2025-10-12
2237,Ritu Singh,Patna,Bihar,2021-04-24
2238,Ritu Singh,Mysuru,Karnataka,2022-09-03
2239,Akash Iyer,Guwahati,Assam,2023-04-14
2240,Aditya Kumar,Lucknow,Uttar Pradesh,2025-12-19
2241,Deepak Dutta,Shillong,Meghalaya,2025-01-23
2242,Manish Jain,New Delhi,Delhi,2024-03-15
2243,Nikhil Mishra,Dibrugarh,Assam,2023-12-05
2244,Kavya Mehta,Kochi,Kerala,2026-03-23
2245,Ishaan Saha,Kolkata,West Bengal,2021-07-04
2246,Ananya Reddy,Nagpur,Maharashtra,2025-07-11
2247,Isha Gupta,Bhopal,Madhya Pradesh,2025-02-18
2248,Reyansh Das,Dibrugarh,Assam,2022-03-23
2249,Rohan Ghosh,Delhi,Delhi,2026-06-10
2250,Neha Verma,Hyderabad,Telangana,2025-11-03
2251,Karan Das,Kolkata,West Bengal,2023-02-07
2252,Sneha Gupta,Mysuru,Karnataka,2023-05-18
2253,Sanjay Dutta,Kochi,Kerala,2025-12-07
2254,Diya Nair,Chennai,Tamil Nadu,2025-01-05
2255,Akash Saha,Mumbai,Maharashtra,2026-06-04
2256,Nikhil Verma,Mumbai,Maharashtra,2025-02-23
2257,Nikhil Gupta,Noida,Uttar Pradesh,2025-06-04
2258,Rahul Iyer,Bengaluru,Karnataka,2023-02-27
2259,Arjun Yadav,Guwahati,Assam,2024-11-04
2260,Priya Kumar,Indore,Madhya Pradesh,2025-10-23
2261,Isha Mehta,Mumbai,Maharashtra,2026-05-22
2262,Deepak Gupta,Bengaluru,Karnataka,2026-04-02
2263,Akash Bora,Bengaluru,Karnataka,2025-10-27
2264,Ananya Roy,Silchar,Assam,2024-07-17
2265,Ritu Singh,Patna,Bihar,2022-07-16
2266,Sneha Choudhury,Bhopal,Madhya Pradesh,2026-04-11
2267,Deepak Reddy,Chandigarh,Chandigarh,2026-03-13
2268,Vikram Das,Gurugram,Haryana,2025-12-01
2269,Rohan Jain,Bhopal,Madhya Pradesh,2024-12-01
2270,Aditi Yadav,Mumbai,Maharashtra,2023-05-12
2271,Karan Sharma,Chandigarh,Chandigarh,2023-07-18
2272,Jyoti Bora,Bhubaneswar,Odisha,2024-08-06
2273,Jyoti Dutta,Jaipur,Rajasthan,2025-06-09
2274,Jyoti Nair,Mumbai,Maharashtra,2022-02-14
2275,Arjun Bora,Mysuru,Karnataka,2021-06-18
2276,Pooja Dutta,Bengaluru,Karnataka,2025-01-01
2277,Meera Reddy,Bhopal,Madhya Pradesh,2024-11-05
2278,Manish Dutta,Hyderabad,Telangana,2025-11-24
2279,Neha Reddy,Bengaluru,Karnataka,2024-11-08
2280,Aditya Roy,Ranchi,Jharkhand,2022-02-11
2281,Akash Kumar,Chennai,Tamil Nadu,2023-03-17
2282,Neha Gupta,Kochi,Kerala,2025-12-17
2283,Vikram Yadav,Mumbai,Maharashtra,2021-02-17
2284,Ishaan Singh,Lucknow,Uttar Pradesh,2024-07-07
2285,Rohan Bora,Kochi,Kerala,2022-02-11
2286,Meera Saha,Mumbai,Maharashtra,2024-06-19
2287,Diya Bora,Bengaluru,Karnataka,2021-07-02
2288,Aarav Jain,Kochi,Kerala,2021-08-29
2289,Vikram Ghosh,Hyderabad,Telangana,2026-02-28
2290,Arjun Gupta,Bhopal,Madhya Pradesh,2023-10-10
2291,Ritu Mehta,Gurugram,Haryana,2022-01-26
2292,Isha Dutta,Bengaluru,Karnataka,2023-10-10
2293,Aditi Patel,Hyderabad,Telangana,2022-02-28
2294,Manish Patel,Thiruvananthapuram,Kerala,2022-08-03
2295,Sanjay Dutta,Hyderabad,Telangana,2023-04-17
2296,Rohan Gupta,Mumbai,Maharashtra,2026-06-23
2297,Ishaan Iyer,Jaipur,Rajasthan,2026-02-02
2298,Priya Singh,Surat,Gujarat,2024-08-18
2299,Ritu Reddy,Mumbai,Maharashtra,2021-09-30
2300,Nikhil Patel,Kochi,Kerala,2023-03-26
2301,Meera Saha,Gurugram,Haryana,2024-12-21
2302,Riya Verma,Bengaluru,Karnataka,2021-07-15
2303,Ishaan Choudhury,Mumbai,Maharashtra,2026-03-22
2304,Nikhil Saha,Guwahati,Assam,2024-05-26
2305,Vivaan Sharma,Gurugram,Haryana,2025-07-17
2306,Isha Nair,Bengaluru,Karnataka,2024-06-23
2307,Diya Dutta,Kochi,Kerala,2024-10-06
2308,Vivaan Mishra,Kochi,Kerala,2024-02-20
2309,Kavya Choudhury,Delhi,Delhi,2021-12-14
2310,Priya Dutta,Dibrugarh,Assam,2025-12-03
2311,Kavya Roy,Pune,Maharashtra,2024-12-25
2312,Ananya Verma,Delhi,Delhi,2021-08-28
2313,Ritu Mehta,Kochi,Kerala,2023-10-20
2314,Meera Nair,Chandigarh,Chandigarh,2026-03-12
2315,Aditi Mehta,Guwahati,Assam,2022-06-24
2316,Akash Bora,Howrah,West Bengal,2023-06-12
2317,Pooja Dutta,Mysuru,Karnataka,2023-10-04
2318,Nikhil Ghosh,Ahmedabad,Gujarat,2026-03-06
2319,Vivaan Gupta,Mumbai,Maharashtra,2021-11-01
2320,Rohan Bora,Delhi,Delhi,2023-08-22
2321,Arjun Choudhury,Gurugram,Haryana,2023-06-13
2322,Karan Yadav,Mumbai,Maharashtra,2023-01-01
2323,Arjun Dutta,Kolkata,West Bengal,2023-10-07
2324,Krishna Nair,Nagpur,Maharashtra,2021-07-11
2325,Manish Jain,Delhi,Delhi,2021-12-11
2326,Akash Mishra,Bhopal,Madhya Pradesh,2024-02-28
2327,Aarav Jain,New Delhi,Delhi,2026-06-13
2328,Meera Singh,Bhubaneswar,Odisha,2022-01-05
2329,Nikhil Das,Bengaluru,Karnataka,2023-10-18
2330,Rahul Das,Guwahati,Assam,2021-02-23
2331,Vikram Das,Coimbatore,Tamil Nadu,2024-04-24
2332,Aarav Singh,Bhopal,Madhya Pradesh,2021-11-11
2333,Nikhil Choudhury,Kolkata,West Bengal,2024-12-20
2334,Rohan Saha,Hyderabad,Telangana,2026-05-11
2335,Vivaan Saha,Lucknow,Uttar Pradesh,2022-11-06
2336,Manish Mishra,Kochi,Kerala,2022-10-28
2337,Vivaan Nair,Nagpur,Maharashtra,2025-11-03
2338,Manish Singh,Mysuru,Karnataka,2021-04-24
2339,Isha Singh,Ahmedabad,Gujarat,2024-05-18
2340,Ishaan Kumar,Coimbatore,Tamil Nadu,2021-12-31
2341,Krishna Bora,Pune,Maharashtra,2025-10-12
2342,Rahul Dutta,Coimbatore,Tamil Nadu,2023-04-05
2343,Sanjay Roy,Nagpur,Maharashtra,2023-10-03
2344,Rahul Saha,Gurugram,Haryana,2026-03-03
2345,Arjun Iyer,Nagpur,Maharashtra,2024-09-24
2346,Priya Kumar,Kolkata,West Bengal,2023-09-30
2347,Aditi Roy,Kolkata,West Bengal,2024-02-28
2348,Sanjay Iyer,Pune,Maharashtra,2023-05-16
2349,Jyoti Roy,Jaipur,Rajasthan,2023-06-09
2350,Ananya Ghosh,Pune,Maharashtra,2023-11-18
2351,Nikhil Dutta,Noida,Uttar Pradesh,2024-08-19
2352,Jyoti Jain,Dibrugarh,Assam,2023-12-16
2353,Meera Singh,Pune,Maharashtra,2023-08-17
2354,Rahul Dutta,Guwahati,Assam,2023-09-06
2355,Akash Nair,Thiruvananthapuram,Kerala,2024-11-02
2356,Meera Nair,Bhopal,Madhya Pradesh,2023-12-08
2357,Aditya Verma,Ahmedabad,Gujarat,2024-02-03
2358,Meera Roy,Kolkata,West Bengal,2023-11-12
2359,Manish Mishra,Pune,Maharashtra,2024-09-15
2360,Rohan Mishra,Ranchi,Jharkhand,2022-12-29
2361,Aarav Das,Pune,Maharashtra,2023-10-29
2362,Sai Bora,Chandigarh,Chandigarh,2023-08-06
2363,Aditya Roy,Bhopal,Madhya Pradesh,2021-04-03
2364,Ananya Mishra,Indore,Madhya Pradesh,2022-09-02
2365,Nikhil Ghosh,Gurugram,Haryana,2025-04-01
2366,Ananya Bora,Jaipur,Rajasthan,2022-06-27
2367,Manish Saha,New Delhi,Delhi,2021-06-10
2368,Arjun Roy,Bengaluru,Karnataka,2024-10-11
2369,Isha Das,Howrah,West Bengal,2021-01-12
2370,Sneha Ghosh,Mumbai,Maharashtra,2024-09-05
2371,Nikhil Saha,Noida,Uttar Pradesh,2025-11-15
2372,Aditi Saha,Gurugram,Haryana,2022-09-13
2373,Karan Kumar,Chennai,Tamil Nadu,2024-10-11
2374,Reyansh Dutta,Ranchi,Jharkhand,2021-06-29
2375,Deepak Sharma,Mumbai,Maharashtra,2021-08-18
2376,Ritu Sharma,Noida,Uttar Pradesh,2022-01-21
2377,Reyansh Gupta,New Delhi,Delhi,2024-08-21
2378,Ritu Yadav,Hyderabad,Telangana,2024-07-06
2379,Pooja Ghosh,Delhi,Delhi,2022-09-09
2380,Aarav Das,Delhi,Delhi,2023-05-15
2381,Manish Ghosh,Delhi,Delhi,2021-11-09
2382,Aarav Ghosh,Kochi,Kerala,2023-08-24
2383,Rahul Mishra,Surat,Gujarat,2022-02-17
2384,Vivaan Reddy,Bhopal,Madhya Pradesh,2023-03-14
2385,Ritu Roy,Mumbai,Maharashtra,2024-07-15
2386,Sneha Mishra,Thiruvananthapuram,Kerala,2025-10-04
2387,Rahul Verma,Surat,Gujarat,2024-02-10
2388,Kavya Mishra,Kolkata,West Bengal,2023-09-23
2389,Nikhil Choudhury,Gurugram,Haryana,2026-03-31
2390,Kavya Sharma,New Delhi,Delhi,2021-05-05
2391,Riya Singh,Hyderabad,Telangana,2022-10-09
2392,Meera Choudhury,Bengaluru,Karnataka,2024-08-20
2393,Jyoti Iyer,Pune,Maharashtra,2024-06-29
2394,Aarav Bora,Hyderabad,Telangana,2023-06-13
2395,Sneha Iyer,Bengaluru,Karnataka,2022-01-29
2396,Ishaan Mishra,Hyderabad,Telangana,2023-11-06
2397,Vikram Saha,Guwahati,Assam,2022-11-26
2398,Nikhil Ghosh,Indore,Madhya Pradesh,2025-01-04
2399,Manish Kumar,Nagpur,Maharashtra,2022-08-24
2400,Nikhil Iyer,Kochi,Kerala,2025-09-03
2401,Ritu Bora,Patna,Bihar,2025-06-26
2402,Karan Singh,Jaipur,Rajasthan,2022-08-02
2403,Sai Patel,Lucknow,Uttar Pradesh,2021-09-22
2404,Arjun Roy,Delhi,Delhi,2023-10-05
2405,Rahul Gupta,Shillong,Meghalaya,2023-10-09
2406,Aarav Iyer,New Delhi,Delhi,2021-04-07
2407,Nikhil Bora,Indore,Madhya Pradesh,2023-01-02
2408,Akash Jain,Delhi,Delhi,2025-10-27
2409,Ananya Roy,Mumbai,Maharashtra,2021-05-11
2410,Arjun Yadav,Pune,Maharashtra,2022-04-10
2411,Ananya Iyer,New Delhi,Delhi,2022-06-13
2412,Akash Yadav,Bhubaneswar,Odisha,2025-04-27
2413,Ritu Jain,Bengaluru,Karnataka,2021-11-06
2414,Karan Verma,Jaipur,Rajasthan,2021-08-02
2415,Sanjay Ghosh,Dibrugarh,Assam,2023-06-16
2416,Arjun Das,Kochi,Kerala,2025-03-28
2417,Sanjay Das,Patna,Bihar,2024-06-02
2418,Kavya Das,Bhopal,Madhya Pradesh,2021-03-27
2419,Ritu Patel,Delhi,Delhi,2021-08-30
2420,Manish Nair,Silchar,Assam,2021-11-18
2421,Kavya Choudhury,Gurugram,Haryana,2025-04-10
2422,Reyansh Iyer,Gurugram,Haryana,2021-07-23
2423,Arjun Patel,Chennai,Tamil Nadu,2021-10-10
2424,Pooja Sharma,Hyderabad,Telangana,2023-05-02
2425,Sneha Reddy,Bengaluru,Karnataka,2025-07-16
2426,Aditya Mehta,Bengaluru,Karnataka,2021-12-17
2427,Meera Iyer,Chennai,Tamil Nadu,2025-03-26
2428,Reyansh Jain,Jaipur,Rajasthan,2022-05-18
2429,Reyansh Roy,Hyderabad,Telangana,2022-04-13
2430,Akash Ghosh,Hyderabad,Telangana,2023-04-19
2431,Sanjay Iyer,Kochi,Kerala,2023-11-24
2432,Reyansh Sharma,Shillong,Meghalaya,2023-06-26
2433,Aditya Singh,Gurugram,Haryana,2023-11-26
2434,Pooja Bora,Chennai,Tamil Nadu,2023-04-03
2435,Pooja Verma,Hyderabad,Telangana,2023-03-17
2436,Reyansh Mishra,Lucknow,Uttar Pradesh,2024-08-06
2437,Karan Jain,Mumbai,Maharashtra,2024-07-17
2438,Isha Yadav,Kochi,Kerala,2023-05-09
2439,Manish Reddy,Indore,Madhya Pradesh,2025-01-17
2440,Deepak Mehta,Guwahati,Assam,2021-01-17
2441,Vikram Dutta,Guwahati,Assam,2024-06-04
2442,Jyoti Patel,Noida,Uttar Pradesh,2023-07-03
2443,Sanjay Saha,Guwahati,Assam,2024-07-02
2444,Diya Kumar,Lucknow,Uttar Pradesh,2024-11-29
2445,Rahul Singh,Patna,Bihar,2025-12-10
2446,Isha Dutta,Mumbai,Maharashtra,2022-11-17
2447,Rahul Patel,Howrah,West Bengal,2024-01-13
2448,Rahul Jain,Pune,Maharashtra,2024-02-05
2449,Sai Sharma,Chennai,Tamil Nadu,2024-07-25
2450,Riya Mishra,Mumbai,Maharashtra,2025-06-20
2451,Pooja Nair,Bengaluru,Karnataka,2025-09-01
2452,Arjun Verma,Gurugram,Haryana,2023-11-01
2453,Jyoti Jain,Bhopal,Madhya Pradesh,2022-06-16
2454,Pooja Das,Chennai,Tamil Nadu,2021-04-08
2455,Manish Sharma,Hyderabad,Telangana,2024-03-18
2456,Sanjay Mishra,Hyderabad,Telangana,2022-04-29
2457,Jyoti Yadav,Ahmedabad,Gujarat,2026-01-06
2458,Diya Nair,Bhopal,Madhya Pradesh,2022-04-24
2459,Deepak Mishra,Bengaluru,Karnataka,2025-05-27
2460,Isha Jain,Lucknow,Uttar Pradesh,2025-01-02
2461,Ananya Jain,Chandigarh,Chandigarh,2021-08-04
2462,Pooja Iyer,Surat,Gujarat,2025-08-13
2463,Karan Roy,Hyderabad,Telangana,2021-10-28
2464,Aditya Verma,Bhopal,Madhya Pradesh,2021-06-17
2465,Sneha Patel,Hyderabad,Telangana,2021-09-24
2466,Nikhil Jain,Hyderabad,Telangana,2023-01-27
2467,Kavya Kumar,Coimbatore,Tamil Nadu,2024-02-19
2468,Sneha Roy,Indore,Madhya Pradesh,2024-04-11
2469,Vikram Choudhury,Thiruvananthapuram,Kerala,2024-11-12
2470,Deepak Bora,Gurugram,Haryana,2023-05-04
2471,Sneha Ghosh,Delhi,Delhi,2021-09-18
2472,Kavya Jain,Nagpur,Maharashtra,2024-12-13
2473,Priya Choudhury,Nagpur,Maharashtra,2022-03-12
2474,Riya Iyer,Mumbai,Maharashtra,2021-11-18
2475,Aditi Roy,Silchar,Assam,2021-09-01
2476,Neha Nair,Pune,Maharashtra,2023-01-27
2477,Arjun Iyer,Mumbai,Maharashtra,2021-11-10
2478,Rahul Nair,Bengaluru,Karnataka,2023-02-06
2479,Reyansh Dutta,Kolkata,West Bengal,2025-06-09
2480,Vivaan Nair,Patna,Bihar,2023-05-14
2481,Sai Choudhury,Guwahati,Assam,2022-03-18
2482,Diya Singh,Mumbai,Maharashtra,2024-01-27
2483,Sneha Mishra,Indore,Madhya Pradesh,2023-05-06
2484,Akash Reddy,Mysuru,Karnataka,2023-07-16
2485,Deepak Saha,Patna,Bihar,2023-09-01
2486,Kavya Ghosh,Nagpur,Maharashtra,2021-10-11
2487,Priya Dutta,Bhubaneswar,Odisha,2024-09-28
2488,Aditya Saha,Indore,Madhya Pradesh,2022-10-29
2489,Isha Gupta,Lucknow,Uttar Pradesh,2023-04-19
2490,Riya Verma,Guwahati,Assam,2022-11-26
2491,Priya Mehta,Kochi,Kerala,2025-12-28
2492,Sai Sharma,Lucknow,Uttar Pradesh,2025-11-09
2493,Pooja Nair,Ahmedabad,Gujarat,2025-06-19
2494,Jyoti Yadav,Ahmedabad,Gujarat,2021-09-11
2495,Aditi Yadav,Pune,Maharashtra,2026-05-11
2496,Neha Jain,Surat,Gujarat,2021-04-19
2497,Kavya Sharma,Delhi,Delhi,2023-09-02
2498,Riya Bora,Nagpur,Maharashtra,2026-04-02
2499,Sanjay Patel,Kochi,Kerala,2022-07-18
2500,Deepak Mishra,Bengaluru,Karnataka,2024-12-16
2501,Riya Saha,Hyderabad,Telangana,2025-07-11
2502,Vivaan Choudhury,Mysuru,Karnataka,2024-04-21
2503,Ananya Roy,Indore,Madhya Pradesh,2021-02-17
2504,Ritu Jain,Delhi,Delhi,2021-02-19
2505,Aditya Das,Mysuru,Karnataka,2022-06-11
2506,Sai Nair,Thiruvananthapuram,Kerala,2024-01-15
2507,Pooja Singh,Delhi,Delhi,2022-06-08
2508,Meera Bora,Delhi,Delhi,2026-05-05
2509,Ananya Bora,Mumbai,Maharashtra,2026-05-23
2510,Rahul Kumar,Mumbai,Maharashtra,2021-04-30
2511,Meera Reddy,Pune,Maharashtra,2021-10-19
2512,Deepak Das,Bengaluru,Karnataka,2026-04-13
2513,Pooja Saha,Mumbai,Maharashtra,2022-05-06
2514,Kavya Jain,Surat,Gujarat,2023-10-07
2515,Rohan Verma,Coimbatore,Tamil Nadu,2021-08-24
2516,Meera Singh,Mysuru,Karnataka,2024-02-07
2517,Jyoti Gupta,Kolkata,West Bengal,2023-04-15
2518,Rohan Yadav,Silchar,Assam,2021-02-08
2519,Arjun Gupta,Kochi,Kerala,2024-10-14
2520,Sanjay Dutta,Bhubaneswar,Odisha,2024-08-27
2521,Priya Singh,Bengaluru,Karnataka,2023-04-14
2522,Krishna Dutta,Bhopal,Madhya Pradesh,2023-10-22
2523,Sanjay Gupta,Chennai,Tamil Nadu,2021-12-11
2524,Vikram Yadav,Ahmedabad,Gujarat,2023-05-18
2525,Deepak Ghosh,Hyderabad,Telangana,2021-01-03
2526,Rahul Bora,Kochi,Kerala,2024-06-25
2527,Vikram Choudhury,Mumbai,Maharashtra,2026-03-27
2528,Deepak Kumar,Bengaluru,Karnataka,2022-05-29
2529,Jyoti Patel,Thiruvananthapuram,Kerala,2025-09-22
2530,Rahul Verma,Surat,Gujarat,2023-11-12
2531,Neha Singh,Delhi,Delhi,2023-12-30
2532,Karan Das,Bengaluru,Karnataka,2023-03-21
2533,Riya Mehta,Bhopal,Madhya Pradesh,2025-01-24
2534,Aditi Jain,Indore,Madhya Pradesh,2022-03-08
2535,Akash Reddy,Kochi,Kerala,2022-10-14
2536,Pooja Ghosh,Jaipur,Rajasthan,2026-06-30
2537,Ananya Reddy,Bengaluru,Karnataka,2024-09-18
2538,Aditi Reddy,New Delhi,Delhi,2026-05-19
2539,Reyansh Sharma,Mumbai,Maharashtra,2024-11-17
2540,Akash Sharma,Jaipur,Rajasthan,2021-01-09
2541,Riya Choudhury,Lucknow,Uttar Pradesh,2023-04-27
2542,Aditya Singh,Bhubaneswar,Odisha,2024-01-08
2543,Deepak Ghosh,Ahmedabad,Gujarat,2026-01-02
2544,Deepak Kumar,Lucknow,Uttar Pradesh,2022-12-24
2545,Isha Bora,Bhopal,Madhya Pradesh,2023-01-04
2546,Karan Sharma,Bhopal,Madhya Pradesh,2025-07-21
2547,Vikram Patel,Nagpur,Maharashtra,2023-01-29
2548,Manish Sharma,Hyderabad,Telangana,2022-03-30
2549,Vikram Iyer,Bhubaneswar,Odisha,2024-10-25
2550,Aditi Nair,Delhi,Delhi,2025-07-30
2551,Ishaan Choudhury,Ranchi,Jharkhand,2022-03-29
2552,Rohan Choudhury,Kochi,Kerala,2021-03-17
2553,Aditi Patel,Guwahati,Assam,2024-12-18
2554,Jyoti Kumar,Mumbai,Maharashtra,2025-08-09
2555,Neha Jain,Pune,Maharashtra,2022-07-23
2556,Krishna Mishra,Kolkata,West Bengal,2024-02-05
2557,Neha Bora,Lucknow,Uttar Pradesh,2024-05-19
2558,Manish Singh,Mumbai,Maharashtra,2021-09-20
2559,Neha Gupta,Nagpur,Maharashtra,2026-03-27
2560,Sanjay Mehta,Indore,Madhya Pradesh,2025-02-01
2561,Aarav Yadav,Delhi,Delhi,2024-10-20
2562,Riya Ghosh,Jaipur,Rajasthan,2024-10-26
2563,Jyoti Verma,Mumbai,Maharashtra,2023-05-25
2564,Meera Roy,Indore,Madhya Pradesh,2022-10-24
2565,Kavya Ghosh,Bengaluru,Karnataka,2024-10-24
2566,Pooja Verma,Kolkata,West Bengal,2023-11-26
2567,Vivaan Mehta,Guwahati,Assam,2022-04-05
2568,Priya Reddy,Silchar,Assam,2023-12-27
2569,Ananya Singh,Mumbai,Maharashtra,2022-02-03
2570,Aarav Gupta,Indore,Madhya Pradesh,2025-07-13
2571,Aditya Gupta,Kochi,Kerala,2023-05-18
2572,Rahul Singh,Delhi,Delhi,2022-11-06
2573,Aarav Choudhury,Jaipur,Rajasthan,2021-07-18
2574,Neha Reddy,Hyderabad,Telangana,2021-02-19
2575,Arjun Choudhury,Bhopal,Madhya Pradesh,2022-05-22
2576,Deepak Verma,Bengaluru,Karnataka,2022-11-29
2577,Sanjay Gupta,Bhopal,Madhya Pradesh,2023-12-01
2578,Aditi Saha,Shillong,Meghalaya,2025-05-08
2579,Jyoti Ghosh,Hyderabad,Telangana,2021-07-15
2580,Vivaan Verma,Surat,Gujarat,2021-06-25
2581,Ritu Singh,Chennai,Tamil Nadu,2025-12-28
2582,Vikram Ghosh,Patna,Bihar,2021-05-07
2583,Jyoti Roy,Mumbai,Maharashtra,2024-06-04
2584,Vivaan Yadav,Mumbai,Maharashtra,2024-10-19
2585,Isha Kumar,Mumbai,Maharashtra,2025-10-07
2586,Meera Gupta,Pune,Maharashtra,2025-03-21
2587,Nikhil Saha,Indore,Madhya Pradesh,2025-06-01
2588,Priya Roy,Mumbai,Maharashtra,2023-02-26
2589,Arjun Reddy,Indore,Madhya Pradesh,2024-06-22
2590,Sanjay Sharma,Lucknow,Uttar Pradesh,2024-10-15
2591,Neha Patel,Hyderabad,Telangana,2022-11-04
2592,Aditi Singh,Pune,Maharashtra,2021-01-26
2593,Krishna Mishra,Surat,Gujarat,2025-09-18
2594,Rohan Iyer,Nagpur,Maharashtra,2023-11-09
2595,Aditi Ghosh,Hyderabad,Telangana,2025-01-24
2596,Sanjay Verma,Delhi,Delhi,2021-10-09
2597,Neha Roy,Mumbai,Maharashtra,2022-10-01
2598,Pooja Iyer,Kolkata,West Bengal,2024-08-27
2599,Riya Dutta,Mysuru,Karnataka,2025-12-18
2600,Aditi Reddy,Delhi,Delhi,2022-09-25
2601,Aarav Jain,Bengaluru,Karnataka,2026-06-11
2602,Reyansh Verma,Surat,Gujarat,2024-10-21
2603,Deepak Yadav,Bengaluru,Karnataka,2025-08-05
2604,Diya Patel,Indore,Madhya Pradesh,2023-05-15
2605,Vikram Patel,Kochi,Kerala,2024-08-04
2606,Krishna Choudhury,Patna,Bihar,2022-12-01
2607,Aditi Reddy,Noida,Uttar Pradesh,2023-08-16
2608,Ananya Saha,Indore,Madhya Pradesh,2024-03-05
2609,Sai Das,Bengaluru,Karnataka,2022-11-05
2610,Vikram Verma,Hyderabad,Telangana,2025-06-05
2611,Aarav Gupta,Kolkata,West Bengal,2026-02-28
2612,Aditi Patel,Noida,Uttar Pradesh,2023-08-14
2613,Pooja Reddy,Bengaluru,Karnataka,2025-02-13
2614,Krishna Kumar,Ranchi,Jharkhand,2023-02-09
2615,Diya Sharma,Delhi,Delhi,2021-01-14
2616,Riya Das,Pune,Maharashtra,2021-03-03
2617,Krishna Mishra,Delhi,Delhi,2023-06-21
2618,Vivaan Sharma,Silchar,Assam,2023-01-08
2619,Sai Gupta,Delhi,Delhi,2022-08-05
2620,Sai Reddy,Guwahati,Assam,2025-01-12
2621,Sai Patel,Indore,Madhya Pradesh,2022-05-19
2622,Rohan Das,Mumbai,Maharashtra,2025-09-23
2623,Reyansh Kumar,Mumbai,Maharashtra,2024-10-19
2624,Arjun Reddy,Lucknow,Uttar Pradesh,2025-12-18
2625,Priya Gupta,Dibrugarh,Assam,2022-09-17
2626,Nikhil Bora,Chennai,Tamil Nadu,2023-02-02
2627,Sanjay Saha,Shillong,Meghalaya,2026-06-25
2628,Karan Singh,Indore,Madhya Pradesh,2025-12-04
2629,Vikram Dutta,Nagpur,Maharashtra,2025-12-13
2630,Riya Kumar,Patna,Bihar,2022-01-28
2631,Aditi Roy,Noida,Uttar Pradesh,2022-10-14
2632,Vikram Verma,Kochi,Kerala,2022-05-16
2633,Krishna Yadav,Bhubaneswar,Odisha,2024-04-17
2634,Ananya Gupta,Bengaluru,Karnataka,2021-11-01
2635,Rohan Dutta,Mumbai,Maharashtra,2025-06-18
2636,Neha Choudhury,Indore,Madhya Pradesh,2026-06-07
2637,Sanjay Choudhury,New Delhi,Delhi,2021-06-16
2638,Aditya Bora,Patna,Bihar,2024-06-13
2639,Akash Jain,Kolkata,West Bengal,2025-03-19
2640,Priya Bora,Chennai,Tamil Nadu,2023-11-29
2641,Kavya Choudhury,Mysuru,Karnataka,2023-02-05
2642,Sneha Mehta,Gurugram,Haryana,2023-10-11
2643,Vikram Mishra,Surat,Gujarat,2024-07-30
2644,Ishaan Patel,Lucknow,Uttar Pradesh,2022-03-01
2645,Isha Patel,Hyderabad,Telangana,2022-04-26
2646,Isha Mishra,Mysuru,Karnataka,2025-12-26
2647,Diya Mehta,Delhi,Delhi,2025-09-22
2648,Pooja Singh,Ahmedabad,Gujarat,2021-10-03
2649,Diya Gupta,Bengaluru,Karnataka,2023-11-29
2650,Kavya Saha,Surat,Gujarat,2023-08-11
2651,Priya Roy,Chennai,Tamil Nadu,2023-07-13
2652,Sneha Reddy,Hyderabad,Telangana,2025-07-06
2653,Sai Ghosh,Bengaluru,Karnataka,2021-02-20
2654,Aditya Iyer,New Delhi,Delhi,2024-08-14
2655,Deepak Jain,Guwahati,Assam,2022-08-27
2656,Aditya Mehta,Kolkata,West Bengal,2024-08-11
2657,Arjun Singh,Dibrugarh,Assam,2021-07-21
2658,Krishna Reddy,Chennai,Tamil Nadu,2024-01-24
2659,Rohan Nair,Delhi,Delhi,2022-11-06
2660,Nikhil Mehta,Chandigarh,Chandigarh,2025-04-23
2661,Reyansh Yadav,Delhi,Delhi,2024-05-22
2662,Pooja Nair,Silchar,Assam,2021-01-18
2663,Sanjay Kumar,Bengaluru,Karnataka,2022-12-11
2664,Neha Sharma,Kochi,Kerala,2025-08-11
2665,Pooja Dutta,Kolkata,West Bengal,2023-11-16
2666,Ishaan Patel,Indore,Madhya Pradesh,2022-04-12
2667,Neha Yadav,Kolkata,West Bengal,2023-11-23
2668,Deepak Ghosh,Bhubaneswar,Odisha,2025-01-19
2669,Ananya Patel,Chennai,Tamil Nadu,2021-06-25
2670,Karan Roy,Hyderabad,Telangana,2026-04-14
2671,Ritu Yadav,New Delhi,Delhi,2023-07-11
2672,Neha Dutta,Mumbai,Maharashtra,2021-10-12
2673,Aarav Choudhury,Mysuru,Karnataka,2025-02-20
2674,Diya Reddy,Ranchi,Jharkhand,2025-09-05
2675,Nikhil Kumar,New Delhi,Delhi,2023-05-22
2676,Riya Nair,Bhubaneswar,Odisha,2024-11-15
2677,Neha Verma,Mysuru,Karnataka,2021-02-17
2678,Ananya Mishra,Silchar,Assam,2021-11-11
2679,Vikram Saha,Jaipur,Rajasthan,2024-05-19
2680,Isha Patel,Ahmedabad,Gujarat,2023-03-12
2681,Riya Kumar,Kochi,Kerala,2021-05-11
2682,Ananya Mishra,Delhi,Delhi,2021-08-11
2683,Akash Nair,Kochi,Kerala,2024-08-01
2684,Nikhil Yadav,Pune,Maharashtra,2021-08-02
2685,Karan Saha,Delhi,Delhi,2025-08-20
2686,Krishna Singh,Kolkata,West Bengal,2022-01-18
2687,Rahul Patel,Silchar,Assam,2023-03-02
2688,Kavya Singh,New Delhi,Delhi,2024-09-12
2689,Kavya Sharma,Hyderabad,Telangana,2023-01-25
2690,Vikram Roy,Delhi,Delhi,2025-10-27
2691,Reyansh Yadav,Coimbatore,Tamil Nadu,2021-08-15
2692,Aditya Kumar,Hyderabad,Telangana,2025-03-02
2693,Krishna Dutta,Kochi,Kerala,2025-11-08
2694,Meera Choudhury,Indore,Madhya Pradesh,2022-09-27
2695,Rahul Mishra,Delhi,Delhi,2024-03-23
2696,Nikhil Ghosh,New Delhi,Delhi,2025-01-07
2697,Reyansh Ghosh,Bengaluru,Karnataka,2021-01-16
2698,Aditi Gupta,Mumbai,Maharashtra,2023-03-29
2699,Neha Choudhury,Howrah,West Bengal,2026-02-08
2700,Vivaan Singh,Kolkata,West Bengal,2024-03-25
2701,Vikram Ghosh,Bengaluru,Karnataka,2025-12-10
2702,Karan Nair,Chennai,Tamil Nadu,2025-09-22
2703,Sanjay Bora,Coimbatore,Tamil Nadu,2025-08-14
2704,Akash Saha,Hyderabad,Telangana,2022-01-03
2705,Isha Bora,Gurugram,Haryana,2023-07-27
2706,Isha Verma,Noida,Uttar Pradesh,2021-07-15
2707,Sai Mehta,Bengaluru,Karnataka,2025-11-18
2708,Rahul Singh,Guwahati,Assam,2024-01-07
2709,Akash Patel,Noida,Uttar Pradesh,2025-01-19
2710,Pooja Yadav,Guwahati,Assam,2023-04-23
2711,Aditya Das,Nagpur,Maharashtra,2023-01-26
2712,Ananya Roy,Kolkata,West Bengal,2025-05-16
2713,Krishna Jain,Hyderabad,Telangana,2022-06-02
2714,Aditya Ghosh,Mumbai,Maharashtra,2021-02-24
2715,Isha Patel,Chennai,Tamil Nadu,2025-03-08
2716,Rohan Das,Coimbatore,Tamil Nadu,2021-01-22
2717,Ananya Ghosh,Gurugram,Haryana,2021-10-07
2718,Aditya Yadav,Kolkata,West Bengal,2021-05-20
2719,Priya Dutta,Lucknow,Uttar Pradesh,2025-01-01
2720,Deepak Bora,Kolkata,West Bengal,2022-07-26
2721,Aditi Das,Delhi,Delhi,2021-02-06
2722,Riya Kumar,Delhi,Delhi,2021-09-12
2723,Pooja Sharma,Delhi,Delhi,2024-10-07
2724,Priya Iyer,Noida,Uttar Pradesh,2021-11-11
2725,Vivaan Yadav,Delhi,Delhi,2025-01-03
2726,Vivaan Jain,New Delhi,Delhi,2024-11-27
2727,Nikhil Das,Lucknow,Uttar Pradesh,2025-01-07
2728,Priya Verma,Coimbatore,Tamil Nadu,2022-09-24
2729,Pooja Kumar,Surat,Gujarat,2021-04-10
2730,Ishaan Iyer,Bhubaneswar,Odisha,2026-03-18
2731,Aditya Sharma,Guwahati,Assam,2022-02-14
2732,Ananya Patel,Hyderabad,Telangana,2021-01-30
2733,Ishaan Das,Noida,Uttar Pradesh,2021-05-10
2734,Nikhil Bora,Patna,Bihar,2025-08-28
2735,Meera Jain,Gurugram,Haryana,2021-04-01
2736,Ananya Yadav,Pune,Maharashtra,2022-11-01
2737,Krishna Yadav,Jaipur,Rajasthan,2024-07-03
2738,Arjun Gupta,Coimbatore,Tamil Nadu,2023-05-27
2739,Ananya Bora,New Delhi,Delhi,2023-01-01
2740,Ananya Sharma,Mumbai,Maharashtra,2024-09-01
2741,Ishaan Singh,Coimbatore,Tamil Nadu,2023-07-29
2742,Jyoti Saha,Lucknow,Uttar Pradesh,2022-07-25
2743,Akash Patel,Chennai,Tamil Nadu,2021-05-18
2744,Aditi Choudhury,Hyderabad,Telangana,2025-04-21
2745,Karan Yadav,Thiruvananthapuram,Kerala,2021-07-28
2746,Ritu Mishra,Patna,Bihar,2026-03-04
2747,Arjun Saha,Delhi,Delhi,2026-05-19
2748,Karan Kumar,Mysuru,Karnataka,2024-07-16
2749,Pooja Dutta,Noida,Uttar Pradesh,2026-06-15
2750,Pooja Reddy,Chennai,Tamil Nadu,2024-07-25
2751,Sneha Singh,Kochi,Kerala,2024-09-26
2752,Vikram Mishra,Chennai,Tamil Nadu,2024-05-31
2753,Jyoti Gupta,Hyderabad,Telangana,2023-11-13
2754,Aarav Gupta,Kolkata,West Bengal,2024-12-14
2755,Akash Das,Mumbai,Maharashtra,2025-04-04
2756,Meera Gupta,Mysuru,Karnataka,2025-02-20
2757,Reyansh Iyer,Jaipur,Rajasthan,2021-05-03
2758,Reyansh Kumar,Kolkata,West Bengal,2022-02-18
2759,Ishaan Saha,New Delhi,Delhi,2021-03-19
2760,Manish Reddy,Thiruvananthapuram,Kerala,2023-06-28
2761,Jyoti Verma,Nagpur,Maharashtra,2022-10-13
2762,Meera Nair,Howrah,West Bengal,2026-06-26
2763,Ritu Reddy,Bhubaneswar,Odisha,2022-04-15
2764,Riya Verma,Chennai,Tamil Nadu,2022-02-26
2765,Ishaan Gupta,Guwahati,Assam,2024-09-23
2766,Kavya Reddy,Jaipur,Rajasthan,2023-02-21
2767,Aarav Singh,Delhi,Delhi,2024-07-13
2768,Krishna Verma,Indore,Madhya Pradesh,2021-05-24
2769,Krishna Dutta,Jaipur,Rajasthan,2021-10-17
2770,Riya Patel,Pune,Maharashtra,2024-04-28
2771,Meera Ghosh,Bengaluru,Karnataka,2021-06-10
2772,Krishna Gupta,Mysuru,Karnataka,2025-01-17
2773,Ishaan Nair,Hyderabad,Telangana,2024-05-25
2774,Jyoti Patel,Bengaluru,Karnataka,2023-07-08
2775,Sneha Singh,Bengaluru,Karnataka,2025-05-20
2776,Isha Kumar,Kochi,Kerala,2023-01-07
2777,Meera Jain,Delhi,Delhi,2023-06-23
2778,Pooja Dutta,Jaipur,Rajasthan,2023-06-07
2779,Sneha Sharma,Bhopal,Madhya Pradesh,2025-06-14
2780,Ritu Singh,Bhubaneswar,Odisha,2023-05-26
2781,Rahul Saha,Bhubaneswar,Odisha,2026-03-03
2782,Manish Bora,Ahmedabad,Gujarat,2024-02-07
2783,Rahul Ghosh,Bengaluru,Karnataka,2023-08-08
2784,Aditi Choudhury,Bengaluru,Karnataka,2024-02-26
2785,Karan Choudhury,Pune,Maharashtra,2021-10-07
2786,Krishna Sharma,Delhi,Delhi,2026-02-20
2787,Manish Iyer,Mumbai,Maharashtra,2023-10-23
2788,Meera Kumar,Kolkata,West Bengal,2026-03-11
2789,Isha Choudhury,Kochi,Kerala,2023-02-04
2790,Aditya Roy,Mysuru,Karnataka,2024-04-19
2791,Arjun Kumar,Guwahati,Assam,2026-03-03
2792,Krishna Roy,Dibrugarh,Assam,2021-11-29
2793,Vikram Iyer,Kochi,Kerala,2025-04-29
2794,Jyoti Iyer,Kolkata,West Bengal,2023-09-28
2795,Isha Roy,Noida,Uttar Pradesh,2024-08-26
2796,Sneha Verma,Gurugram,Haryana,2022-05-12
2797,Jyoti Sharma,Silchar,Assam,2023-01-11
2798,Reyansh Mehta,Noida,Uttar Pradesh,2024-08-14
2799,Nikhil Dutta,Jaipur,Rajasthan,2026-04-18
2800,Neha Bora,Bengaluru,Karnataka,2024-05-18
2801,Aditya Kumar,Mumbai,Maharashtra,2025-04-28
2802,Akash Singh,Coimbatore,Tamil Nadu,2024-04-15
2803,Akash Roy,Howrah,West Bengal,2022-01-22
2804,Rohan Nair,Delhi,Delhi,2023-05-25
2805,Nikhil Kumar,Kolkata,West Bengal,2023-12-28
2806,Meera Singh,Surat,Gujarat,2025-02-12
2807,Pooja Iyer,Pune,Maharashtra,2024-03-18
2808,Manish Patel,Ranchi,Jharkhand,2022-07-05
2809,Karan Nair,Dibrugarh,Assam,2023-03-27
2810,Deepak Choudhury,Mumbai,Maharashtra,2021-12-11
2811,Pooja Roy,Mumbai,Maharashtra,2021-05-24
2812,Rahul Roy,Howrah,West Bengal,2024-09-02
2813,Sai Dutta,Delhi,Delhi,2023-02-07
2814,Kavya Das,Delhi,Delhi,2022-01-08
2815,Krishna Bora,Hyderabad,Telangana,2025-07-26
2816,Sai Patel,Delhi,Delhi,2025-03-16
2817,Ritu Roy,Bengaluru,Karnataka,2026-01-22
2818,Aditi Das,Hyderabad,Telangana,2026-02-13
2819,Aditya Nair,Indore,Madhya Pradesh,2021-12-07
2820,Rohan Singh,Pune,Maharashtra,2021-09-13
2821,Ishaan Choudhury,Chennai,Tamil Nadu,2024-04-14
2822,Arjun Sharma,Kolkata,West Bengal,2025-04-07
2823,Aarav Mishra,Mumbai,Maharashtra,2025-03-20
2824,Arjun Patel,Patna,Bihar,2021-03-27
2825,Isha Saha,Howrah,West Bengal,2021-01-15
2826,Pooja Mehta,Howrah,West Bengal,2026-05-25
2827,Pooja Reddy,Dibrugarh,Assam,2023-08-28
2828,Diya Reddy,Jaipur,Rajasthan,2022-11-21
2829,Ishaan Iyer,Thiruvananthapuram,Kerala,2025-07-31
2830,Aditi Verma,Lucknow,Uttar Pradesh,2023-02-15
2831,Ananya Das,Kochi,Kerala,2025-11-24
2832,Karan Kumar,Mumbai,Maharashtra,2025-11-18
2833,Vikram Dutta,Gurugram,Haryana,2025-12-24
2834,Ritu Jain,Mumbai,Maharashtra,2021-09-09
2835,Pooja Gupta,Bengaluru,Karnataka,2024-12-03
2836,Nikhil Choudhury,Chennai,Tamil Nadu,2024-06-20
2837,Krishna Sharma,Howrah,West Bengal,2024-09-14
2838,Deepak Reddy,Thiruvananthapuram,Kerala,2026-05-16
2839,Ritu Verma,Mumbai,Maharashtra,2023-01-08
2840,Ananya Ghosh,Kochi,Kerala,2025-02-15
2841,Isha Saha,New Delhi,Delhi,2023-09-20
2842,Meera Choudhury,Patna,Bihar,2022-12-15
2843,Karan Das,Thiruvananthapuram,Kerala,2025-10-22
2844,Aditi Patel,Gurugram,Haryana,2022-08-25
2845,Kavya Mishra,Gurugram,Haryana,2025-11-17
2846,Kavya Verma,Patna,Bihar,2025-01-07
2847,Aditya Nair,Nagpur,Maharashtra,2025-06-20
2848,Ritu Ghosh,Bhopal,Madhya Pradesh,2024-01-29
2849,Arjun Choudhury,Delhi,Delhi,2023-07-03
2850,Ishaan Patel,Lucknow,Uttar Pradesh,2022-05-09
2851,Nikhil Singh,Delhi,Delhi,2026-04-18
2852,Aarav Bora,Pune,Maharashtra,2025-01-05
2853,Akash Kumar,Dibrugarh,Assam,2022-10-31
2854,Manish Mehta,Bhubaneswar,Odisha,2022-03-28
2855,Akash Das,Lucknow,Uttar Pradesh,2026-05-03
2856,Riya Choudhury,Lucknow,Uttar Pradesh,2026-03-05
2857,Ananya Gupta,Pune,Maharashtra,2024-11-17
2858,Vikram Saha,Dibrugarh,Assam,2025-04-19
2859,Isha Kumar,Mumbai,Maharashtra,2022-12-04
2860,Riya Roy,Lucknow,Uttar Pradesh,2025-05-27
2861,Rohan Das,Ranchi,Jharkhand,2022-04-03
2862,Aditya Reddy,Bengaluru,Karnataka,2021-08-17
2863,Krishna Das,Chandigarh,Chandigarh,2026-04-04
2864,Ritu Reddy,Ahmedabad,Gujarat,2021-09-18
2865,Manish Sharma,Kochi,Kerala,2024-03-27
2866,Riya Patel,Mysuru,Karnataka,2024-04-23
2867,Meera Reddy,Bhopal,Madhya Pradesh,2026-06-30
2868,Nikhil Dutta,Patna,Bihar,2025-06-22
2869,Neha Gupta,Howrah,West Bengal,2024-05-17
2870,Riya Ghosh,Pune,Maharashtra,2021-01-19
2871,Rahul Gupta,Mysuru,Karnataka,2025-07-30
2872,Reyansh Saha,Kolkata,West Bengal,2023-07-23
2873,Nikhil Verma,Bengaluru,Karnataka,2025-03-10
2874,Kavya Das,Surat,Gujarat,2022-09-25
2875,Karan Mishra,Bengaluru,Karnataka,2025-10-03
2876,Krishna Choudhury,Kolkata,West Bengal,2025-08-25
2877,Isha Verma,Bengaluru,Karnataka,2026-06-03
2878,Reyansh Patel,Thiruvananthapuram,Kerala,2022-11-14
2879,Sanjay Gupta,Indore,Madhya Pradesh,2026-03-29
2880,Vikram Bora,Noida,Uttar Pradesh,2021-04-18
2881,Isha Nair,Indore,Madhya Pradesh,2025-01-29
2882,Vikram Bora,Thiruvananthapuram,Kerala,2024-09-12
2883,Isha Reddy,Thiruvananthapuram,Kerala,2024-01-28
2884,Diya Kumar,Hyderabad,Telangana,2023-08-28
2885,Manish Nair,Coimbatore,Tamil Nadu,2023-12-18
2886,Krishna Yadav,Bengaluru,Karnataka,2026-03-06
2887,Ananya Mishra,Coimbatore,Tamil Nadu,2021-09-26
2888,Ritu Nair,Indore,Madhya Pradesh,2021-04-21
2889,Neha Dutta,Hyderabad,Telangana,2021-12-02
2890,Rahul Dutta,Hyderabad,Telangana,2023-09-16
2891,Manish Patel,New Delhi,Delhi,2025-07-06
2892,Diya Mishra,Gurugram,Haryana,2021-01-19
2893,Ritu Dutta,Pune,Maharashtra,2025-05-28
2894,Nikhil Bora,Chennai,Tamil Nadu,2023-05-25
2895,Diya Choudhury,Dibrugarh,Assam,2021-07-16
2896,Arjun Jain,Delhi,Delhi,2021-04-18
2897,Meera Dutta,Lucknow,Uttar Pradesh,2024-04-30
2898,Ishaan Verma,Jaipur,Rajasthan,2023-04-08
2899,Sneha Nair,Nagpur,Maharashtra,2023-03-24
2900,Sai Kumar,Noida,Uttar Pradesh,2026-05-09
2901,Nikhil Singh,Patna,Bihar,2025-06-17
2902,Deepak Kumar,Patna,Bihar,2025-11-07
2903,Priya Iyer,Bengaluru,Karnataka,2024-08-30
2904,Aditya Das,Mumbai,Maharashtra,2021-08-27
2905,Vikram Jain,Kolkata,West Bengal,2024-10-01
2906,Neha Mishra,New Delhi,Delhi,2024-04-16
2907,Manish Das,Kolkata,West Bengal,2024-11-21
2908,Isha Choudhury,Patna,Bihar,2022-01-06
2909,Meera Nair,Thiruvananthapuram,Kerala,2024-12-10
2910,Ananya Singh,Ahmedabad,Gujarat,2021-07-23
2911,Sanjay Yadav,Gurugram,Haryana,2025-11-01
2912,Karan Sharma,Delhi,Delhi,2025-07-23
2913,Riya Jain,Coimbatore,Tamil Nadu,2025-08-02
2914,Deepak Mishra,Kolkata,West Bengal,2023-11-29
2915,Sanjay Das,Ahmedabad,Gujarat,2025-08-04
2916,Nikhil Das,Bhubaneswar,Odisha,2022-03-01
2917,Karan Bora,Delhi,Delhi,2024-05-11
2918,Sanjay Reddy,Mumbai,Maharashtra,2023-07-05
2919,Neha Patel,Nagpur,Maharashtra,2021-09-21
2920,Riya Mehta,Lucknow,Uttar Pradesh,2021-06-29
2921,Aditya Das,Indore,Madhya Pradesh,2021-03-13
2922,Riya Bora,Kolkata,West Bengal,2023-01-15
2923,Nikhil Sharma,Hyderabad,Telangana,2026-04-20
2924,Kavya Nair,Bengaluru,Karnataka,2021-04-05
2925,Reyansh Mishra,Lucknow,Uttar Pradesh,2023-07-01
2926,Kavya Iyer,Kolkata,West Bengal,2022-10-03
2927,Krishna Das,Jaipur,Rajasthan,2023-11-12
2928,Ishaan Verma,Lucknow,Uttar Pradesh,2021-04-02
2929,Ritu Patel,Delhi,Delhi,2022-09-06
2930,Riya Patel,Kochi,Kerala,2024-05-18
2931,Reyansh Saha,Surat,Gujarat,2022-07-23
2932,Rohan Mehta,Hyderabad,Telangana,2024-02-01
2933,Sai Kumar,Chennai,Tamil Nadu,2026-01-25
2934,Rohan Roy,Hyderabad,Telangana,2026-04-19
2935,Riya Patel,Shillong,Meghalaya,2021-10-21
2936,Rohan Patel,Pune,Maharashtra,2025-02-09
2937,Nikhil Jain,Gurugram,Haryana,2024-02-29
2938,Deepak Dutta,Jaipur,Rajasthan,2023-05-10
2939,Meera Kumar,Mysuru,Karnataka,2025-06-02
2940,Ishaan Singh,Mumbai,Maharashtra,2024-05-21
2941,Arjun Yadav,Bengaluru,Karnataka,2023-12-25
2942,Jyoti Singh,Hyderabad,Telangana,2022-11-06
2943,Pooja Mehta,Chennai,Tamil Nadu,2022-11-15
2944,Ishaan Mehta,Delhi,Delhi,2025-06-23
2945,Ishaan Kumar,Mumbai,Maharashtra,2023-02-12
2946,Vikram Das,Kochi,Kerala,2025-05-23
2947,Akash Nair,Delhi,Delhi,2025-01-31
2948,Sneha Das,Surat,Gujarat,2025-07-11
2949,Neha Nair,Howrah,West Bengal,2024-12-05
2950,Arjun Verma,Ahmedabad,Gujarat,2024-05-29
2951,Pooja Kumar,Delhi,Delhi,2026-04-23
2952,Manish Yadav,Delhi,Delhi,2025-07-09
2953,Ritu Kumar,Ahmedabad,Gujarat,2025-12-12
2954,Rohan Sharma,Kolkata,West Bengal,2021-09-19
2955,Reyansh Dutta,Noida,Uttar Pradesh,2024-12-31
2956,Manish Mehta,Delhi,Delhi,2024-03-08
2957,Jyoti Iyer,Mumbai,Maharashtra,2025-01-25
2958,Nikhil Saha,Gurugram,Haryana,2022-05-26
2959,Sai Ghosh,Hyderabad,Telangana,2023-07-27
2960,Priya Jain,Thiruvananthapuram,Kerala,2025-06-24
2961,Meera Jain,Bengaluru,Karnataka,2026-05-05
2962,Vikram Gupta,Shillong,Meghalaya,2025-12-11
2963,Aditya Nair,Bengaluru,Karnataka,2025-10-24
2964,Ritu Singh,Hyderabad,Telangana,2022-10-03
2965,Manish Gupta,Jaipur,Rajasthan,2021-06-07
2966,Neha Verma,Kochi,Kerala,2021-12-05
2967,Riya Choudhury,Pune,Maharashtra,2022-08-09
2968,Meera Jain,Ranchi,Jharkhand,2021-01-22
2969,Sneha Choudhury,Dibrugarh,Assam,2021-10-07
2970,Akash Yadav,Howrah,West Bengal,2024-10-18
2971,Aarav Saha,Noida,Uttar Pradesh,2023-04-11
2972,Manish Sharma,Delhi,Delhi,2025-08-30
2973,Riya Iyer,Gurugram,Haryana,2024-12-09
2974,Nikhil Jain,Bengaluru,Karnataka,2025-02-22
2975,Aditi Ghosh,Noida,Uttar Pradesh,2021-03-28
2976,Vikram Jain,Kochi,Kerala,2024-10-13
2977,Aditya Iyer,Guwahati,Assam,2021-12-25
2978,Diya Verma,Bhopal,Madhya Pradesh,2023-11-19
2979,Sai Iyer,Hyderabad,Telangana,2023-02-16
2980,Vikram Gupta,Kochi,Kerala,2022-11-24
2981,Pooja Das,Bhopal,Madhya Pradesh,2025-10-09
2982,Rahul Mehta,Bengaluru,Karnataka,2023-09-17
2983,Jyoti Mishra,New Delhi,Delhi,2025-02-20
2984,Rahul Jain,Coimbatore,Tamil Nadu,2026-03-06
2985,Vikram Ghosh,Bhopal,Madhya Pradesh,2021-03-14
2986,Sneha Verma,Guwahati,Assam,2025-10-04
2987,Priya Reddy,Chennai,Tamil Nadu,2024-06-14
2988,Aarav Iyer,Bengaluru,Karnataka,2021-08-08
2989,Isha Iyer,Guwahati,Assam,2022-01-17
2990,Sneha Patel,Mumbai,Maharashtra,2023-06-02
2991,Akash Dutta,Pune,Maharashtra,2023-11-20
2992,Sneha Sharma,Hyderabad,Telangana,2026-02-14
2993,Rohan Gupta,Delhi,Delhi,2024-09-06
2994,Rahul Iyer,Kolkata,West Bengal,2023-02-06
2995,Riya Mehta,Hyderabad,Telangana,2022-01-09
2996,Nikhil Ghosh,Pune,Maharashtra,2023-06-18
2997,Manish Roy,Delhi,Delhi,2022-12-26
2998,Ritu Patel,Mumbai,Maharashtra,2025-12-15
2999,Vivaan Dutta,Pune,Maharashtra,2022-08-07
3000,Ananya Verma,Coimbatore,Tamil Nadu,2025-03-04
3001,Sneha Mehta,Delhi,Delhi,2022-02-12
3002,Riya Choudhury,Nagpur,Maharashtra,2023-09-29
3003,Reyansh Reddy,Ranchi,Jharkhand,2025-01-02
3004,Akash Kumar,Bhubaneswar,Odisha,2025-05-18
3005,Manish Kumar,Kolkata,West Bengal,2026-03-07
3006,Arjun Sharma,Nagpur,Maharashtra,2026-05-16
3007,Kavya Sharma,Nagpur,Maharashtra,2022-12-06
3008,Vivaan Reddy,Bhubaneswar,Odisha,2022-04-30
3009,Manish Sharma,Hyderabad,Telangana,2024-05-07
3010,Rahul Choudhury,Hyderabad,Telangana,2022-08-16
3011,Ishaan Saha,Pune,Maharashtra,2023-05-29
3012,Sai Gupta,Delhi,Delhi,2023-11-14
3013,Ritu Mehta,Bengaluru,Karnataka,2021-08-24
3014,Nikhil Roy,Thiruvananthapuram,Kerala,2022-05-22
3015,Sanjay Das,Delhi,Delhi,2024-12-17
3016,Aditi Bora,Noida,Uttar Pradesh,2023-10-26
3017,Neha Dutta,Delhi,Delhi,2025-10-17
3018,Isha Verma,New Delhi,Delhi,2021-09-28
3019,Vikram Dutta,Bengaluru,Karnataka,2022-01-29
3020,Krishna Singh,Hyderabad,Telangana,2024-06-16
3021,Meera Jain,Indore,Madhya Pradesh,2023-02-18
3022,Ishaan Gupta,Mysuru,Karnataka,2024-07-21
3023,Vivaan Jain,Chennai,Tamil Nadu,2023-09-09
3024,Rahul Das,Hyderabad,Telangana,2021-04-16
3025,Diya Roy,Bengaluru,Karnataka,2022-07-29
3026,Vivaan Bora,Bengaluru,Karnataka,2026-01-08
3027,Nikhil Reddy,Mumbai,Maharashtra,2021-04-17
3028,Rohan Saha,New Delhi,Delhi,2023-08-25
3029,Rohan Choudhury,Pune,Maharashtra,2022-01-14
3030,Arjun Das,Chennai,Tamil Nadu,2022-09-16
3031,Riya Dutta,Lucknow,Uttar Pradesh,2024-10-30
3032,Sanjay Iyer,Chennai,Tamil Nadu,2025-02-27
3033,Kavya Saha,Chandigarh,Chandigarh,2024-04-21
3034,Rohan Patel,Chennai,Tamil Nadu,2024-08-24
3035,Akash Das,Surat,Gujarat,2021-06-28
3036,Aditi Das,Nagpur,Maharashtra,2025-03-01
3037,Vikram Patel,Mumbai,Maharashtra,2026-06-07
3038,Vikram Das,Delhi,Delhi,2023-07-02
3039,Aditi Reddy,Pune,Maharashtra,2024-01-25
3040,Pooja Patel,Bengaluru,Karnataka,2023-08-30
3041,Vivaan Dutta,Howrah,West Bengal,2021-11-11
3042,Karan Mehta,Delhi,Delhi,2024-02-02
3043,Ritu Yadav,Guwahati,Assam,2025-04-05
3044,Diya Ghosh,Kochi,Kerala,2026-01-07
3045,Vikram Roy,Jaipur,Rajasthan,2021-08-29
3046,Kavya Jain,Mumbai,Maharashtra,2023-05-09
3047,Aditi Mehta,Patna,Bihar,2021-12-08
3048,Rahul Verma,Noida,Uttar Pradesh,2021-09-22
3049,Sanjay Patel,Kochi,Kerala,2021-05-05
3050,Sneha Yadav,Chandigarh,Chandigarh,2023-03-26
3051,Aditya Bora,Indore,Madhya Pradesh,2026-06-13
3052,Isha Yadav,Hyderabad,Telangana,2023-11-10
3053,Aditi Mehta,Patna,Bihar,2023-04-01
3054,Sai Mishra,New Delhi,Delhi,2021-01-08
3055,Aarav Jain,New Delhi,Delhi,2024-11-27
3056,Manish Jain,Hyderabad,Telangana,2024-12-20
3057,Ishaan Nair,Bengaluru,Karnataka,2025-10-12
3058,Arjun Bora,Gurugram,Haryana,2024-02-05
3059,Ishaan Nair,New Delhi,Delhi,2023-12-29
3060,Akash Mehta,Mumbai,Maharashtra,2021-10-31
3061,Ritu Verma,Dibrugarh,Assam,2022-07-08
3062,Deepak Patel,Lucknow,Uttar Pradesh,2022-05-25
3063,Jyoti Iyer,Howrah,West Bengal,2021-01-03
3064,Diya Reddy,Jaipur,Rajasthan,2026-06-15
3065,Akash Yadav,Pune,Maharashtra,2024-12-15
3066,Meera Saha,Bengaluru,Karnataka,2021-10-01
3067,Jyoti Sharma,Bengaluru,Karnataka,2021-04-28
3068,Manish Mehta,Bhopal,Madhya Pradesh,2022-03-26
3069,Aarav Yadav,Delhi,Delhi,2026-06-13
3070,Pooja Mishra,Lucknow,Uttar Pradesh,2025-11-13
3071,Karan Kumar,Pune,Maharashtra,2025-03-08
3072,Ritu Saha,Kochi,Kerala,2022-06-12
3073,Priya Gupta,Ahmedabad,Gujarat,2025-07-31
3074,Neha Kumar,Mysuru,Karnataka,2022-02-22
3075,Manish Roy,Delhi,Delhi,2022-04-20
3076,Sneha Singh,Chennai,Tamil Nadu,2026-01-22
3077,Sai Bora,Kolkata,West Bengal,2023-07-30
3078,Manish Bora,Delhi,Delhi,2023-10-02
3079,Rahul Bora,Lucknow,Uttar Pradesh,2021-02-13
3080,Isha Saha,Guwahati,Assam,2025-08-02
3081,Aditya Roy,Delhi,Delhi,2021-10-21
3082,Jyoti Kumar,Bengaluru,Karnataka,2026-02-05
3083,Reyansh Sharma,Pune,Maharashtra,2023-12-15
3084,Isha Sharma,Surat,Gujarat,2023-02-13
3085,Pooja Verma,Pune,Maharashtra,2021-01-28
3086,Aditya Mehta,Nagpur,Maharashtra,2025-04-27
3087,Aditi Sharma,Delhi,Delhi,2024-07-08
3088,Sanjay Das,Patna,Bihar,2021-01-20
3089,Ananya Singh,Ahmedabad,Gujarat,2025-08-03
3090,Pooja Mishra,New Delhi,Delhi,2023-09-11
3091,Sai Nair,Guwahati,Assam,2025-07-29
3092,Ishaan Verma,Chennai,Tamil Nadu,2021-11-13
3093,Jyoti Yadav,Ahmedabad,Gujarat,2022-07-02
3094,Vivaan Das,Nagpur,Maharashtra,2025-08-17
3095,Kavya Roy,Ahmedabad,Gujarat,2021-07-30
3096,Ishaan Sharma,Delhi,Delhi,2026-02-12
3097,Reyansh Iyer,New Delhi,Delhi,2023-03-01
3098,Vikram Kumar,Lucknow,Uttar Pradesh,2022-04-08
3099,Deepak Das,Noida,Uttar Pradesh,2025-01-04
3100,Ishaan Das,Kolkata,West Bengal,2021-08-14
3101,Diya Singh,Kochi,Kerala,2022-08-01
3102,Diya Singh,Jaipur,Rajasthan,2021-08-31
3103,Reyansh Bora,Guwahati,Assam,2024-05-23
3104,Aditi Bora,Hyderabad,Telangana,2022-11-17
3105,Akash Nair,Noida,Uttar Pradesh,2021-11-04
3106,Diya Das,Jaipur,Rajasthan,2022-08-11
3107,Nikhil Iyer,Bengaluru,Karnataka,2023-10-20
3108,Vikram Singh,Dibrugarh,Assam,2025-07-19
3109,Vikram Dutta,Patna,Bihar,2025-10-31
3110,Ananya Dutta,Patna,Bihar,2021-10-28
3111,Sanjay Choudhury,Coimbatore,Tamil Nadu,2025-01-17
3112,Neha Roy,Ranchi,Jharkhand,2021-08-20
3113,Reyansh Singh,Kochi,Kerala,2022-07-25
3114,Sai Kumar,Mysuru,Karnataka,2021-09-19
3115,Meera Choudhury,Chennai,Tamil Nadu,2023-10-10
3116,Aditi Reddy,Noida,Uttar Pradesh,2023-04-28
3117,Jyoti Gupta,Nagpur,Maharashtra,2026-04-18
3118,Sneha Yadav,Coimbatore,Tamil Nadu,2024-01-31
3119,Riya Gupta,Howrah,West Bengal,2023-12-27
3120,Karan Roy,Coimbatore,Tamil Nadu,2024-04-04
3121,Karan Gupta,Howrah,West Bengal,2025-05-10
3122,Diya Sharma,Gurugram,Haryana,2022-04-27
3123,Aarav Iyer,New Delhi,Delhi,2025-10-09
3124,Reyansh Das,Ahmedabad,Gujarat,2026-05-16
3125,Diya Dutta,Mumbai,Maharashtra,2022-12-17
3126,Deepak Yadav,Bengaluru,Karnataka,2021-10-23
3127,Meera Gupta,Kochi,Kerala,2026-02-13
3128,Vivaan Dutta,New Delhi,Delhi,2022-04-05
3129,Karan Dutta,Pune,Maharashtra,2024-11-25
3130,Karan Roy,Chennai,Tamil Nadu,2021-02-23
3131,Arjun Mishra,Chennai,Tamil Nadu,2024-12-07
3132,Aditi Bora,Pune,Maharashtra,2025-09-12
3133,Reyansh Singh,Mumbai,Maharashtra,2023-01-19
3134,Neha Roy,Bengaluru,Karnataka,2021-01-26
3135,Sneha Dutta,Delhi,Delhi,2022-01-09
3136,Rahul Choudhury,Chandigarh,Chandigarh,2024-12-01
3137,Priya Sharma,Hyderabad,Telangana,2022-11-22
3138,Vivaan Verma,Bengaluru,Karnataka,2021-11-16
3139,Kavya Bora,Jaipur,Rajasthan,2021-12-22
3140,Meera Ghosh,Mumbai,Maharashtra,2025-09-02
3141,Rohan Mishra,Ahmedabad,Gujarat,2025-08-26
3142,Ishaan Roy,Kolkata,West Bengal,2024-12-23
3143,Aditya Jain,Dibrugarh,Assam,2022-07-11
3144,Reyansh Patel,Chennai,Tamil Nadu,2026-05-02
3145,Ishaan Kumar,Coimbatore,Tamil Nadu,2021-04-25
3146,Riya Saha,Delhi,Delhi,2025-03-08
3147,Karan Ghosh,Bhopal,Madhya Pradesh,2025-07-31
3148,Jyoti Kumar,Kolkata,West Bengal,2024-08-29
3149,Vivaan Iyer,Bhopal,Madhya Pradesh,2021-12-04
3150,Rohan Das,Lucknow,Uttar Pradesh,2022-02-03
3151,Aditi Reddy,Pune,Maharashtra,2023-01-13
3152,Sai Yadav,Mumbai,Maharashtra,2022-08-01
3153,Aditi Sharma,Pune,Maharashtra,2022-03-10
3154,Krishna Yadav,Bhubaneswar,Odisha,2022-09-26
3155,Vivaan Gupta,New Delhi,Delhi,2026-03-19
3156,Neha Mishra,Bengaluru,Karnataka,2026-06-24
3157,Sneha Verma,Mumbai,Maharashtra,2025-06-07
3158,Rahul Sharma,Mumbai,Maharashtra,2021-07-10
3159,Rahul Kumar,Thiruvananthapuram,Kerala,2025-03-20
3160,Pooja Kumar,Kolkata,West Bengal,2022-10-07
3161,Reyansh Das,Gurugram,Haryana,2026-06-18
3162,Manish Jain,Chennai,Tamil Nadu,2026-01-11
3163,Pooja Dutta,Pune,Maharashtra,2025-07-12
3164,Isha Choudhury,Mumbai,Maharashtra,2025-06-19
3165,Vivaan Nair,Surat,Gujarat,2025-10-11
3166,Priya Singh,Delhi,Delhi,2024-10-29
3167,Karan Gupta,Guwahati,Assam,2021-07-11
3168,Nikhil Dutta,Guwahati,Assam,2025-07-12
3169,Kavya Jain,Bhubaneswar,Odisha,2021-11-26
3170,Jyoti Jain,Thiruvananthapuram,Kerala,2024-05-31
3171,Priya Dutta,Dibrugarh,Assam,2022-12-01
3172,Aditi Roy,Chennai,Tamil Nadu,2023-01-08
3173,Pooja Kumar,Mumbai,Maharashtra,2024-12-30
3174,Aditi Singh,Bengaluru,Karnataka,2024-06-04
3175,Jyoti Choudhury,Kochi,Kerala,2024-03-07
3176,Reyansh Nair,Pune,Maharashtra,2021-01-31
3177,Sanjay Singh,Ahmedabad,Gujarat,2026-06-08
3178,Ananya Bora,Kolkata,West Bengal,2023-07-21
3179,Aditya Mehta,Dibrugarh,Assam,2021-11-27
3180,Aditya Singh,Surat,Gujarat,2022-12-25
3181,Priya Mehta,Delhi,Delhi,2025-04-30
3182,Rohan Ghosh,Thiruvananthapuram,Kerala,2026-06-27
3183,Arjun Mishra,Lucknow,Uttar Pradesh,2021-10-15
3184,Ritu Nair,Kolkata,West Bengal,2023-01-15
3185,Aditi Dutta,Coimbatore,Tamil Nadu,2025-10-22
3186,Ritu Saha,Hyderabad,Telangana,2023-11-16
3187,Aditya Roy,Kochi,Kerala,2023-02-05
3188,Akash Verma,Kolkata,West Bengal,2022-06-23
3189,Vivaan Gupta,Jaipur,Rajasthan,2024-08-11
3190,Aarav Dutta,Noida,Uttar Pradesh,2024-02-23
3191,Isha Bora,Indore,Madhya Pradesh,2022-08-19
3192,Aditya Gupta,Ahmedabad,Gujarat,2025-10-15
3193,Nikhil Singh,Coimbatore,Tamil Nadu,2023-08-05
3194,Jyoti Yadav,Chennai,Tamil Nadu,2023-08-18
3195,Arjun Singh,Guwahati,Assam,2023-08-11
3196,Vikram Kumar,Delhi,Delhi,2021-08-10
3197,Isha Reddy,Bhubaneswar,Odisha,2022-02-13
3198,Aditi Choudhury,Mumbai,Maharashtra,2022-12-03
3199,Sneha Das,New Delhi,Delhi,2025-02-27
3200,Riya Dutta,Bengaluru,Karnataka,2021-03-20
3201,Jyoti Patel,Kochi,Kerala,2021-10-26
3202,Aditi Kumar,Mysuru,Karnataka,2021-03-06
3203,Diya Roy,Mumbai,Maharashtra,2025-07-14
3204,Vivaan Patel,Kochi,Kerala,2022-03-14
3205,Pooja Roy,Indore,Madhya Pradesh,2026-05-06
3206,Sai Singh,Bengaluru,Karnataka,2024-07-25
3207,Isha Singh,Delhi,Delhi,2022-07-15
3208,Priya Roy,Bengaluru,Karnataka,2024-12-29
3209,Akash Mehta,Howrah,West Bengal,2024-10-03
3210,Aditya Roy,Delhi,Delhi,2021-04-21
3211,Rahul Bora,Chennai,Tamil Nadu,2025-03-23
3212,Meera Choudhury,Delhi,Delhi,2026-04-14
3213,Sanjay Bora,Kolkata,West Bengal,2024-11-11
3214,Diya Mishra,Kochi,Kerala,2023-06-14
3215,Riya Saha,Coimbatore,Tamil Nadu,2021-01-21
3216,Nikhil Mishra,Delhi,Delhi,2025-01-20
3217,Nikhil Reddy,Jaipur,Rajasthan,2022-10-26
3218,Priya Dutta,Mumbai,Maharashtra,2026-01-11
3219,Arjun Roy,Kolkata,West Bengal,2022-10-11
3220,Aarav Ghosh,Bengaluru,Karnataka,2025-01-19
3221,Reyansh Ghosh,Shillong,Meghalaya,2025-10-22
3222,Arjun Verma,Lucknow,Uttar Pradesh,2024-03-30
3223,Krishna Roy,New Delhi,Delhi,2026-06-29
3224,Sai Saha,Noida,Uttar Pradesh,2025-05-05
3225,Krishna Patel,Chennai,Tamil Nadu,2022-12-14
3226,Aarav Iyer,Kochi,Kerala,2024-03-27
3227,Rahul Nair,Ranchi,Jharkhand,2021-02-03
3228,Arjun Choudhury,Kolkata,West Bengal,2025-11-13
3229,Meera Roy,Lucknow,Uttar Pradesh,2023-07-23
3230,Riya Roy,Chennai,Tamil Nadu,2025-08-24
3231,Ananya Das,Howrah,West Bengal,2025-04-16
3232,Meera Iyer,Dibrugarh,Assam,2023-07-29
3233,Sai Yadav,Delhi,Delhi,2024-05-03
3234,Ritu Roy,Hyderabad,Telangana,2022-08-07
3235,Aditi Das,Jaipur,Rajasthan,2024-12-08
3236,Deepak Das,Thiruvananthapuram,Kerala,2025-07-09
3237,Aditi Roy,Pune,Maharashtra,2021-02-03
3238,Pooja Saha,Pune,Maharashtra,2025-03-16
3239,Jyoti Ghosh,Dibrugarh,Assam,2021-07-24
3240,Vivaan Nair,Kolkata,West Bengal,2025-07-09
3241,Ishaan Ghosh,Indore,Madhya Pradesh,2022-03-10
3242,Krishna Choudhury,Ahmedabad,Gujarat,2021-08-23
3243,Sanjay Ghosh,Kochi,Kerala,2022-12-20
3244,Jyoti Kumar,Hyderabad,Telangana,2025-08-08
3245,Sanjay Gupta,Mumbai,Maharashtra,2023-02-07
3246,Akash Mehta,Kolkata,West Bengal,2022-07-03
3247,Sanjay Roy,Mysuru,Karnataka,2026-01-23
3248,Akash Roy,Lucknow,Uttar Pradesh,2021-01-09
3249,Reyansh Iyer,Mumbai,Maharashtra,2021-02-23
3250,Deepak Saha,Bhopal,Madhya Pradesh,2023-11-29
3251,Neha Roy,Mysuru,Karnataka,2021-12-16
3252,Isha Patel,Bengaluru,Karnataka,2026-06-17
3253,Deepak Verma,Jaipur,Rajasthan,2023-03-17
3254,Meera Dutta,Ranchi,Jharkhand,2024-03-29
3255,Manish Bora,Shillong,Meghalaya,2023-03-11
3256,Kavya Bora,Hyderabad,Telangana,2022-10-14
3257,Karan Dutta,Hyderabad,Telangana,2021-07-23
3258,Neha Kumar,Kolkata,West Bengal,2024-07-17
3259,Vikram Mehta,Bhopal,Madhya Pradesh,2024-07-08
3260,Ananya Patel,Bhopal,Madhya Pradesh,2021-11-22
3261,Meera Sharma,Pune,Maharashtra,2021-02-22
3262,Reyansh Sharma,Jaipur,Rajasthan,2024-04-30
3263,Vikram Singh,Jaipur,Rajasthan,2024-01-19
3264,Manish Dutta,Ahmedabad,Gujarat,2021-02-21
3265,Jyoti Iyer,Thiruvananthapuram,Kerala,2024-07-23
3266,Akash Gupta,Delhi,Delhi,2024-08-29
3267,Deepak Gupta,Bengaluru,Karnataka,2024-01-02
3268,Sanjay Kumar,Gurugram,Haryana,2025-07-11
3269,Vivaan Mehta,Bhubaneswar,Odisha,2024-09-12
3270,Jyoti Sharma,Pune,Maharashtra,2021-10-22
3271,Ritu Das,Jaipur,Rajasthan,2024-04-01
3272,Aditi Das,Pune,Maharashtra,2026-03-14
3273,Rohan Bora,Pune,Maharashtra,2022-08-02
3274,Ritu Iyer,Pune,Maharashtra,2023-10-10
3275,Isha Das,Silchar,Assam,2022-03-02
3276,Meera Singh,Kolkata,West Bengal,2021-02-14
3277,Aditya Patel,Kolkata,West Bengal,2024-07-05
3278,Akash Reddy,Noida,Uttar Pradesh,2023-02-08
3279,Sanjay Bora,Jaipur,Rajasthan,2023-07-13
3280,Akash Bora,Delhi,Delhi,2021-01-21
3281,Aditi Verma,Lucknow,Uttar Pradesh,2024-07-16
3282,Diya Choudhury,Pune,Maharashtra,2022-12-04
3283,Riya Sharma,Thiruvananthapuram,Kerala,2024-05-13
3284,Rohan Das,Delhi,Delhi,2025-02-27
3285,Riya Sharma,Delhi,Delhi,2021-03-02
3286,Reyansh Patel,Howrah,West Bengal,2025-04-08
3287,Akash Patel,Indore,Madhya Pradesh,2021-08-24
3288,Ishaan Singh,Mumbai,Maharashtra,2021-10-11
3289,Reyansh Mehta,Gurugram,Haryana,2026-04-09
3290,Aditya Iyer,Bengaluru,Karnataka,2022-02-13
3291,Rahul Ghosh,Gurugram,Haryana,2024-08-28
3292,Meera Jain,Chandigarh,Chandigarh,2023-10-13
3293,Krishna Mehta,Kochi,Kerala,2026-03-04
3294,Ritu Mehta,Delhi,Delhi,2024-11-08
3295,Neha Mishra,Kochi,Kerala,2021-07-30
3296,Krishna Choudhury,Mysuru,Karnataka,2025-06-15
3297,Meera Saha,Hyderabad,Telangana,2023-07-03
3298,Ananya Saha,Chandigarh,Chandigarh,2025-07-29
3299,Meera Patel,Pune,Maharashtra,2023-02-24
3300,Akash Singh,Ahmedabad,Gujarat,2023-02-05
3301,Vivaan Jain,Hyderabad,Telangana,2025-12-27
3302,Rahul Saha,Bengaluru,Karnataka,2023-04-20
3303,Kavya Iyer,Bhopal,Madhya Pradesh,2024-08-14
3304,Sai Reddy,Coimbatore,Tamil Nadu,2021-08-23
3305,Diya Gupta,Hyderabad,Telangana,2022-01-16
3306,Diya Iyer,Pune,Maharashtra,2024-09-07
3307,Arjun Sharma,Delhi,Delhi,2022-10-06
3308,Karan Reddy,Mysuru,Karnataka,2021-01-23
3309,Sanjay Reddy,New Delhi,Delhi,2024-03-08
3310,Aditya Kumar,Guwahati,Assam,2024-02-25
3311,Kavya Patel,Bengaluru,Karnataka,2022-03-11
3312,Karan Saha,Pune,Maharashtra,2022-07-24
3313,Ritu Singh,Kochi,Kerala,2025-07-12
3314,Meera Roy,Ahmedabad,Gujarat,2024-08-16
3315,Krishna Patel,Mysuru,Karnataka,2022-10-18
3316,Sneha Verma,Mumbai,Maharashtra,2023-10-09
3317,Arjun Das,Thiruvananthapuram,Kerala,2023-05-13
3318,Ananya Mishra,Hyderabad,Telangana,2024-05-16
3319,Aarav Nair,Coimbatore,Tamil Nadu,2024-03-26
3320,Ritu Mishra,Mumbai,Maharashtra,2025-05-24
3321,Priya Nair,Thiruvananthapuram,Kerala,2026-02-11
3322,Isha Verma,Nagpur,Maharashtra,2026-06-04
3323,Kavya Verma,Guwahati,Assam,2026-02-24
3324,Aditya Choudhury,Chennai,Tamil Nadu,2021-02-03
3325,Meera Nair,Pune,Maharashtra,2025-07-02
3326,Diya Kumar,Bengaluru,Karnataka,2025-03-24
3327,Ananya Choudhury,Pune,Maharashtra,2025-05-06
3328,Rahul Ghosh,Jaipur,Rajasthan,2023-03-17
3329,Vikram Das,Kolkata,West Bengal,2024-08-05
3330,Aditi Das,Bhopal,Madhya Pradesh,2026-04-05
3331,Deepak Sharma,Mumbai,Maharashtra,2021-04-08
3332,Ritu Roy,Nagpur,Maharashtra,2022-10-24
3333,Krishna Iyer,New Delhi,Delhi,2021-06-30
3334,Aarav Verma,Ranchi,Jharkhand,2024-01-06
3335,Vivaan Das,Bengaluru,Karnataka,2025-05-27
3336,Aditya Mehta,Mumbai,Maharashtra,2022-09-16
3337,Sanjay Kumar,Chennai,Tamil Nadu,2024-06-08
3338,Vikram Dutta,Bengaluru,Karnataka,2021-12-15
3339,Reyansh Reddy,Surat,Gujarat,2021-09-03
3340,Neha Roy,Indore,Madhya Pradesh,2025-03-23
3341,Arjun Jain,Jaipur,Rajasthan,2024-09-30
3342,Sneha Choudhury,Howrah,West Bengal,2024-03-29
3343,Pooja Choudhury,Kochi,Kerala,2022-10-22
3344,Pooja Nair,New Delhi,Delhi,2022-06-25
3345,Riya Gupta,Gurugram,Haryana,2022-12-24
3346,Ritu Patel,Lucknow,Uttar Pradesh,2025-02-14
3347,Sneha Verma,Noida,Uttar Pradesh,2021-06-03
3348,Krishna Ghosh,New Delhi,Delhi,2024-10-05
3349,Sneha Das,Ranchi,Jharkhand,2022-01-20
3350,Neha Jain,Chennai,Tamil Nadu,2025-07-26
3351,Pooja Nair,Howrah,West Bengal,2022-10-04
3352,Reyansh Jain,Gurugram,Haryana,2024-09-04
3353,Ishaan Iyer,Pune,Maharashtra,2021-09-24
3354,Ritu Saha,Coimbatore,Tamil Nadu,2023-07-16
3355,Isha Patel,Kolkata,West Bengal,2025-05-17
3356,Sai Nair,Mumbai,Maharashtra,2023-05-17
3357,Jyoti Das,Kochi,Kerala,2024-03-28
3358,Arjun Das,Delhi,Delhi,2025-11-30
3359,Priya Bora,Bengaluru,Karnataka,2026-01-06
3360,Nikhil Jain,Bengaluru,Karnataka,2023-09-03
3361,Arjun Yadav,Hyderabad,Telangana,2022-06-28
3362,Krishna Dutta,Pune,Maharashtra,2023-06-03
3363,Kavya Reddy,Coimbatore,Tamil Nadu,2023-06-02
3364,Diya Das,Mumbai,Maharashtra,2022-07-13
3365,Manish Roy,Mumbai,Maharashtra,2023-02-23
3366,Isha Bora,Delhi,Delhi,2022-01-23
3367,Aditi Choudhury,Surat,Gujarat,2023-12-21
3368,Nikhil Verma,Howrah,West Bengal,2021-08-12
3369,Arjun Gupta,Lucknow,Uttar Pradesh,2026-05-18
3370,Vivaan Mishra,Pune,Maharashtra,2026-01-08
3371,Riya Das,Bengaluru,Karnataka,2021-05-15
3372,Aditi Kumar,Bengaluru,Karnataka,2025-12-13
3373,Ishaan Mehta,Coimbatore,Tamil Nadu,2021-07-27
3374,Sanjay Patel,Kolkata,West Bengal,2021-12-17
3375,Karan Saha,Chennai,Tamil Nadu,2022-08-13
3376,Arjun Bora,Bengaluru,Karnataka,2021-01-07
3377,Aditi Choudhury,Kolkata,West Bengal,2024-12-05
3378,Vikram Gupta,Chandigarh,Chandigarh,2025-10-13
3379,Aditya Bora,Delhi,Delhi,2024-10-27
3380,Priya Dutta,Delhi,Delhi,2026-01-17
3381,Sneha Roy,Kochi,Kerala,2024-09-26
3382,Rohan Singh,Chennai,Tamil Nadu,2021-12-30
3383,Ritu Sharma,Delhi,Delhi,2025-04-07
3384,Sneha Mishra,Surat,Gujarat,2026-06-09
3385,Ishaan Choudhury,Mumbai,Maharashtra,2025-11-24
3386,Aarav Mishra,Pune,Maharashtra,2025-08-05
3387,Deepak Gupta,Noida,Uttar Pradesh,2022-08-19
3388,Pooja Dutta,Howrah,West Bengal,2021-12-09
3389,Rahul Reddy,Patna,Bihar,2021-07-24
3390,Diya Yadav,Hyderabad,Telangana,2025-02-13
3391,Rohan Iyer,Bengaluru,Karnataka,2023-09-24
3392,Diya Nair,Kolkata,West Bengal,2025-08-23
3393,Kavya Saha,Gurugram,Haryana,2025-12-31
3394,Nikhil Jain,Kolkata,West Bengal,2022-07-07
3395,Reyansh Roy,Gurugram,Haryana,2021-02-12
3396,Reyansh Iyer,Indore,Madhya Pradesh,2024-09-12
3397,Neha Roy,Kolkata,West Bengal,2022-05-16
3398,Aditya Patel,Chennai,Tamil Nadu,2025-03-05
3399,Jyoti Das,Silchar,Assam,2023-02-13
3400,Jyoti Yadav,Kochi,Kerala,2025-12-02
3401,Akash Jain,Guwahati,Assam,2023-07-10
3402,Nikhil Iyer,Delhi,Delhi,2026-02-08
3403,Neha Roy,Guwahati,Assam,2023-03-12
3404,Rahul Patel,Kochi,Kerala,2022-07-20
3405,Karan Reddy,Mumbai,Maharashtra,2023-12-02
3406,Meera Ghosh,Bhopal,Madhya Pradesh,2021-09-09
3407,Sanjay Iyer,Ahmedabad,Gujarat,2025-06-12
3408,Aarav Choudhury,Bengaluru,Karnataka,2026-06-09
3409,Priya Dutta,Dibrugarh,Assam,2021-10-29
3410,Aditi Yadav,Howrah,West Bengal,2022-08-17
3411,Sneha Nair,Lucknow,Uttar Pradesh,2022-09-14
3412,Aarav Ghosh,Mumbai,Maharashtra,2022-08-27
3413,Deepak Mishra,Mumbai,Maharashtra,2022-08-03
3414,Rahul Sharma,Nagpur,Maharashtra,2023-09-28
3415,Deepak Sharma,Hyderabad,Telangana,2024-09-14
3416,Diya Nair,Mumbai,Maharashtra,2021-10-10
3417,Nikhil Yadav,Patna,Bihar,2023-10-26
3418,Karan Mehta,Delhi,Delhi,2021-06-26
3419,Krishna Roy,Delhi,Delhi,2025-02-10
3420,Rahul Gupta,Surat,Gujarat,2021-06-15
3421,Diya Gupta,Mumbai,Maharashtra,2026-03-26
3422,Isha Roy,Ranchi,Jharkhand,2024-07-28
3423,Arjun Mehta,Coimbatore,Tamil Nadu,2026-01-26
3424,Rahul Bora,Silchar,Assam,2024-05-07
3425,Akash Reddy,Ahmedabad,Gujarat,2024-10-22
3426,Nikhil Patel,Ranchi,Jharkhand,2021-10-13
3427,Riya Patel,Bengaluru,Karnataka,2023-05-03
3428,Rahul Mishra,Bengaluru,Karnataka,2021-06-25
3429,Riya Bora,Dibrugarh,Assam,2023-08-03
3430,Deepak Roy,Chennai,Tamil Nadu,2025-11-29
3431,Priya Reddy,Pune,Maharashtra,2023-12-15
3432,Karan Iyer,Kolkata,West Bengal,2024-11-04
3433,Priya Roy,Kolkata,West Bengal,2023-05-26
3434,Aarav Yadav,Kochi,Kerala,2023-08-03
3435,Meera Singh,Mumbai,Maharashtra,2025-04-20
3436,Vikram Nair,Bhubaneswar,Odisha,2024-06-13
3437,Kavya Iyer,Patna,Bihar,2024-04-03
3438,Akash Mishra,Nagpur,Maharashtra,2024-01-18
3439,Pooja Kumar,Indore,Madhya Pradesh,2021-04-20
3440,Aarav Ghosh,Nagpur,Maharashtra,2024-10-04
3441,Kavya Ghosh,Ranchi,Jharkhand,2025-11-27
3442,Vivaan Mehta,Bhopal,Madhya Pradesh,2021-06-23
3443,Arjun Reddy,Bhopal,Madhya Pradesh,2024-08-23
3444,Rahul Mishra,Surat,Gujarat,2025-08-11
3445,Ritu Verma,Kolkata,West Bengal,2022-11-10
3446,Nikhil Jain,Nagpur,Maharashtra,2024-04-12
3447,Karan Patel,Chandigarh,Chandigarh,2021-04-19
3448,Manish Choudhury,Howrah,West Bengal,2024-02-26
3449,Nikhil Dutta,Nagpur,Maharashtra,2026-01-08
3450,Manish Sharma,Bengaluru,Karnataka,2022-09-29
3451,Karan Patel,Ranchi,Jharkhand,2024-07-01
3452,Reyansh Saha,Pune,Maharashtra,2021-01-01
3453,Arjun Gupta,Indore,Madhya Pradesh,2023-12-01
3454,Aarav Jain,New Delhi,Delhi,2023-08-29
3455,Vikram Das,Hyderabad,Telangana,2021-04-24
3456,Sai Gupta,Bengaluru,Karnataka,2023-09-18
3457,Rohan Saha,Bhopal,Madhya Pradesh,2024-01-25
3458,Nikhil Saha,Noida,Uttar Pradesh,2025-10-26
3459,Jyoti Sharma,Nagpur,Maharashtra,2021-10-27
3460,Manish Gupta,Delhi,Delhi,2025-08-04
3461,Karan Yadav,Delhi,Delhi,2025-02-27
3462,Rahul Nair,Delhi,Delhi,2023-09-11
3463,Neha Choudhury,Lucknow,Uttar Pradesh,2026-05-19
3464,Isha Kumar,Chennai,Tamil Nadu,2022-07-18
3465,Priya Roy,Noida,Uttar Pradesh,2021-08-08
3466,Aarav Nair,Ranchi,Jharkhand,2021-10-31
3467,Isha Sharma,Hyderabad,Telangana,2024-03-01
3468,Jyoti Saha,Surat,Gujarat,2021-03-11
3469,Vikram Iyer,Hyderabad,Telangana,2026-02-03
3470,Akash Ghosh,Kochi,Kerala,2023-08-17
3471,Diya Jain,Bengaluru,Karnataka,2021-11-21
3472,Krishna Iyer,Indore,Madhya Pradesh,2023-10-28
3473,Isha Jain,Guwahati,Assam,2023-12-12
3474,Reyansh Iyer,Mumbai,Maharashtra,2024-09-05
3475,Ananya Ghosh,Lucknow,Uttar Pradesh,2024-02-28
3476,Reyansh Mehta,Gurugram,Haryana,2025-05-31
3477,Rahul Kumar,Patna,Bihar,2024-09-10
3478,Jyoti Choudhury,Mumbai,Maharashtra,2025-09-15
3479,Aditi Bora,Chennai,Tamil Nadu,2023-08-25
3480,Kavya Jain,Ahmedabad,Gujarat,2026-03-15
3481,Ananya Mishra,Bengaluru,Karnataka,2024-11-30
3482,Neha Saha,Kochi,Kerala,2022-12-14
3483,Vivaan Sharma,Bhopal,Madhya Pradesh,2021-05-19
3484,Ishaan Das,Indore,Madhya Pradesh,2021-11-22
3485,Vikram Choudhury,Lucknow,Uttar Pradesh,2023-10-20
3486,Pooja Gupta,Mysuru,Karnataka,2022-04-20
3487,Sai Kumar,Pune,Maharashtra,2025-12-09
3488,Vikram Singh,Bhubaneswar,Odisha,2023-05-11
3489,Arjun Verma,Mumbai,Maharashtra,2022-05-28
3490,Priya Iyer,Bhopal,Madhya Pradesh,2021-05-30
3491,Aarav Bora,Jaipur,Rajasthan,2025-09-18
3492,Priya Kumar,Mysuru,Karnataka,2024-12-01
3493,Neha Yadav,Nagpur,Maharashtra,2024-07-29
3494,Sneha Ghosh,Delhi,Delhi,2022-06-02
3495,Krishna Bora,Noida,Uttar Pradesh,2022-04-07
3496,Sanjay Patel,Hyderabad,Telangana,2023-12-19
3497,Jyoti Das,Pune,Maharashtra,2021-02-19
3498,Reyansh Sharma,New Delhi,Delhi,2025-07-17
3499,Neha Yadav,Chennai,Tamil Nadu,2023-04-16
3500,Sai Jain,Indore,Madhya Pradesh,2022-11-29
3501,Krishna Mishra,Kolkata,West Bengal,2025-09-01
3502,Diya Iyer,Bhopal,Madhya Pradesh,2023-10-23
3503,Ritu Dutta,Jaipur,Rajasthan,2024-02-19
3504,Meera Kumar,Ranchi,Jharkhand,2023-06-18
3505,Aditya Dutta,Indore,Madhya Pradesh,2024-03-11
3506,Arjun Das,Patna,Bihar,2022-09-03
3507,Aditi Yadav,Kolkata,West Bengal,2021-04-16
3508,Deepak Nair,Chennai,Tamil Nadu,2022-04-04
3509,Isha Iyer,Silchar,Assam,2022-05-30
3510,Sai Nair,Mumbai,Maharashtra,2025-11-20
3511,Ishaan Jain,Pune,Maharashtra,2024-03-24
3512,Rahul Kumar,Dibrugarh,Assam,2023-10-22
3513,Karan Das,Jaipur,Rajasthan,2024-01-24
3514,Vikram Mehta,Surat,Gujarat,2026-04-03
3515,Ananya Roy,Lucknow,Uttar Pradesh,2021-03-08
3516,Akash Verma,Bengaluru,Karnataka,2022-11-17
3517,Deepak Reddy,Delhi,Delhi,2024-01-26
3518,Vikram Verma,Dibrugarh,Assam,2024-09-20
3519,Sanjay Mishra,New Delhi,Delhi,2021-05-30
3520,Deepak Verma,Guwahati,Assam,2024-12-10
3521,Meera Saha,Chennai,Tamil Nadu,2021-05-25
3522,Aditya Yadav,Chandigarh,Chandigarh,2026-03-19
3523,Rohan Verma,Kolkata,West Bengal,2021-09-23
3524,Kavya Gupta,Pune,Maharashtra,2023-10-15
3525,Sneha Nair,Lucknow,Uttar Pradesh,2023-06-03
3526,Ishaan Sharma,Patna,Bihar,2025-11-30
3527,Pooja Patel,Dibrugarh,Assam,2021-02-23
3528,Isha Sharma,Howrah,West Bengal,2025-10-28
3529,Isha Kumar,Ahmedabad,Gujarat,2021-04-17
3530,Karan Roy,Noida,Uttar Pradesh,2023-05-31
3531,Priya Das,Ahmedabad,Gujarat,2021-08-25
3532,Diya Iyer,Guwahati,Assam,2026-01-25
3533,Vikram Verma,Delhi,Delhi,2023-06-14
3534,Neha Sharma,Bengaluru,Karnataka,2021-07-08
3535,Pooja Yadav,New Delhi,Delhi,2025-03-11
3536,Aarav Gupta,Ahmedabad,Gujarat,2025-07-01
3537,Vivaan Dutta,Ranchi,Jharkhand,2021-06-06
3538,Vivaan Reddy,Hyderabad,Telangana,2022-08-02
3539,Akash Gupta,Chennai,Tamil Nadu,2024-09-03
3540,Aditi Kumar,Thiruvananthapuram,Kerala,2021-09-23
3541,Nikhil Singh,Kolkata,West Bengal,2021-09-08
3542,Riya Patel,Pune,Maharashtra,2026-04-06
3543,Deepak Iyer,Kolkata,West Bengal,2025-02-14
3544,Ishaan Ghosh,Guwahati,Assam,2025-10-25
3545,Diya Yadav,Gurugram,Haryana,2026-04-13
3546,Ishaan Jain,Bengaluru,Karnataka,2024-08-31
3547,Karan Yadav,Guwahati,Assam,2022-10-16
3548,Diya Roy,Kolkata,West Bengal,2021-04-21
3549,Sneha Mehta,Gurugram,Haryana,2024-06-27
3550,Reyansh Jain,Pune,Maharashtra,2026-02-11
3551,Riya Patel,New Delhi,Delhi,2025-02-28
3552,Deepak Dutta,Nagpur,Maharashtra,2025-01-24
3553,Karan Ghosh,Mumbai,Maharashtra,2022-04-27
3554,Arjun Sharma,Lucknow,Uttar Pradesh,2023-07-19
3555,Rohan Mehta,Kolkata,West Bengal,2021-03-11
3556,Deepak Singh,Surat,Gujarat,2022-09-08
3557,Aditi Kumar,Mumbai,Maharashtra,2025-10-17
3558,Isha Kumar,Kolkata,West Bengal,2025-11-02
3559,Krishna Kumar,Hyderabad,Telangana,2022-04-05
3560,Riya Verma,Delhi,Delhi,2023-06-02
3561,Riya Iyer,Lucknow,Uttar Pradesh,2021-03-06
3562,Aditi Reddy,Dibrugarh,Assam,2026-02-07
3563,Rohan Mishra,Silchar,Assam,2026-02-02
3564,Ananya Saha,New Delhi,Delhi,2021-02-26
3565,Sanjay Verma,Hyderabad,Telangana,2023-05-26
3566,Isha Nair,Ranchi,Jharkhand,2024-02-08
3567,Riya Ghosh,Indore,Madhya Pradesh,2026-04-05
3568,Neha Jain,Hyderabad,Telangana,2025-01-12
3569,Isha Ghosh,Bengaluru,Karnataka,2026-05-21
3570,Ishaan Dutta,Chandigarh,Chandigarh,2026-03-09
3571,Sanjay Mehta,Guwahati,Assam,2022-07-29
3572,Pooja Yadav,Pune,Maharashtra,2022-05-27
3573,Isha Verma,Bengaluru,Karnataka,2024-03-15
3574,Rohan Mehta,Jaipur,Rajasthan,2023-01-11
3575,Pooja Saha,Patna,Bihar,2025-07-18
3576,Neha Reddy,Mumbai,Maharashtra,2022-09-21
3577,Sai Ghosh,Bhopal,Madhya Pradesh,2025-10-02
3578,Aarav Ghosh,Kolkata,West Bengal,2023-06-20
3579,Sneha Yadav,Mumbai,Maharashtra,2023-01-05
3580,Neha Singh,New Delhi,Delhi,2021-04-30
3581,Riya Reddy,Bengaluru,Karnataka,2024-06-03
3582,Sai Mehta,Kochi,Kerala,2023-06-22
3583,Rohan Choudhury,Bhubaneswar,Odisha,2022-07-20
3584,Sai Dutta,Nagpur,Maharashtra,2024-07-14
3585,Vivaan Gupta,Indore,Madhya Pradesh,2024-09-05
3586,Sai Jain,Pune,Maharashtra,2021-03-20
3587,Ananya Verma,Indore,Madhya Pradesh,2024-04-02
3588,Vivaan Mehta,Ahmedabad,Gujarat,2022-04-12
3589,Nikhil Iyer,Kochi,Kerala,2021-02-03
3590,Aditi Gupta,Ahmedabad,Gujarat,2021-04-02
3591,Kavya Ghosh,Chennai,Tamil Nadu,2021-06-08
3592,Ishaan Patel,Pune,Maharashtra,2021-06-08
3593,Deepak Roy,Mysuru,Karnataka,2023-01-31
3594,Akash Nair,Pune,Maharashtra,2023-05-24
3595,Aditi Iyer,Delhi,Delhi,2022-10-31
3596,Akash Iyer,Chennai,Tamil Nadu,2023-04-16
3597,Rahul Saha,Kolkata,West Bengal,2026-06-17
3598,Vivaan Nair,Mumbai,Maharashtra,2023-01-25
3599,Neha Sharma,Dibrugarh,Assam,2026-02-11
3600,Sanjay Reddy,Pune,Maharashtra,2022-03-10
3601,Manish Jain,Kolkata,West Bengal,2025-05-19
3602,Diya Patel,Patna,Bihar,2024-12-30
3603,Vivaan Dutta,Chennai,Tamil Nadu,2024-04-08
3604,Aditya Singh,Chennai,Tamil Nadu,2024-08-22
3605,Neha Jain,Kochi,Kerala,2022-04-05
3606,Riya Roy,Thiruvananthapuram,Kerala,2024-07-14
3607,Ritu Jain,Ahmedabad,Gujarat,2021-09-06
3608,Sneha Jain,Patna,Bihar,2024-05-28
3609,Rohan Patel,Howrah,West Bengal,2022-10-12
3610,Vikram Gupta,Bhopal,Madhya Pradesh,2022-08-24
3611,Pooja Iyer,Chennai,Tamil Nadu,2025-06-25
3612,Manish Das,New Delhi,Delhi,2022-10-07
3613,Manish Roy,Noida,Uttar Pradesh,2023-07-01
3614,Riya Jain,Chennai,Tamil Nadu,2022-12-22
3615,Jyoti Choudhury,Pune,Maharashtra,2023-01-12
3616,Sanjay Roy,Jaipur,Rajasthan,2023-07-09
3617,Deepak Dutta,New Delhi,Delhi,2025-08-23
3618,Pooja Roy,Dibrugarh,Assam,2022-05-17
3619,Reyansh Saha,Noida,Uttar Pradesh,2024-09-25
3620,Ananya Reddy,Bengaluru,Karnataka,2022-08-11
3621,Meera Jain,Pune,Maharashtra,2023-04-17
3622,Sneha Patel,Thiruvananthapuram,Kerala,2024-03-25
3623,Priya Sharma,Guwahati,Assam,2025-11-30
3624,Rohan Yadav,Delhi,Delhi,2023-05-08
3625,Manish Das,Gurugram,Haryana,2023-08-21
3626,Deepak Roy,Nagpur,Maharashtra,2021-03-11
3627,Aditya Dutta,Mumbai,Maharashtra,2021-12-08
3628,Vikram Kumar,Howrah,West Bengal,2023-12-21
3629,Reyansh Kumar,Guwahati,Assam,2022-12-27
3630,Karan Nair,Noida,Uttar Pradesh,2022-05-10
3631,Deepak Reddy,Nagpur,Maharashtra,2026-01-12
3632,Arjun Verma,Surat,Gujarat,2024-06-16
3633,Diya Ghosh,Pune,Maharashtra,2026-03-01
3634,Priya Roy,Silchar,Assam,2024-07-15
3635,Karan Dutta,Bengaluru,Karnataka,2023-09-05
3636,Pooja Mishra,Gurugram,Haryana,2025-01-22
3637,Kavya Singh,Silchar,Assam,2026-04-03
3638,Neha Mishra,Delhi,Delhi,2021-01-16
3639,Priya Kumar,Chennai,Tamil Nadu,2024-08-22
3640,Kavya Mishra,Mysuru,Karnataka,2021-12-28
3641,Arjun Gupta,Bengaluru,Karnataka,2025-05-03
3642,Vivaan Mishra,Bengaluru,Karnataka,2022-11-30
3643,Neha Jain,Howrah,West Bengal,2023-12-12
3644,Rahul Reddy,Bhopal,Madhya Pradesh,2023-05-24
3645,Sai Dutta,Coimbatore,Tamil Nadu,2025-03-31
3646,Manish Patel,Mumbai,Maharashtra,2026-04-20
3647,Neha Saha,Hyderabad,Telangana,2022-07-24
3648,Rahul Bora,Mysuru,Karnataka,2022-12-13
3649,Sneha Ghosh,Nagpur,Maharashtra,2022-07-15
3650,Rahul Mehta,New Delhi,Delhi,2021-12-13
3651,Arjun Gupta,Thiruvananthapuram,Kerala,2025-03-24
3652,Arjun Patel,Lucknow,Uttar Pradesh,2021-10-16
3653,Pooja Bora,Ahmedabad,Gujarat,2023-11-08
3654,Vivaan Yadav,Mumbai,Maharashtra,2026-01-23
3655,Aarav Choudhury,Ahmedabad,Gujarat,2022-02-04
3656,Diya Patel,Bhopal,Madhya Pradesh,2021-02-22
3657,Neha Roy,Bengaluru,Karnataka,2026-04-26
3658,Reyansh Ghosh,Gurugram,Haryana,2023-12-03
3659,Karan Das,Bengaluru,Karnataka,2021-08-13
3660,Sneha Mehta,Hyderabad,Telangana,2023-06-05
3661,Rohan Das,Pune,Maharashtra,2021-10-08
3662,Aditya Gupta,Kochi,Kerala,2025-07-04
3663,Sai Jain,Gurugram,Haryana,2022-11-01
3664,Jyoti Jain,Chennai,Tamil Nadu,2023-07-18
3665,Karan Reddy,Lucknow,Uttar Pradesh,2021-06-01
3666,Meera Das,Guwahati,Assam,2021-03-20
3667,Kavya Reddy,Dibrugarh,Assam,2025-06-15
3668,Nikhil Verma,Delhi,Delhi,2024-02-18
3669,Aarav Gupta,Kochi,Kerala,2024-07-08
3670,Ritu Gupta,Nagpur,Maharashtra,2023-02-10
3671,Sneha Dutta,Lucknow,Uttar Pradesh,2022-06-28
3672,Manish Choudhury,Kolkata,West Bengal,2022-01-19
3673,Jyoti Singh,Bengaluru,Karnataka,2022-02-11
3674,Manish Patel,Kochi,Kerala,2025-10-22
3675,Sneha Yadav,Mumbai,Maharashtra,2021-05-18
3676,Sai Verma,Jaipur,Rajasthan,2024-12-25
3677,Aditi Kumar,Hyderabad,Telangana,2022-06-23
3678,Jyoti Iyer,Jaipur,Rajasthan,2022-04-26
3679,Sai Nair,Kolkata,West Bengal,2024-09-07
3680,Rahul Choudhury,Bhopal,Madhya Pradesh,2025-11-28
3681,Isha Saha,Kolkata,West Bengal,2024-07-14
3682,Rahul Das,Chennai,Tamil Nadu,2023-09-13
3683,Akash Nair,New Delhi,Delhi,2026-05-27
3684,Ananya Gupta,Hyderabad,Telangana,2023-07-05
3685,Sai Ghosh,Lucknow,Uttar Pradesh,2021-08-26
3686,Arjun Iyer,Kochi,Kerala,2024-09-14
3687,Reyansh Choudhury,Noida,Uttar Pradesh,2024-12-14
3688,Sneha Saha,Bhopal,Madhya Pradesh,2025-11-05
3689,Aarav Nair,Hyderabad,Telangana,2022-04-26
3690,Akash Roy,Bengaluru,Karnataka,2022-03-17
3691,Ananya Mehta,Mumbai,Maharashtra,2025-04-30
3692,Isha Ghosh,Noida,Uttar Pradesh,2023-04-23
3693,Vikram Verma,Hyderabad,Telangana,2022-06-18
3694,Ishaan Reddy,Bengaluru,Karnataka,2025-01-31
3695,Rahul Ghosh,Jaipur,Rajasthan,2021-04-04
3696,Akash Bora,Hyderabad,Telangana,2024-03-18
3697,Jyoti Das,Ahmedabad,Gujarat,2025-05-16
3698,Aditi Reddy,Kochi,Kerala,2024-06-10
3699,Aarav Sharma,Nagpur,Maharashtra,2024-01-11
3700,Pooja Reddy,Ranchi,Jharkhand,2021-07-04
3701,Pooja Yadav,Silchar,Assam,2025-04-20
3702,Kavya Patel,Mumbai,Maharashtra,2021-04-11
3703,Sai Yadav,Chennai,Tamil Nadu,2022-02-11
3704,Ishaan Nair,Coimbatore,Tamil Nadu,2025-01-10
3705,Diya Reddy,Ranchi,Jharkhand,2026-02-09
3706,Manish Gupta,Hyderabad,Telangana,2024-02-07
3707,Ritu Sharma,Shillong,Meghalaya,2021-03-15
3708,Arjun Jain,Bhubaneswar,Odisha,2023-12-15
3709,Vivaan Bora,Coimbatore,Tamil Nadu,2023-09-21
3710,Ishaan Gupta,Bengaluru,Karnataka,2021-02-19
3711,Arjun Kumar,Mumbai,Maharashtra,2025-03-16
3712,Deepak Mehta,Lucknow,Uttar Pradesh,2021-09-26
3713,Aditya Jain,Indore,Madhya Pradesh,2021-06-06
3714,Manish Roy,Gurugram,Haryana,2025-04-11
3715,Deepak Yadav,Mumbai,Maharashtra,2025-03-01
3716,Arjun Mishra,Jaipur,Rajasthan,2021-11-07
3717,Deepak Saha,Patna,Bihar,2022-02-02
3718,Ananya Roy,Indore,Madhya Pradesh,2025-05-27
3719,Rahul Mehta,Kolkata,West Bengal,2021-02-17
3720,Rohan Mishra,Kolkata,West Bengal,2021-07-24
3721,Meera Singh,Kolkata,West Bengal,2022-08-20
3722,Riya Mehta,New Delhi,Delhi,2023-04-13
3723,Karan Yadav,Kolkata,West Bengal,2026-02-02
3724,Aarav Choudhury,Kolkata,West Bengal,2023-02-23
3725,Diya Yadav,Gurugram,Haryana,2026-05-03
3726,Ishaan Mishra,Gurugram,Haryana,2023-07-16
3727,Pooja Gupta,Kochi,Kerala,2023-03-25
3728,Neha Das,Hyderabad,Telangana,2023-09-04
3729,Reyansh Singh,Lucknow,Uttar Pradesh,2022-11-12
3730,Krishna Choudhury,Pune,Maharashtra,2021-12-13
3731,Reyansh Kumar,Surat,Gujarat,2021-06-21
3732,Kavya Mishra,Jaipur,Rajasthan,2023-08-28
3733,Pooja Choudhury,Bhubaneswar,Odisha,2021-05-01
3734,Manish Reddy,Bengaluru,Karnataka,2022-09-30
3735,Ananya Mishra,Bhopal,Madhya Pradesh,2021-03-16
3736,Aarav Mehta,Surat,Gujarat,2025-11-20
3737,Riya Choudhury,Noida,Uttar Pradesh,2025-03-27
3738,Jyoti Gupta,Ahmedabad,Gujarat,2022-10-04
3739,Sneha Jain,Mysuru,Karnataka,2024-12-22
3740,Manish Singh,Ahmedabad,Gujarat,2025-02-23
3741,Karan Singh,Silchar,Assam,2023-05-22
3742,Aarav Bora,Chennai,Tamil Nadu,2025-03-31
3743,Sai Patel,Howrah,West Bengal,2021-09-06
3744,Arjun Verma,Hyderabad,Telangana,2026-06-14
3745,Sai Jain,Guwahati,Assam,2023-10-12
3746,Ritu Yadav,Kolkata,West Bengal,2025-03-14
3747,Rahul Das,Hyderabad,Telangana,2021-01-19
3748,Manish Mehta,Hyderabad,Telangana,2022-08-26
3749,Akash Iyer,Howrah,West Bengal,2024-06-13
3750,Reyansh Nair,Ahmedabad,Gujarat,2021-12-06
3751,Sanjay Saha,Howrah,West Bengal,2022-02-23
3752,Kavya Saha,Kochi,Kerala,2023-01-31
3753,Krishna Reddy,Bengaluru,Karnataka,2023-08-06
3754,Ritu Dutta,Dibrugarh,Assam,2025-01-14
3755,Deepak Choudhury,Delhi,Delhi,2025-01-04
3756,Sai Dutta,Mumbai,Maharashtra,2023-05-03
3757,Aarav Nair,Kolkata,West Bengal,2026-06-24
3758,Karan Das,Gurugram,Haryana,2022-02-13
3759,Arjun Verma,Ahmedabad,Gujarat,2022-11-09
3760,Sai Singh,Jaipur,Rajasthan,2024-05-02
3761,Akash Gupta,Chennai,Tamil Nadu,2024-02-20
3762,Vikram Patel,Chennai,Tamil Nadu,2021-01-29
3763,Vikram Roy,Bengaluru,Karnataka,2025-08-08
3764,Diya Saha,Surat,Gujarat,2022-09-19
3765,Rohan Yadav,Bhubaneswar,Odisha,2026-03-29
3766,Krishna Singh,Ahmedabad,Gujarat,2024-09-12
3767,Manish Patel,Surat,Gujarat,2021-07-30
3768,Neha Das,Bengaluru,Karnataka,2022-06-23
3769,Neha Kumar,Nagpur,Maharashtra,2023-12-06
3770,Ritu Mishra,Chennai,Tamil Nadu,2025-05-01
3771,Sanjay Saha,Jaipur,Rajasthan,2026-06-03
3772,Krishna Bora,Lucknow,Uttar Pradesh,2023-08-28
3773,Krishna Singh,Mumbai,Maharashtra,2022-04-20
3774,Reyansh Dutta,Dibrugarh,Assam,2024-06-13
3775,Aarav Reddy,Delhi,Delhi,2025-11-27
3776,Vivaan Dutta,Pune,Maharashtra,2026-06-10
3777,Meera Choudhury,Kolkata,West Bengal,2023-06-20
3778,Pooja Das,Chennai,Tamil Nadu,2023-10-22
3779,Isha Kumar,Bengaluru,Karnataka,2023-03-17
3780,Rahul Jain,Gurugram,Haryana,2022-12-29
3781,Akash Saha,Mysuru,Karnataka,2021-06-10
3782,Sai Mehta,Bhopal,Madhya Pradesh,2026-05-11
3783,Meera Yadav,Gurugram,Haryana,2025-09-17
3784,Sanjay Mehta,Hyderabad,Telangana,2024-11-24
3785,Akash Roy,Noida,Uttar Pradesh,2024-02-17
3786,Aarav Iyer,Lucknow,Uttar Pradesh,2021-12-31
3787,Nikhil Iyer,Indore,Madhya Pradesh,2025-04-28
3788,Aditi Yadav,Gurugram,Haryana,2022-03-14
3789,Krishna Kumar,Indore,Madhya Pradesh,2026-03-01
3790,Manish Sharma,Chennai,Tamil Nadu,2026-03-27
3791,Kavya Patel,Delhi,Delhi,2023-01-10
3792,Ananya Das,Mumbai,Maharashtra,2022-09-28
3793,Rohan Jain,Silchar,Assam,2026-02-19
3794,Rohan Verma,Silchar,Assam,2024-05-27
3795,Sneha Kumar,Lucknow,Uttar Pradesh,2024-08-07
3796,Karan Mehta,Mumbai,Maharashtra,2024-11-25
3797,Neha Sharma,Bengaluru,Karnataka,2021-04-28
3798,Sneha Saha,Indore,Madhya Pradesh,2026-03-15
3799,Sai Choudhury,Jaipur,Rajasthan,2023-10-02
3800,Pooja Yadav,Chandigarh,Chandigarh,2024-08-19
3801,Diya Sharma,Ranchi,Jharkhand,2021-03-20
3802,Reyansh Bora,Jaipur,Rajasthan,2024-12-31
3803,Aditya Roy,Indore,Madhya Pradesh,2021-09-27
3804,Vivaan Ghosh,Bhopal,Madhya Pradesh,2021-09-02
3805,Ananya Das,Jaipur,Rajasthan,2021-05-08
3806,Ritu Patel,Indore,Madhya Pradesh,2022-07-23
3807,Aarav Reddy,Lucknow,Uttar Pradesh,2025-02-19
3808,Akash Reddy,Bhopal,Madhya Pradesh,2025-10-04
3809,Akash Mishra,Guwahati,Assam,2021-12-13
3810,Kavya Sharma,Gurugram,Haryana,2023-01-21
3811,Meera Verma,Shillong,Meghalaya,2023-04-06
3812,Pooja Jain,Mumbai,Maharashtra,2025-08-17
3813,Aditya Bora,Delhi,Delhi,2022-07-01
3814,Aditi Patel,Hyderabad,Telangana,2022-07-19
3815,Sai Sharma,Noida,Uttar Pradesh,2023-04-19
3816,Diya Das,Mysuru,Karnataka,2024-02-23
3817,Deepak Singh,Chennai,Tamil Nadu,2024-03-09
3818,Aditya Das,Ahmedabad,Gujarat,2023-08-07
3819,Manish Singh,Silchar,Assam,2022-01-09
3820,Jyoti Sharma,Delhi,Delhi,2024-04-25
3821,Aarav Patel,Bhubaneswar,Odisha,2025-06-04
3822,Aditya Gupta,Jaipur,Rajasthan,2023-08-01
3823,Jyoti Patel,Mysuru,Karnataka,2024-10-26
3824,Reyansh Nair,Chandigarh,Chandigarh,2025-02-20
3825,Rahul Bora,Mumbai,Maharashtra,2024-12-16
3826,Ananya Roy,Bengaluru,Karnataka,2024-03-03
3827,Rohan Patel,New Delhi,Delhi,2022-01-21
3828,Rohan Ghosh,Delhi,Delhi,2022-08-28
3829,Diya Mishra,Bengaluru,Karnataka,2023-10-01
3830,Jyoti Jain,Chennai,Tamil Nadu,2025-05-01
3831,Nikhil Bora,Hyderabad,Telangana,2024-07-16
3832,Neha Kumar,Mumbai,Maharashtra,2025-09-06
3833,Krishna Roy,Delhi,Delhi,2024-03-10
3834,Nikhil Nair,Chennai,Tamil Nadu,2025-07-19
3835,Kavya Yadav,New Delhi,Delhi,2024-12-03
3836,Rohan Singh,Bhopal,Madhya Pradesh,2025-06-15
3837,Rohan Patel,Kolkata,West Bengal,2022-03-08
3838,Vikram Das,Kolkata,West Bengal,2021-03-06
3839,Sai Choudhury,Howrah,West Bengal,2024-07-16
3840,Ananya Iyer,Delhi,Delhi,2024-04-16
3841,Neha Verma,Ahmedabad,Gujarat,2024-09-10
3842,Jyoti Iyer,Mysuru,Karnataka,2021-08-03
3843,Sai Roy,Indore,Madhya Pradesh,2021-01-17
3844,Jyoti Das,Kolkata,West Bengal,2022-11-21
3845,Rahul Bora,Delhi,Delhi,2023-01-04
3846,Pooja Sharma,Kolkata,West Bengal,2022-01-17
3847,Priya Mishra,Hyderabad,Telangana,2024-06-16
3848,Manish Kumar,Ahmedabad,Gujarat,2023-06-10
3849,Rohan Iyer,Kolkata,West Bengal,2022-05-14
3850,Nikhil Kumar,Surat,Gujarat,2023-09-16
3851,Vikram Gupta,Bengaluru,Karnataka,2026-06-12
3852,Vikram Jain,Bhubaneswar,Odisha,2026-01-19
3853,Pooja Mehta,Pune,Maharashtra,2023-05-23
3854,Neha Sharma,Kochi,Kerala,2023-04-01
3855,Vikram Nair,Delhi,Delhi,2021-12-07
3856,Karan Jain,Guwahati,Assam,2026-05-31
3857,Neha Dutta,Delhi,Delhi,2026-06-15
3858,Sanjay Verma,Nagpur,Maharashtra,2022-11-14
3859,Sanjay Dutta,Kochi,Kerala,2022-09-26
3860,Isha Bora,Ranchi,Jharkhand,2023-07-29
3861,Reyansh Patel,Kolkata,West Bengal,2024-09-10
3862,Rahul Singh,Guwahati,Assam,2022-09-10
3863,Krishna Roy,Delhi,Delhi,2025-10-23
3864,Reyansh Yadav,Pune,Maharashtra,2022-05-17
3865,Aarav Choudhury,Bhopal,Madhya Pradesh,2023-02-06
3866,Sneha Yadav,Delhi,Delhi,2021-07-24
3867,Krishna Choudhury,Noida,Uttar Pradesh,2024-12-02
3868,Priya Gupta,Lucknow,Uttar Pradesh,2025-08-30
3869,Isha Dutta,Bhubaneswar,Odisha,2021-07-16
3870,Reyansh Kumar,Mysuru,Karnataka,2026-03-31
3871,Rahul Roy,Patna,Bihar,2026-01-14
3872,Aditya Iyer,Surat,Gujarat,2023-12-30
3873,Neha Sharma,Kolkata,West Bengal,2025-02-25
3874,Sai Gupta,New Delhi,Delhi,2024-05-31
3875,Kavya Sharma,Chennai,Tamil Nadu,2022-11-28
3876,Isha Singh,Jaipur,Rajasthan,2025-03-20
3877,Sneha Patel,Lucknow,Uttar Pradesh,2021-10-10
3878,Meera Singh,Mumbai,Maharashtra,2022-09-11
3879,Sai Roy,Chennai,Tamil Nadu,2024-09-01
3880,Isha Choudhury,Delhi,Delhi,2022-09-30
3881,Meera Bora,Mumbai,Maharashtra,2026-05-18
3882,Kavya Das,Delhi,Delhi,2024-10-29
3883,Diya Das,Kolkata,West Bengal,2021-06-19
3884,Sanjay Sharma,Lucknow,Uttar Pradesh,2023-04-09
3885,Neha Jain,Delhi,Delhi,2021-09-21
3886,Aarav Choudhury,Coimbatore,Tamil Nadu,2023-07-21
3887,Isha Roy,Lucknow,Uttar Pradesh,2024-10-04
3888,Meera Mehta,Patna,Bihar,2022-09-13
3889,Aditi Ghosh,Chandigarh,Chandigarh,2021-08-26
3890,Sneha Reddy,Kolkata,West Bengal,2025-05-19
3891,Diya Das,Bhopal,Madhya Pradesh,2026-06-14
3892,Riya Kumar,Patna,Bihar,2023-05-19
3893,Reyansh Sharma,Indore,Madhya Pradesh,2021-06-13
3894,Karan Mishra,Chennai,Tamil Nadu,2026-03-29
3895,Deepak Saha,Bengaluru,Karnataka,2023-11-21
3896,Meera Verma,Gurugram,Haryana,2023-07-21
3897,Arjun Choudhury,Kolkata,West Bengal,2021-03-23
3898,Akash Saha,Kolkata,West Bengal,2021-04-13
3899,Meera Reddy,Noida,Uttar Pradesh,2022-06-01
3900,Deepak Sharma,Noida,Uttar Pradesh,2025-04-20
3901,Rahul Iyer,Ahmedabad,Gujarat,2022-01-02
3902,Ananya Nair,Hyderabad,Telangana,2023-07-04
3903,Arjun Iyer,Jaipur,Rajasthan,2024-05-05
3904,Manish Kumar,Gurugram,Haryana,2023-12-25
3905,Riya Das,Bengaluru,Karnataka,2021-06-22
3906,Jyoti Choudhury,Nagpur,Maharashtra,2021-10-24
3907,Diya Ghosh,Hyderabad,Telangana,2022-07-17
3908,Vikram Jain,Noida,Uttar Pradesh,2022-05-15
3909,Aditya Reddy,Ahmedabad,Gujarat,2021-03-25
3910,Aditi Das,Chennai,Tamil Nadu,2021-10-28
3911,Aditya Reddy,Chennai,Tamil Nadu,2025-01-25
3912,Rahul Roy,Dibrugarh,Assam,2025-03-15
3913,Manish Mehta,Coimbatore,Tamil Nadu,2022-01-12
3914,Akash Singh,Gurugram,Haryana,2025-03-02
3915,Arjun Patel,Bhopal,Madhya Pradesh,2023-06-07
3916,Aditi Jain,Ahmedabad,Gujarat,2022-09-13
3917,Ishaan Verma,Ahmedabad,Gujarat,2025-06-14
3918,Krishna Roy,Chennai,Tamil Nadu,2023-08-27
3919,Pooja Bora,Bengaluru,Karnataka,2024-11-11
3920,Vivaan Saha,Bengaluru,Karnataka,2024-10-07
3921,Nikhil Nair,Coimbatore,Tamil Nadu,2022-01-07
3922,Krishna Sharma,Bengaluru,Karnataka,2023-04-14
3923,Reyansh Mehta,Patna,Bihar,2024-09-07
3924,Sanjay Reddy,Bengaluru,Karnataka,2024-05-11
3925,Aarav Reddy,Pune,Maharashtra,2022-04-06
3926,Rahul Saha,New Delhi,Delhi,2024-06-06
3927,Meera Saha,Bhopal,Madhya Pradesh,2024-04-19
3928,Sneha Yadav,Chennai,Tamil Nadu,2023-03-08
3929,Ananya Iyer,Mumbai,Maharashtra,2022-11-29
3930,Priya Choudhury,Bhopal,Madhya Pradesh,2021-11-07
3931,Sai Kumar,New Delhi,Delhi,2024-11-29
3932,Nikhil Mishra,Bengaluru,Karnataka,2021-03-08
3933,Sneha Yadav,Kochi,Kerala,2024-07-17
3934,Krishna Jain,Thiruvananthapuram,Kerala,2021-06-20
3935,Pooja Reddy,Chennai,Tamil Nadu,2022-08-21
3936,Aarav Dutta,Hyderabad,Telangana,2023-08-16
3937,Aditi Iyer,Jaipur,Rajasthan,2021-12-08
3938,Pooja Sharma,Ahmedabad,Gujarat,2023-05-01
3939,Riya Choudhury,Bhubaneswar,Odisha,2022-08-05
3940,Vikram Yadav,Thiruvananthapuram,Kerala,2023-02-08
3941,Ritu Das,Nagpur,Maharashtra,2024-05-28
3942,Krishna Das,Pune,Maharashtra,2022-03-24
3943,Ritu Bora,Ahmedabad,Gujarat,2022-01-01
3944,Isha Yadav,Bhubaneswar,Odisha,2025-02-13
3945,Krishna Roy,Hyderabad,Telangana,2025-03-19
3946,Ananya Iyer,Guwahati,Assam,2022-07-26
3947,Akash Reddy,Jaipur,Rajasthan,2024-09-22
3948,Isha Gupta,Kolkata,West Bengal,2023-12-27
3949,Pooja Ghosh,Indore,Madhya Pradesh,2023-10-11
3950,Priya Bora,Bengaluru,Karnataka,2026-03-09
3951,Isha Nair,Dibrugarh,Assam,2021-12-30
3952,Ananya Ghosh,Mumbai,Maharashtra,2025-08-27
3953,Vikram Das,Lucknow,Uttar Pradesh,2024-10-31
3954,Meera Roy,Coimbatore,Tamil Nadu,2024-08-30
3955,Aarav Saha,Hyderabad,Telangana,2024-07-27
3956,Aditi Jain,New Delhi,Delhi,2024-06-02
3957,Neha Roy,Thiruvananthapuram,Kerala,2024-05-12
3958,Aditi Gupta,Kochi,Kerala,2022-10-28
3959,Sneha Singh,Delhi,Delhi,2024-07-05
3960,Manish Saha,Kochi,Kerala,2021-02-16
3961,Isha Yadav,Guwahati,Assam,2024-09-01
3962,Ritu Bora,Kolkata,West Bengal,2022-01-31
3963,Ritu Gupta,Hyderabad,Telangana,2025-01-20
3964,Karan Patel,Delhi,Delhi,2026-04-04
3965,Aditya Sharma,Mysuru,Karnataka,2022-08-24
3966,Priya Gupta,New Delhi,Delhi,2023-08-03
3967,Ishaan Bora,Noida,Uttar Pradesh,2023-06-28
3968,Jyoti Das,Kochi,Kerala,2023-10-22
3969,Ananya Bora,Ranchi,Jharkhand,2025-09-12
3970,Aditya Sharma,Bengaluru,Karnataka,2025-01-18
3971,Nikhil Roy,Chandigarh,Chandigarh,2024-10-28
3972,Ritu Kumar,Indore,Madhya Pradesh,2023-08-21
3973,Rohan Yadav,Pune,Maharashtra,2023-05-05
3974,Aditi Yadav,Nagpur,Maharashtra,2025-05-10
3975,Sneha Verma,Gurugram,Haryana,2023-06-18
3976,Deepak Verma,Bengaluru,Karnataka,2023-03-27
3977,Vikram Jain,Chennai,Tamil Nadu,2025-01-07
3978,Meera Das,Jaipur,Rajasthan,2023-06-21
3979,Rohan Mishra,Pune,Maharashtra,2025-10-01
3980,Manish Bora,Bhubaneswar,Odisha,2021-08-17
3981,Ananya Dutta,Chennai,Tamil Nadu,2024-09-06
3982,Sneha Patel,Silchar,Assam,2025-06-18
3983,Jyoti Singh,Bengaluru,Karnataka,2022-11-07
3984,Sneha Gupta,Hyderabad,Telangana,2024-12-23
3985,Rahul Ghosh,Bhubaneswar,Odisha,2022-12-03
3986,Karan Mehta,Chennai,Tamil Nadu,2023-07-12
3987,Vivaan Dutta,Ahmedabad,Gujarat,2024-05-02
3988,Aarav Gupta,Delhi,Delhi,2022-08-14
3989,Diya Nair,Indore,Madhya Pradesh,2024-02-29
3990,Sai Mishra,Mysuru,Karnataka,2025-01-06
3991,Karan Ghosh,Jaipur,Rajasthan,2023-09-01
3992,Manish Dutta,Lucknow,Uttar Pradesh,2021-11-13
3993,Ritu Kumar,Delhi,Delhi,2022-08-22
3994,Aarav Patel,Bengaluru,Karnataka,2022-04-12
3995,Neha Sharma,Surat,Gujarat,2021-10-31
3996,Kavya Jain,Bengaluru,Karnataka,2025-01-16
3997,Akash Bora,Hyderabad,Telangana,2024-06-20
3998,Reyansh Mishra,Kochi,Kerala,2024-08-11
3999,Kavya Iyer,Indore,Madhya Pradesh,2022-10-06
4000,Sneha Bora,Chennai,Tamil Nadu,2026-03-12
4001,Sai Choudhury,Indore,Madhya Pradesh,2023-09-15
4002,Nikhil Singh,Guwahati,Assam,2021-01-30
4003,Krishna Gupta,Chennai,Tamil Nadu,2022-09-26
4004,Pooja Das,Delhi,Delhi,2024-05-31
4005,Sneha Ghosh,Lucknow,Uttar Pradesh,2023-01-01
4006,Vikram Sharma,Ahmedabad,Gujarat,2024-07-31
4007,Deepak Jain,Bhopal,Madhya Pradesh,2025-09-29
4008,Krishna Iyer,Guwahati,Assam,2025-02-27
4009,Jyoti Das,Lucknow,Uttar Pradesh,2023-03-28
4010,Aditya Mehta,Kochi,Kerala,2023-11-06
4011,Ritu Yadav,Ahmedabad,Gujarat,2024-01-01
4012,Sanjay Verma,Indore,Madhya Pradesh,2026-06-11
4013,Ishaan Gupta,Hyderabad,Telangana,2023-12-07
4014,Sai Gupta,Bengaluru,Karnataka,2025-02-23
4015,Priya Bora,New Delhi,Delhi,2025-01-09
4016,Rohan Yadav,Mumbai,Maharashtra,2024-06-01
4017,Krishna Singh,Bengaluru,Karnataka,2025-03-02
4018,Kavya Nair,Guwahati,Assam,2021-09-29
4019,Ishaan Mishra,Mumbai,Maharashtra,2022-04-12
4020,Priya Das,Bhubaneswar,Odisha,2023-09-05
4021,Vivaan Reddy,Ahmedabad,Gujarat,2025-05-20
4022,Krishna Choudhury,Patna,Bihar,2021-05-30
4023,Sneha Patel,Pune,Maharashtra,2021-06-20
4024,Krishna Saha,Pune,Maharashtra,2024-04-22
4025,Aarav Mishra,Kolkata,West Bengal,2024-03-11
4026,Arjun Ghosh,Hyderabad,Telangana,2026-01-28
4027,Neha Saha,Patna,Bihar,2022-02-03
4028,Rohan Roy,Bhubaneswar,Odisha,2021-01-02
4029,Jyoti Bora,Surat,Gujarat,2023-10-06
4030,Kavya Nair,Chennai,Tamil Nadu,2023-09-17
4031,Rohan Yadav,Kochi,Kerala,2022-09-06
4032,Nikhil Yadav,Bengaluru,Karnataka,2022-07-18
4033,Priya Das,Kolkata,West Bengal,2024-07-05
4034,Sai Choudhury,Kochi,Kerala,2026-04-21
4035,Kavya Choudhury,Mumbai,Maharashtra,2026-01-04
4036,Aditya Roy,Kolkata,West Bengal,2022-01-02
4037,Vikram Ghosh,Lucknow,Uttar Pradesh,2021-07-13
4038,Riya Bora,Chennai,Tamil Nadu,2024-11-07
4039,Pooja Gupta,Delhi,Delhi,2021-08-11
4040,Rahul Reddy,New Delhi,Delhi,2023-10-25
4041,Arjun Nair,Bhubaneswar,Odisha,2023-08-25
4042,Neha Dutta,Dibrugarh,Assam,2022-03-07
4043,Pooja Kumar,Mysuru,Karnataka,2022-01-29
4044,Sai Saha,Patna,Bihar,2025-10-12
4045,Kavya Choudhury,Lucknow,Uttar Pradesh,2022-10-29
4046,Meera Mehta,Lucknow,Uttar Pradesh,2025-06-04
4047,Sneha Nair,New Delhi,Delhi,2022-06-23
4048,Ananya Iyer,Chennai,Tamil Nadu,2022-09-20
4049,Priya Nair,Bhopal,Madhya Pradesh,2022-10-08
4050,Pooja Roy,Hyderabad,Telangana,2023-03-17
4051,Isha Verma,Mumbai,Maharashtra,2026-04-10
4052,Jyoti Dutta,Kochi,Kerala,2022-12-26
4053,Rohan Sharma,Kochi,Kerala,2025-04-20
4054,Krishna Mehta,Ranchi,Jharkhand,2022-02-19
4055,Aarav Reddy,Bengaluru,Karnataka,2023-02-04
4056,Ananya Yadav,Hyderabad,Telangana,2023-02-23
4057,Sanjay Patel,Ahmedabad,Gujarat,2022-02-13
4058,Ritu Mehta,Jaipur,Rajasthan,2023-06-21
4059,Sai Reddy,Pune,Maharashtra,2022-05-13
4060,Manish Mishra,Gurugram,Haryana,2026-04-13
4061,Vivaan Kumar,Kolkata,West Bengal,2026-06-12
4062,Karan Choudhury,Noida,Uttar Pradesh,2026-02-05
4063,Neha Kumar,Bengaluru,Karnataka,2024-05-27
4064,Jyoti Reddy,Mumbai,Maharashtra,2021-04-25
4065,Priya Nair,Bengaluru,Karnataka,2023-01-27
4066,Akash Singh,Pune,Maharashtra,2021-10-03
4067,Manish Roy,Mysuru,Karnataka,2025-05-07
4068,Reyansh Mishra,Bhopal,Madhya Pradesh,2025-11-25
4069,Riya Singh,Bengaluru,Karnataka,2022-02-14
4070,Neha Yadav,Hyderabad,Telangana,2022-11-03
4071,Riya Jain,Bhubaneswar,Odisha,2022-06-18
4072,Aarav Dutta,Ranchi,Jharkhand,2024-11-13
4073,Ritu Reddy,Patna,Bihar,2021-05-20
4074,Akash Ghosh,Kochi,Kerala,2023-01-10
4075,Sai Reddy,Chandigarh,Chandigarh,2022-03-16
4076,Diya Reddy,Kolkata,West Bengal,2023-08-02
4077,Karan Mehta,Delhi,Delhi,2026-06-13
4078,Vikram Sharma,Bengaluru,Karnataka,2025-03-12
4079,Meera Roy,Delhi,Delhi,2024-08-08
4080,Sanjay Verma,Coimbatore,Tamil Nadu,2023-09-24
4081,Vikram Jain,Bhopal,Madhya Pradesh,2021-05-04
4082,Meera Verma,Chennai,Tamil Nadu,2024-03-04
4083,Sanjay Reddy,Kochi,Kerala,2025-11-24
4084,Rahul Mishra,Patna,Bihar,2023-10-05
4085,Manish Singh,Chennai,Tamil Nadu,2021-05-18
4086,Riya Das,Ahmedabad,Gujarat,2026-06-19
4087,Kavya Singh,Howrah,West Bengal,2025-06-24
4088,Aditi Patel,Ahmedabad,Gujarat,2023-08-18
4089,Nikhil Roy,Bhubaneswar,Odisha,2025-04-21
4090,Priya Dutta,Ranchi,Jharkhand,2023-08-12
4091,Sai Mishra,Lucknow,Uttar Pradesh,2021-05-30
4092,Pooja Roy,Chennai,Tamil Nadu,2023-12-17
4093,Neha Nair,Guwahati,Assam,2023-04-03
4094,Isha Sharma,Mumbai,Maharashtra,2025-08-24
4095,Meera Dutta,Mumbai,Maharashtra,2022-10-23
4096,Neha Reddy,Bengaluru,Karnataka,2022-04-02
4097,Nikhil Patel,Howrah,West Bengal,2024-08-31
4098,Vikram Iyer,Bhubaneswar,Odisha,2024-03-22
4099,Ritu Mishra,Guwahati,Assam,2025-01-04
4100,Reyansh Patel,Delhi,Delhi,2025-05-03
4101,Aarav Yadav,Mysuru,Karnataka,2021-07-26
4102,Vivaan Dutta,Surat,Gujarat,2025-09-26
4103,Aditya Reddy,Ahmedabad,Gujarat,2026-05-10
4104,Ishaan Patel,Indore,Madhya Pradesh,2026-03-17
4105,Meera Mehta,New Delhi,Delhi,2021-12-01
4106,Krishna Iyer,New Delhi,Delhi,2026-02-27
4107,Akash Ghosh,Mumbai,Maharashtra,2025-12-03
4108,Isha Sharma,Nagpur,Maharashtra,2026-04-26
4109,Ritu Patel,Hyderabad,Telangana,2025-03-04
4110,Priya Kumar,Chennai,Tamil Nadu,2023-07-05
4111,Isha Mishra,Delhi,Delhi,2025-04-28
4112,Sai Jain,Ranchi,Jharkhand,2021-07-10
4113,Kavya Das,Silchar,Assam,2025-01-23
4114,Arjun Choudhury,Delhi,Delhi,2022-03-06
4115,Manish Reddy,Chandigarh,Chandigarh,2023-01-04
4116,Aditya Jain,Hyderabad,Telangana,2022-03-07
4117,Kavya Das,Chennai,Tamil Nadu,2022-06-07
4118,Aarav Kumar,Kochi,Kerala,2021-02-03
4119,Ritu Das,Ranchi,Jharkhand,2023-03-31
4120,Rahul Singh,Chennai,Tamil Nadu,2026-04-21
4121,Jyoti Nair,Hyderabad,Telangana,2025-10-03
4122,Aditya Kumar,New Delhi,Delhi,2024-12-07
4123,Rohan Reddy,Indore,Madhya Pradesh,2021-02-02
4124,Ishaan Bora,Mumbai,Maharashtra,2025-10-02
4125,Kavya Dutta,Ahmedabad,Gujarat,2021-09-20
4126,Pooja Verma,Delhi,Delhi,2023-08-21
4127,Krishna Nair,Mumbai,Maharashtra,2025-07-02
4128,Deepak Bora,Chennai,Tamil Nadu,2023-04-30
4129,Vikram Jain,Hyderabad,Telangana,2021-12-24
4130,Sanjay Bora,Kochi,Kerala,2025-02-28
4131,Arjun Bora,Chennai,Tamil Nadu,2026-03-10
4132,Rahul Kumar,Mumbai,Maharashtra,2022-02-22
4133,Deepak Mehta,Jaipur,Rajasthan,2026-02-05
4134,Sanjay Sharma,Jaipur,Rajasthan,2021-02-28
4135,Sneha Verma,Chennai,Tamil Nadu,2025-12-26
4136,Vikram Roy,Gurugram,Haryana,2021-10-23
4137,Pooja Saha,Mumbai,Maharashtra,2023-02-12
4138,Sai Das,Gurugram,Haryana,2021-12-14
4139,Ishaan Singh,Mumbai,Maharashtra,2026-01-12
4140,Arjun Choudhury,Hyderabad,Telangana,2021-05-16
4141,Ritu Yadav,Kolkata,West Bengal,2023-05-01
4142,Aditi Sharma,Hyderabad,Telangana,2025-10-21
4143,Akash Mehta,Mysuru,Karnataka,2023-08-20
4144,Riya Iyer,Nagpur,Maharashtra,2024-09-06
4145,Karan Das,Kochi,Kerala,2024-09-30
4146,Deepak Mishra,Kolkata,West Bengal,2025-03-14
4147,Kavya Dutta,Delhi,Delhi,2022-03-26
4148,Ishaan Singh,Ranchi,Jharkhand,2021-10-20
4149,Isha Nair,Chandigarh,Chandigarh,2025-01-08
4150,Ishaan Gupta,Guwahati,Assam,2021-08-04
4151,Nikhil Nair,Bengaluru,Karnataka,2025-02-04
4152,Priya Mishra,Chennai,Tamil Nadu,2026-06-18
4153,Akash Mehta,Howrah,West Bengal,2024-03-28
4154,Ananya Roy,Bhubaneswar,Odisha,2021-09-27
4155,Neha Verma,Chennai,Tamil Nadu,2021-10-25
4156,Isha Verma,Chandigarh,Chandigarh,2025-06-26
4157,Sai Sharma,Patna,Bihar,2026-06-30
4158,Deepak Gupta,Delhi,Delhi,2021-03-11
4159,Aarav Mishra,Delhi,Delhi,2022-10-23
4160,Diya Patel,Kolkata,West Bengal,2025-10-23
4161,Neha Kumar,Jaipur,Rajasthan,2025-08-01
4162,Priya Saha,Hyderabad,Telangana,2022-03-16
4163,Arjun Mehta,Bengaluru,Karnataka,2023-06-20
4164,Vikram Reddy,Lucknow,Uttar Pradesh,2023-11-20
4165,Sai Mehta,Chennai,Tamil Nadu,2026-01-02
4166,Sneha Yadav,Chennai,Tamil Nadu,2025-11-21
4167,Nikhil Reddy,Hyderabad,Telangana,2021-07-17
4168,Aditya Iyer,Bhubaneswar,Odisha,2022-06-23
4169,Riya Dutta,Hyderabad,Telangana,2021-02-22
4170,Priya Das,Pune,Maharashtra,2026-06-20
4171,Rahul Dutta,Nagpur,Maharashtra,2024-12-30
4172,Priya Roy,Indore,Madhya Pradesh,2022-09-21
4173,Aditya Jain,Ahmedabad,Gujarat,2026-04-09
4174,Akash Jain,Delhi,Delhi,2025-08-07
4175,Nikhil Gupta,Delhi,Delhi,2025-09-17
4176,Manish Iyer,Patna,Bihar,2022-02-11
4177,Reyansh Mishra,Howrah,West Bengal,2025-05-17
4178,Vivaan Yadav,Indore,Madhya Pradesh,2023-12-12
4179,Karan Jain,Chennai,Tamil Nadu,2022-04-17
4180,Arjun Bora,Delhi,Delhi,2021-11-22
4181,Aditi Gupta,Jaipur,Rajasthan,2025-10-26
4182,Karan Dutta,Bhopal,Madhya Pradesh,2025-03-19
4183,Aditi Roy,Ahmedabad,Gujarat,2026-05-11
4184,Vivaan Kumar,Indore,Madhya Pradesh,2022-07-25
4185,Kavya Roy,Bengaluru,Karnataka,2026-01-20
4186,Ananya Dutta,Guwahati,Assam,2023-08-17
4187,Aarav Singh,Gurugram,Haryana,2022-09-07
4188,Nikhil Nair,Bengaluru,Karnataka,2024-02-13
4189,Aditi Saha,New Delhi,Delhi,2025-02-11
4190,Pooja Roy,Kochi,Kerala,2021-05-02
4191,Deepak Bora,Delhi,Delhi,2023-09-12
4192,Ishaan Kumar,Bhubaneswar,Odisha,2025-07-11
4193,Meera Kumar,Patna,Bihar,2024-08-16
4194,Deepak Iyer,Surat,Gujarat,2022-05-25
4195,Rohan Dutta,Pune,Maharashtra,2026-05-27
4196,Manish Mishra,Guwahati,Assam,2021-09-10
4197,Krishna Ghosh,Shillong,Meghalaya,2021-11-07
4198,Pooja Reddy,Delhi,Delhi,2022-07-19
4199,Kavya Nair,Mumbai,Maharashtra,2021-08-29
4200,Jyoti Saha,Howrah,West Bengal,2025-04-30
4201,Priya Nair,Kolkata,West Bengal,2024-09-14
4202,Manish Saha,Bhopal,Madhya Pradesh,2024-01-14
4203,Akash Reddy,Hyderabad,Telangana,2021-05-25
4204,Vivaan Kumar,Indore,Madhya Pradesh,2026-04-29
4205,Arjun Ghosh,Bhopal,Madhya Pradesh,2022-06-08
4206,Akash Choudhury,Hyderabad,Telangana,2021-12-11
4207,Kavya Das,Bhubaneswar,Odisha,2022-04-06
4208,Aditi Saha,Pune,Maharashtra,2025-02-07
4209,Ritu Choudhury,Indore,Madhya Pradesh,2022-05-10
4210,Meera Roy,Bhopal,Madhya Pradesh,2026-05-27
4211,Ritu Mehta,Mumbai,Maharashtra,2021-08-04
4212,Rohan Mehta,Bhopal,Madhya Pradesh,2025-02-09
4213,Meera Mehta,Lucknow,Uttar Pradesh,2022-11-05
4214,Aarav Das,Thiruvananthapuram,Kerala,2021-06-20
4215,Ishaan Mishra,Gurugram,Haryana,2023-09-22
4216,Meera Mehta,Kolkata,West Bengal,2024-04-25
4217,Deepak Choudhury,Pune,Maharashtra,2025-05-19
4218,Neha Kumar,Ahmedabad,Gujarat,2025-09-12
4219,Vikram Kumar,Jaipur,Rajasthan,2025-11-18
4220,Neha Das,Mumbai,Maharashtra,2021-08-09
4221,Pooja Gupta,Ahmedabad,Gujarat,2021-08-29
4222,Karan Saha,Chennai,Tamil Nadu,2024-10-09
4223,Karan Verma,Hyderabad,Telangana,2023-03-18
4224,Priya Ghosh,Chennai,Tamil Nadu,2025-06-03
4225,Vivaan Kumar,Ahmedabad,Gujarat,2023-12-07
4226,Manish Roy,Ranchi,Jharkhand,2024-07-10
4227,Krishna Mishra,Lucknow,Uttar Pradesh,2021-02-22
4228,Ananya Das,Delhi,Delhi,2024-07-15
4229,Sanjay Sharma,Bengaluru,Karnataka,2023-04-25
4230,Akash Mehta,Gurugram,Haryana,2025-10-06
4231,Diya Iyer,Chennai,Tamil Nadu,2024-10-30
4232,Rohan Ghosh,Kochi,Kerala,2022-05-25
4233,Priya Mehta,Patna,Bihar,2022-10-27
4234,Krishna Yadav,Bhubaneswar,Odisha,2021-11-25
4235,Jyoti Reddy,Bhubaneswar,Odisha,2024-01-26
4236,Diya Bora,Chandigarh,Chandigarh,2025-03-23
4237,Aditya Reddy,Bhopal,Madhya Pradesh,2025-10-21
4238,Manish Gupta,Chennai,Tamil Nadu,2024-01-08
4239,Arjun Singh,Mysuru,Karnataka,2022-09-19
4240,Aditi Choudhury,Lucknow,Uttar Pradesh,2022-10-03
4241,Isha Patel,Lucknow,Uttar Pradesh,2025-03-30
4242,Sneha Iyer,Bengaluru,Karnataka,2024-12-19
4243,Akash Iyer,Chennai,Tamil Nadu,2023-06-16
4244,Sai Reddy,Bhubaneswar,Odisha,2026-05-19
4245,Neha Nair,Mumbai,Maharashtra,2022-01-24
4246,Jyoti Yadav,Guwahati,Assam,2024-12-05
4247,Riya Bora,Bengaluru,Karnataka,2024-02-21
4248,Aditya Patel,Coimbatore,Tamil Nadu,2024-11-25
4249,Aditi Kumar,Pune,Maharashtra,2024-12-28
4250,Karan Reddy,Indore,Madhya Pradesh,2021-10-26
4251,Reyansh Kumar,Howrah,West Bengal,2023-03-24
4252,Manish Nair,Pune,Maharashtra,2026-05-13
4253,Aditya Reddy,Jaipur,Rajasthan,2026-06-12
4254,Deepak Verma,Thiruvananthapuram,Kerala,2023-06-26
4255,Nikhil Mehta,Bengaluru,Karnataka,2021-11-14
4256,Deepak Gupta,Mumbai,Maharashtra,2022-04-05
4257,Priya Patel,Bengaluru,Karnataka,2022-04-08
4258,Ishaan Sharma,Delhi,Delhi,2022-08-31
4259,Deepak Ghosh,Indore,Madhya Pradesh,2023-09-17
4260,Neha Patel,Hyderabad,Telangana,2024-02-03
4261,Kavya Mishra,Hyderabad,Telangana,2025-10-03
4262,Akash Kumar,Coimbatore,Tamil Nadu,2024-03-24
4263,Sanjay Iyer,Chandigarh,Chandigarh,2024-12-18
4264,Meera Iyer,Ranchi,Jharkhand,2022-06-24
4265,Vikram Gupta,Chennai,Tamil Nadu,2026-03-11
4266,Aditya Dutta,Mysuru,Karnataka,2023-01-02
4267,Karan Gupta,Mysuru,Karnataka,2025-08-22
4268,Reyansh Das,Patna,Bihar,2024-03-31
4269,Kavya Choudhury,Thiruvananthapuram,Kerala,2025-05-26
4270,Sanjay Saha,Ahmedabad,Gujarat,2021-08-03
4271,Karan Yadav,New Delhi,Delhi,2022-12-15
4272,Priya Mehta,Bhopal,Madhya Pradesh,2022-04-04
4273,Priya Saha,Ahmedabad,Gujarat,2021-04-19
4274,Meera Singh,Hyderabad,Telangana,2024-04-25
4275,Aarav Yadav,Kochi,Kerala,2021-12-17
4276,Vivaan Iyer,Hyderabad,Telangana,2024-08-24
4277,Reyansh Singh,Kolkata,West Bengal,2024-12-17
4278,Manish Mehta,Noida,Uttar Pradesh,2021-05-14
4279,Akash Sharma,Ahmedabad,Gujarat,2026-04-25
4280,Meera Dutta,Gurugram,Haryana,2023-10-03
4281,Nikhil Ghosh,Thiruvananthapuram,Kerala,2022-03-17
4282,Nikhil Nair,Mysuru,Karnataka,2024-11-28
4283,Sanjay Jain,Chennai,Tamil Nadu,2024-03-13
4284,Pooja Yadav,Kochi,Kerala,2021-10-23
4285,Ananya Sharma,Thiruvananthapuram,Kerala,2024-04-16
4286,Karan Iyer,Kochi,Kerala,2021-04-19
4287,Aditya Saha,Surat,Gujarat,2025-05-06
4288,Manish Bora,Mumbai,Maharashtra,2023-04-28
4289,Aditi Bora,Gurugram,Haryana,2022-05-25
4290,Jyoti Choudhury,Bhopal,Madhya Pradesh,2021-03-02
4291,Aditya Das,Gurugram,Haryana,2022-11-11
4292,Karan Kumar,Kochi,Kerala,2024-03-21
4293,Karan Choudhury,Ranchi,Jharkhand,2023-02-20
4294,Sai Das,Nagpur,Maharashtra,2022-12-05
4295,Karan Roy,Mysuru,Karnataka,2021-12-30
4296,Aditya Bora,Indore,Madhya Pradesh,2023-10-21
4297,Ishaan Iyer,Bengaluru,Karnataka,2022-02-15
4298,Aditya Reddy,Thiruvananthapuram,Kerala,2024-07-20
4299,Kavya Mehta,Hyderabad,Telangana,2021-07-12
4300,Vivaan Yadav,Mumbai,Maharashtra,2024-05-26
4301,Arjun Bora,Mumbai,Maharashtra,2023-02-04
4302,Aarav Sharma,Mumbai,Maharashtra,2023-12-20
4303,Aarav Mishra,Chennai,Tamil Nadu,2022-09-20
4304,Aditya Bora,Ahmedabad,Gujarat,2025-10-26
4305,Sneha Bora,Delhi,Delhi,2024-06-25
4306,Diya Das,Ahmedabad,Gujarat,2026-06-22
4307,Reyansh Saha,Indore,Madhya Pradesh,2026-02-13
4308,Akash Ghosh,Chennai,Tamil Nadu,2021-12-29
4309,Pooja Bora,Gurugram,Haryana,2025-12-07
4310,Deepak Ghosh,Kolkata,West Bengal,2025-07-26
4311,Vikram Yadav,Mumbai,Maharashtra,2021-03-21
4312,Arjun Nair,Guwahati,Assam,2025-06-14
4313,Diya Bora,Dibrugarh,Assam,2021-08-09
4314,Akash Das,Surat,Gujarat,2021-12-09
4315,Reyansh Saha,Kolkata,West Bengal,2024-05-20
4316,Priya Yadav,Silchar,Assam,2026-04-05
4317,Priya Das,Bhopal,Madhya Pradesh,2025-05-25
4318,Ananya Gupta,Lucknow,Uttar Pradesh,2021-05-15
4319,Deepak Choudhury,Chennai,Tamil Nadu,2022-05-06
4320,Vivaan Iyer,Delhi,Delhi,2023-04-08
4321,Sneha Mishra,Mumbai,Maharashtra,2026-03-02
4322,Aditya Reddy,Pune,Maharashtra,2023-12-01
4323,Neha Yadav,Silchar,Assam,2024-02-28
4324,Riya Patel,Howrah,West Bengal,2025-03-31
4325,Priya Patel,Bengaluru,Karnataka,2021-10-05
4326,Meera Kumar,Bengaluru,Karnataka,2024-07-06
4327,Sneha Sharma,Hyderabad,Telangana,2021-06-18
4328,Riya Choudhury,Kolkata,West Bengal,2022-10-21
4329,Sneha Nair,Jaipur,Rajasthan,2022-09-19
4330,Vivaan Jain,Patna,Bihar,2024-12-02
4331,Aditya Nair,Bhopal,Madhya Pradesh,2022-01-21
4332,Akash Mishra,Guwahati,Assam,2025-03-12
4333,Ananya Verma,Ahmedabad,Gujarat,2024-08-05
4334,Rahul Kumar,Howrah,West Bengal,2021-04-07
4335,Riya Verma,Delhi,Delhi,2026-05-29
4336,Ritu Roy,Bhopal,Madhya Pradesh,2024-11-02
4337,Ritu Bora,Chandigarh,Chandigarh,2023-12-10
4338,Karan Verma,Kolkata,West Bengal,2024-10-26
4339,Priya Bora,Silchar,Assam,2021-07-22
4340,Ananya Singh,Guwahati,Assam,2024-12-30
4341,Krishna Mishra,Gurugram,Haryana,2023-10-12
4342,Vivaan Kumar,Lucknow,Uttar Pradesh,2021-02-01
4343,Arjun Nair,New Delhi,Delhi,2024-11-12
4344,Nikhil Reddy,Mumbai,Maharashtra,2022-05-08
4345,Deepak Gupta,Thiruvananthapuram,Kerala,2023-03-10
4346,Isha Verma,Chennai,Tamil Nadu,2025-09-12
4347,Ishaan Saha,Delhi,Delhi,2024-05-11
4348,Vikram Roy,Lucknow,Uttar Pradesh,2025-12-12
4349,Ritu Nair,Noida,Uttar Pradesh,2024-12-25
4350,Jyoti Mehta,New Delhi,Delhi,2025-12-05
4351,Meera Roy,Hyderabad,Telangana,2021-01-21
4352,Akash Patel,Chennai,Tamil Nadu,2025-09-22
4353,Rohan Saha,Ranchi,Jharkhand,2023-09-27
4354,Isha Verma,Mumbai,Maharashtra,2024-11-19
4355,Reyansh Gupta,Noida,Uttar Pradesh,2023-07-09
4356,Arjun Bora,Pune,Maharashtra,2021-08-23
4357,Aditya Bora,Guwahati,Assam,2023-09-28
4358,Manish Mehta,Ahmedabad,Gujarat,2021-12-09
4359,Vikram Kumar,Kochi,Kerala,2025-01-04
4360,Rahul Mishra,Bengaluru,Karnataka,2022-08-10
4361,Arjun Kumar,Bengaluru,Karnataka,2025-04-08
4362,Krishna Singh,Bhopal,Madhya Pradesh,2025-12-16
4363,Krishna Dutta,Ahmedabad,Gujarat,2023-10-17
4364,Sneha Choudhury,Howrah,West Bengal,2021-03-15
4365,Vivaan Kumar,Pune,Maharashtra,2022-04-14
4366,Karan Singh,Delhi,Delhi,2025-04-11
4367,Diya Ghosh,Bengaluru,Karnataka,2024-06-14
4368,Aditi Verma,Chandigarh,Chandigarh,2023-06-25
4369,Pooja Patel,Lucknow,Uttar Pradesh,2023-10-29
4370,Ananya Verma,Bhubaneswar,Odisha,2025-01-24
4371,Reyansh Reddy,Ahmedabad,Gujarat,2026-04-27
4372,Vikram Bora,Indore,Madhya Pradesh,2022-05-29
4373,Akash Verma,Chennai,Tamil Nadu,2022-02-15
4374,Rahul Jain,Coimbatore,Tamil Nadu,2021-11-10
4375,Jyoti Patel,Mumbai,Maharashtra,2022-01-12
4376,Priya Sharma,Chennai,Tamil Nadu,2025-01-16
4377,Deepak Gupta,Indore,Madhya Pradesh,2021-05-23
4378,Riya Bora,Surat,Gujarat,2022-08-13
4379,Ananya Verma,Delhi,Delhi,2026-05-29
4380,Meera Jain,Pune,Maharashtra,2021-05-14
4381,Manish Bora,Howrah,West Bengal,2024-06-20
4382,Diya Verma,Gurugram,Haryana,2022-10-21
4383,Nikhil Gupta,Delhi,Delhi,2021-08-01
4384,Neha Verma,Mumbai,Maharashtra,2021-01-08
4385,Neha Das,Ranchi,Jharkhand,2025-04-24
4386,Jyoti Verma,Indore,Madhya Pradesh,2025-04-10
4387,Aarav Choudhury,Ahmedabad,Gujarat,2021-06-01
4388,Isha Nair,Dibrugarh,Assam,2024-08-13
4389,Priya Gupta,Noida,Uttar Pradesh,2023-03-04
4390,Rohan Iyer,Noida,Uttar Pradesh,2024-06-08
4391,Priya Choudhury,Thiruvananthapuram,Kerala,2024-07-27
4392,Priya Yadav,Silchar,Assam,2021-11-10
4393,Reyansh Nair,Indore,Madhya Pradesh,2022-04-04
4394,Isha Mehta,Jaipur,Rajasthan,2021-12-24
4395,Manish Sharma,Indore,Madhya Pradesh,2023-01-24
4396,Reyansh Verma,Hyderabad,Telangana,2022-09-07
4397,Akash Yadav,Kolkata,West Bengal,2024-12-26
4398,Reyansh Iyer,Indore,Madhya Pradesh,2023-04-04
4399,Meera Roy,New Delhi,Delhi,2023-04-12
4400,Priya Kumar,Kolkata,West Bengal,2023-07-16
4401,Ananya Kumar,Kolkata,West Bengal,2022-11-23
4402,Krishna Gupta,Nagpur,Maharashtra,2023-12-22
4403,Neha Patel,New Delhi,Delhi,2022-01-27
4404,Nikhil Saha,Kochi,Kerala,2025-02-02
4405,Riya Roy,Chennai,Tamil Nadu,2023-08-07
4406,Krishna Kumar,Chennai,Tamil Nadu,2022-09-21
4407,Riya Ghosh,Delhi,Delhi,2021-08-11
4408,Pooja Saha,Bengaluru,Karnataka,2025-09-02
4409,Krishna Reddy,Hyderabad,Telangana,2022-02-13
4410,Nikhil Kumar,Ahmedabad,Gujarat,2021-11-17
4411,Sai Ghosh,Dibrugarh,Assam,2023-06-04
4412,Isha Mishra,Mumbai,Maharashtra,2022-02-27
4413,Manish Mishra,Lucknow,Uttar Pradesh,2022-07-14
4414,Isha Mishra,Bhubaneswar,Odisha,2024-08-06
4415,Reyansh Roy,Patna,Bihar,2022-02-10
4416,Ritu Dutta,Mysuru,Karnataka,2022-05-19
4417,Ananya Saha,Bhubaneswar,Odisha,2023-09-24
4418,Kavya Verma,Dibrugarh,Assam,2024-06-08
4419,Aditya Singh,Noida,Uttar Pradesh,2025-05-31
4420,Ritu Verma,Mumbai,Maharashtra,2026-02-28
4421,Ananya Iyer,Chennai,Tamil Nadu,2021-07-04
4422,Krishna Nair,New Delhi,Delhi,2021-11-05
4423,Aditi Reddy,Bhopal,Madhya Pradesh,2023-01-14
4424,Priya Choudhury,Surat,Gujarat,2025-08-24
4425,Rahul Nair,Chennai,Tamil Nadu,2021-12-25
4426,Sai Dutta,Pune,Maharashtra,2024-02-25
4427,Riya Saha,Delhi,Delhi,2021-08-31
4428,Riya Choudhury,Hyderabad,Telangana,2024-02-25
4429,Karan Gupta,Noida,Uttar Pradesh,2022-07-30
4430,Reyansh Ghosh,Kochi,Kerala,2024-09-21
4431,Reyansh Kumar,Pune,Maharashtra,2021-03-22
4432,Sai Sharma,Kolkata,West Bengal,2023-09-04
4433,Diya Ghosh,Surat,Gujarat,2025-08-03
4434,Priya Sharma,Surat,Gujarat,2022-01-08
4435,Nikhil Mishra,Kochi,Kerala,2026-04-23
4436,Aditya Iyer,Chennai,Tamil Nadu,2022-11-27
4437,Aditi Nair,Mumbai,Maharashtra,2021-10-04
4438,Reyansh Das,Noida,Uttar Pradesh,2026-02-21
4439,Nikhil Patel,Thiruvananthapuram,Kerala,2025-06-08
4440,Rahul Singh,Kochi,Kerala,2022-10-19
4441,Sneha Sharma,Chennai,Tamil Nadu,2025-06-26
4442,Meera Bora,Jaipur,Rajasthan,2024-04-23
4443,Krishna Jain,Chennai,Tamil Nadu,2022-06-02
4444,Akash Sharma,Bengaluru,Karnataka,2023-12-02
4445,Sai Verma,Kolkata,West Bengal,2026-01-30
4446,Rahul Mehta,Lucknow,Uttar Pradesh,2024-12-05
4447,Ananya Verma,Hyderabad,Telangana,2023-06-06
4448,Nikhil Ghosh,Bengaluru,Karnataka,2025-04-05
4449,Riya Verma,Lucknow,Uttar Pradesh,2022-11-13
4450,Vikram Saha,Nagpur,Maharashtra,2026-06-27
4451,Aarav Nair,Mumbai,Maharashtra,2024-03-20
4452,Sneha Kumar,Chennai,Tamil Nadu,2026-01-27
4453,Nikhil Mehta,Coimbatore,Tamil Nadu,2024-11-24
4454,Diya Jain,Noida,Uttar Pradesh,2022-11-19
4455,Meera Roy,Indore,Madhya Pradesh,2025-05-25
4456,Diya Mehta,Gurugram,Haryana,2021-09-29
4457,Rahul Mehta,Ahmedabad,Gujarat,2023-09-29
4458,Vikram Singh,Pune,Maharashtra,2023-07-11
4459,Ananya Jain,Ranchi,Jharkhand,2026-02-14
4460,Sanjay Dutta,Guwahati,Assam,2021-02-17
4461,Ishaan Singh,Ranchi,Jharkhand,2021-08-08
4462,Reyansh Mishra,Delhi,Delhi,2021-05-14
4463,Aditya Singh,Ranchi,Jharkhand,2025-05-15
4464,Manish Reddy,Mumbai,Maharashtra,2021-01-28
4465,Aditya Dutta,Indore,Madhya Pradesh,2024-06-18
4466,Ritu Ghosh,Surat,Gujarat,2026-06-01
4467,Sanjay Das,Jaipur,Rajasthan,2022-11-09
4468,Karan Dutta,Jaipur,Rajasthan,2021-04-26
4469,Vikram Singh,Delhi,Delhi,2025-03-08
4470,Aditya Sharma,Delhi,Delhi,2025-01-10
4471,Ishaan Patel,Hyderabad,Telangana,2024-11-05
4472,Isha Reddy,Mumbai,Maharashtra,2021-06-12
4473,Sneha Patel,Jaipur,Rajasthan,2022-01-30
4474,Aditi Bora,Gurugram,Haryana,2023-10-12
4475,Nikhil Mishra,Kolkata,West Bengal,2025-02-07
4476,Priya Bora,Indore,Madhya Pradesh,2021-05-06
4477,Sai Patel,Kolkata,West Bengal,2021-06-12
4478,Riya Mishra,Bengaluru,Karnataka,2025-12-04
4479,Arjun Singh,Kochi,Kerala,2024-12-04
4480,Ananya Gupta,Delhi,Delhi,2025-10-04
4481,Deepak Mishra,Delhi,Delhi,2024-07-25
4482,Kavya Nair,Bengaluru,Karnataka,2023-04-25
4483,Deepak Iyer,New Delhi,Delhi,2022-05-29
4484,Aarav Mehta,Gurugram,Haryana,2023-12-23
4485,Aditya Verma,Bengaluru,Karnataka,2021-11-27
4486,Akash Verma,Mumbai,Maharashtra,2022-12-06
4487,Meera Singh,Jaipur,Rajasthan,2025-08-02
4488,Karan Ghosh,Noida,Uttar Pradesh,2026-01-15
4489,Nikhil Singh,Mumbai,Maharashtra,2025-03-05
4490,Vikram Iyer,Mysuru,Karnataka,2025-04-29
4491,Nikhil Singh,Noida,Uttar Pradesh,2024-05-25
4492,Deepak Reddy,Ahmedabad,Gujarat,2025-01-29
4493,Sanjay Choudhury,Hyderabad,Telangana,2025-03-01
4494,Pooja Choudhury,Chennai,Tamil Nadu,2022-09-07
4495,Krishna Gupta,Mysuru,Karnataka,2025-03-06
4496,Karan Iyer,Surat,Gujarat,2021-03-29
4497,Priya Reddy,Hyderabad,Telangana,2025-12-08
4498,Isha Ghosh,Silchar,Assam,2025-09-30
4499,Priya Dutta,Indore,Madhya Pradesh,2023-08-10
4500,Isha Roy,Delhi,Delhi,2025-03-18
4501,Reyansh Reddy,Kochi,Kerala,2025-11-24
4502,Jyoti Dutta,Chennai,Tamil Nadu,2025-11-18
4503,Meera Bora,Coimbatore,Tamil Nadu,2021-01-29
4504,Sai Patel,Delhi,Delhi,2026-04-22
4505,Sneha Dutta,Pune,Maharashtra,2023-03-13
4506,Aarav Choudhury,Bengaluru,Karnataka,2022-02-10
4507,Deepak Yadav,Coimbatore,Tamil Nadu,2022-09-14
4508,Sneha Saha,Bengaluru,Karnataka,2022-01-25
4509,Meera Bora,Gurugram,Haryana,2023-06-06
4510,Vivaan Iyer,Kolkata,West Bengal,2024-09-25
4511,Ananya Choudhury,Kochi,Kerala,2021-05-18
4512,Ishaan Jain,Jaipur,Rajasthan,2021-10-17
4513,Krishna Roy,Shillong,Meghalaya,2025-07-04
4514,Rahul Bora,Kolkata,West Bengal,2026-05-14
4515,Nikhil Saha,Chennai,Tamil Nadu,2022-09-29
4516,Aditi Dutta,Hyderabad,Telangana,2021-09-07
4517,Manish Iyer,Howrah,West Bengal,2022-11-30
4518,Reyansh Iyer,Ranchi,Jharkhand,2025-11-05
4519,Aditya Sharma,Ahmedabad,Gujarat,2023-08-28
4520,Ishaan Patel,Hyderabad,Telangana,2023-05-05
4521,Ishaan Reddy,Kochi,Kerala,2024-11-10
4522,Sneha Mehta,Jaipur,Rajasthan,2026-01-21
4523,Sanjay Reddy,Ahmedabad,Gujarat,2024-03-28
4524,Reyansh Reddy,Noida,Uttar Pradesh,2026-01-22
4525,Vikram Gupta,Patna,Bihar,2024-03-18
4526,Ishaan Gupta,Gurugram,Haryana,2024-06-02
4527,Akash Sharma,Kolkata,West Bengal,2023-08-21
4528,Arjun Kumar,Mysuru,Karnataka,2025-12-09
4529,Ananya Singh,Bhubaneswar,Odisha,2024-07-01
4530,Aditi Mehta,Howrah,West Bengal,2023-08-06
4531,Pooja Patel,Mumbai,Maharashtra,2023-03-09
4532,Karan Dutta,Patna,Bihar,2022-07-20
4533,Vivaan Choudhury,Chennai,Tamil Nadu,2025-05-12
4534,Aarav Reddy,Bengaluru,Karnataka,2024-07-20
4535,Sneha Yadav,Chennai,Tamil Nadu,2024-06-25
4536,Ananya Choudhury,Delhi,Delhi,2022-07-13
4537,Akash Yadav,Thiruvananthapuram,Kerala,2024-05-23
4538,Jyoti Patel,Delhi,Delhi,2025-07-19
4539,Aditi Das,Kochi,Kerala,2024-05-08
4540,Manish Patel,Bengaluru,Karnataka,2021-05-05
4541,Rahul Gupta,Howrah,West Bengal,2023-10-30
4542,Karan Sharma,Patna,Bihar,2023-05-17
4543,Reyansh Nair,Bengaluru,Karnataka,2022-02-23
4544,Jyoti Roy,Mumbai,Maharashtra,2024-08-27
4545,Pooja Dutta,Pune,Maharashtra,2023-08-11
4546,Riya Bora,Hyderabad,Telangana,2023-02-22
4547,Ananya Das,Surat,Gujarat,2025-04-03
4548,Rohan Patel,Dibrugarh,Assam,2023-07-23
4549,Rahul Bora,Gurugram,Haryana,2023-07-18
4550,Aarav Das,Surat,Gujarat,2022-10-24
4551,Riya Choudhury,Mumbai,Maharashtra,2022-10-31
4552,Deepak Kumar,Chennai,Tamil Nadu,2022-10-08
4553,Meera Reddy,Ahmedabad,Gujarat,2024-07-11
4554,Aditi Verma,Coimbatore,Tamil Nadu,2022-10-31
4555,Neha Mishra,Lucknow,Uttar Pradesh,2022-10-26
4556,Vivaan Dutta,Mumbai,Maharashtra,2023-11-14
4557,Aditya Dutta,Kolkata,West Bengal,2026-03-14
4558,Sai Gupta,Delhi,Delhi,2023-12-07
4559,Diya Reddy,Pune,Maharashtra,2023-01-08
4560,Pooja Singh,Pune,Maharashtra,2022-12-05
4561,Vivaan Jain,Kolkata,West Bengal,2024-01-22
4562,Isha Dutta,Hyderabad,Telangana,2025-06-06
4563,Deepak Patel,Ahmedabad,Gujarat,2021-07-03
4564,Pooja Mehta,Hyderabad,Telangana,2021-08-25
4565,Jyoti Yadav,New Delhi,Delhi,2021-04-26
4566,Deepak Gupta,Mumbai,Maharashtra,2024-08-09
4567,Ishaan Gupta,Kolkata,West Bengal,2021-03-28
4568,Ritu Dutta,Kochi,Kerala,2026-05-09
4569,Isha Kumar,Kolkata,West Bengal,2022-10-24
4570,Rahul Choudhury,Mumbai,Maharashtra,2025-04-17
4571,Karan Roy,Mumbai,Maharashtra,2025-01-03
4572,Krishna Mishra,Ahmedabad,Gujarat,2021-03-24
4573,Neha Choudhury,Mumbai,Maharashtra,2022-04-16
4574,Aditya Mishra,Mumbai,Maharashtra,2024-12-08
4575,Akash Bora,Indore,Madhya Pradesh,2023-11-09
4576,Riya Sharma,Coimbatore,Tamil Nadu,2021-11-08
4577,Aditi Nair,Silchar,Assam,2025-03-05
4578,Kavya Kumar,Bengaluru,Karnataka,2023-02-06
4579,Pooja Saha,Delhi,Delhi,2022-02-17
4580,Ananya Mehta,Bengaluru,Karnataka,2022-02-05
4581,Rahul Ghosh,Coimbatore,Tamil Nadu,2024-08-25
4582,Jyoti Jain,Mumbai,Maharashtra,2024-05-20
4583,Sai Das,Bhubaneswar,Odisha,2022-02-24
4584,Arjun Patel,Mumbai,Maharashtra,2025-07-06
4585,Manish Nair,Delhi,Delhi,2024-03-13
4586,Krishna Mishra,Bhopal,Madhya Pradesh,2024-10-12
4587,Priya Verma,Ranchi,Jharkhand,2023-01-10
4588,Neha Mehta,Lucknow,Uttar Pradesh,2022-04-16
4589,Rahul Sharma,New Delhi,Delhi,2021-02-18
4590,Ritu Reddy,New Delhi,Delhi,2022-01-06
4591,Manish Kumar,New Delhi,Delhi,2026-04-24
4592,Isha Saha,Gurugram,Haryana,2023-07-27
4593,Sneha Choudhury,Bhubaneswar,Odisha,2026-03-01
4594,Sanjay Gupta,Ahmedabad,Gujarat,2022-08-08
4595,Akash Sharma,Pune,Maharashtra,2021-08-08
4596,Vivaan Sharma,Indore,Madhya Pradesh,2024-06-22
4597,Aarav Nair,Kochi,Kerala,2026-03-20
4598,Neha Bora,Hyderabad,Telangana,2025-02-01
4599,Krishna Patel,Pune,Maharashtra,2023-01-24
4600,Akash Iyer,Kochi,Kerala,2025-02-28
4601,Jyoti Sharma,Pune,Maharashtra,2023-05-06
4602,Akash Das,Bengaluru,Karnataka,2021-03-13
4603,Priya Patel,Bengaluru,Karnataka,2022-06-23
4604,Manish Sharma,Nagpur,Maharashtra,2024-07-27
4605,Sneha Bora,Indore,Madhya Pradesh,2026-03-24
4606,Manish Gupta,Mumbai,Maharashtra,2021-06-26
4607,Neha Yadav,Hyderabad,Telangana,2025-12-21
4608,Karan Mishra,Bengaluru,Karnataka,2021-02-16
4609,Karan Dutta,Kolkata,West Bengal,2025-02-06
4610,Nikhil Kumar,New Delhi,Delhi,2023-03-26
4611,Meera Ghosh,Mumbai,Maharashtra,2023-10-16
4612,Aarav Mishra,Hyderabad,Telangana,2026-06-16
4613,Aditya Mehta,Guwahati,Assam,2024-09-06
4614,Sneha Patel,Gurugram,Haryana,2025-01-12
4615,Nikhil Mehta,Ranchi,Jharkhand,2021-02-19
4616,Ishaan Ghosh,Kochi,Kerala,2022-01-21
4617,Vivaan Mishra,Ranchi,Jharkhand,2024-08-24
4618,Riya Choudhury,Bhopal,Madhya Pradesh,2023-06-11
4619,Ritu Verma,Patna,Bihar,2025-01-05
4620,Aditi Iyer,Bengaluru,Karnataka,2021-07-01
4621,Riya Bora,Hyderabad,Telangana,2023-08-26
4622,Diya Yadav,Chennai,Tamil Nadu,2026-01-21
4623,Manish Iyer,Ahmedabad,Gujarat,2022-10-19
4624,Isha Iyer,Hyderabad,Telangana,2024-04-03
4625,Pooja Nair,Kolkata,West Bengal,2022-12-13
4626,Pooja Choudhury,Delhi,Delhi,2024-10-09
4627,Diya Roy,Noida,Uttar Pradesh,2023-04-16
4628,Akash Dutta,Pune,Maharashtra,2022-06-03
4629,Jyoti Ghosh,Chennai,Tamil Nadu,2023-01-05
4630,Ritu Bora,Hyderabad,Telangana,2024-01-10
4631,Kavya Dutta,Guwahati,Assam,2022-12-05
4632,Jyoti Bora,Surat,Gujarat,2024-01-12
4633,Reyansh Patel,Indore,Madhya Pradesh,2024-03-20
4634,Aditya Roy,Bhopal,Madhya Pradesh,2023-03-23
4635,Riya Verma,Indore,Madhya Pradesh,2023-10-24
4636,Aarav Mehta,Howrah,West Bengal,2024-03-24
4637,Sai Gupta,Dibrugarh,Assam,2024-09-23
4638,Ananya Choudhury,Noida,Uttar Pradesh,2025-06-02
4639,Deepak Iyer,Pune,Maharashtra,2025-02-07
4640,Kavya Kumar,Ahmedabad,Gujarat,2023-03-20
4641,Manish Roy,New Delhi,Delhi,2022-12-21
4642,Ishaan Ghosh,Noida,Uttar Pradesh,2021-08-06
4643,Akash Patel,Delhi,Delhi,2024-11-22
4644,Sanjay Jain,Gurugram,Haryana,2026-01-04
4645,Reyansh Singh,Ranchi,Jharkhand,2023-10-12
4646,Ishaan Kumar,Noida,Uttar Pradesh,2022-09-20
4647,Riya Das,Bengaluru,Karnataka,2022-03-05
4648,Aarav Sharma,Kochi,Kerala,2022-01-27
4649,Krishna Bora,Mumbai,Maharashtra,2021-09-05
4650,Aditya Singh,Bhopal,Madhya Pradesh,2024-10-25
4651,Arjun Roy,Bengaluru,Karnataka,2026-05-02
4652,Isha Sharma,Kochi,Kerala,2024-09-16
4653,Ananya Kumar,Noida,Uttar Pradesh,2022-09-07
4654,Meera Saha,Chennai,Tamil Nadu,2022-09-15
4655,Jyoti Saha,Surat,Gujarat,2023-09-07
4656,Sneha Verma,Surat,Gujarat,2024-10-22
4657,Aarav Mehta,Kolkata,West Bengal,2022-12-21
4658,Sanjay Kumar,Noida,Uttar Pradesh,2025-10-30
4659,Arjun Roy,Bhubaneswar,Odisha,2025-04-26
4660,Akash Iyer,Noida,Uttar Pradesh,2024-06-24
4661,Sneha Sharma,Kochi,Kerala,2024-11-03
4662,Sneha Singh,Chennai,Tamil Nadu,2026-05-26
4663,Aditya Singh,Kolkata,West Bengal,2024-01-19
4664,Karan Das,Bengaluru,Karnataka,2025-08-29
4665,Ananya Gupta,Hyderabad,Telangana,2025-03-15
4666,Vivaan Reddy,Surat,Gujarat,2023-08-20
4667,Karan Ghosh,Mysuru,Karnataka,2025-05-11
4668,Arjun Sharma,New Delhi,Delhi,2023-04-21
4669,Ritu Sharma,Noida,Uttar Pradesh,2024-04-30
4670,Aditya Jain,Dibrugarh,Assam,2023-06-30
4671,Karan Mishra,Delhi,Delhi,2022-07-17
4672,Riya Verma,Coimbatore,Tamil Nadu,2026-03-10
4673,Karan Jain,Bengaluru,Karnataka,2021-08-29
4674,Priya Nair,Kolkata,West Bengal,2026-01-22
4675,Rahul Saha,Indore,Madhya Pradesh,2021-03-23
4676,Nikhil Dutta,Chennai,Tamil Nadu,2021-08-13
4677,Krishna Choudhury,Kochi,Kerala,2021-06-07
4678,Isha Bora,Kolkata,West Bengal,2021-01-12
4679,Rahul Bora,Patna,Bihar,2021-03-31
4680,Nikhil Mishra,New Delhi,Delhi,2025-11-08
4681,Karan Ghosh,Bhopal,Madhya Pradesh,2022-04-14
4682,Vikram Das,Ranchi,Jharkhand,2026-04-26
4683,Reyansh Saha,Pune,Maharashtra,2021-10-13
4684,Sneha Iyer,Ahmedabad,Gujarat,2023-06-17
4685,Aarav Jain,Patna,Bihar,2023-05-31
4686,Jyoti Yadav,Guwahati,Assam,2023-01-25
4687,Vivaan Mehta,Pune,Maharashtra,2023-08-29
4688,Meera Singh,Hyderabad,Telangana,2024-12-08
4689,Akash Iyer,Mumbai,Maharashtra,2022-06-23
4690,Vikram Gupta,Kolkata,West Bengal,2023-11-05
4691,Reyansh Das,Guwahati,Assam,2025-11-29
4692,Neha Bora,Mumbai,Maharashtra,2021-06-26
4693,Nikhil Yadav,Lucknow,Uttar Pradesh,2023-07-03
4694,Sneha Singh,Chennai,Tamil Nadu,2022-06-23
4695,Sai Mishra,Kochi,Kerala,2024-09-06
4696,Vivaan Gupta,Hyderabad,Telangana,2024-02-21
4697,Reyansh Kumar,New Delhi,Delhi,2022-09-08
4698,Kavya Sharma,Mumbai,Maharashtra,2021-05-03
4699,Rohan Mishra,Pune,Maharashtra,2024-09-25
4700,Akash Dutta,Howrah,West Bengal,2022-09-14
4701,Ritu Choudhury,Mysuru,Karnataka,2022-05-15
4702,Nikhil Choudhury,Ranchi,Jharkhand,2022-01-22
4703,Arjun Bora,Kolkata,West Bengal,2022-03-15
4704,Jyoti Yadav,Coimbatore,Tamil Nadu,2024-07-21
4705,Reyansh Dutta,Indore,Madhya Pradesh,2021-05-26
4706,Ritu Singh,Indore,Madhya Pradesh,2021-10-25
4707,Neha Bora,Kolkata,West Bengal,2021-05-29
4708,Meera Iyer,Bengaluru,Karnataka,2025-03-23
4709,Rohan Roy,Shillong,Meghalaya,2025-08-23
4710,Vivaan Reddy,Mumbai,Maharashtra,2023-06-04
4711,Krishna Iyer,Patna,Bihar,2021-02-26
4712,Deepak Gupta,Coimbatore,Tamil Nadu,2024-05-26
4713,Sneha Saha,Chandigarh,Chandigarh,2021-09-18
4714,Akash Roy,Kochi,Kerala,2023-11-10
4715,Jyoti Bora,Lucknow,Uttar Pradesh,2025-03-28
4716,Rahul Choudhury,Bengaluru,Karnataka,2023-12-04
4717,Aditi Sharma,Patna,Bihar,2023-06-06
4718,Aditya Dutta,Hyderabad,Telangana,2024-02-25
4719,Diya Mehta,Patna,Bihar,2021-03-23
4720,Jyoti Reddy,Coimbatore,Tamil Nadu,2023-08-10
4721,Aditi Reddy,Bengaluru,Karnataka,2024-01-02
4722,Sneha Jain,Silchar,Assam,2025-10-18
4723,Ritu Mishra,Kolkata,West Bengal,2025-04-01
4724,Nikhil Saha,Noida,Uttar Pradesh,2026-03-07
4725,Neha Dutta,Surat,Gujarat,2025-05-29
4726,Karan Choudhury,Kolkata,West Bengal,2021-07-06
4727,Kavya Saha,Kochi,Kerala,2023-12-28
4728,Jyoti Mehta,Jaipur,Rajasthan,2022-05-31
4729,Rahul Saha,Dibrugarh,Assam,2025-11-27
4730,Vikram Reddy,Kolkata,West Bengal,2022-10-04
4731,Krishna Iyer,Guwahati,Assam,2024-03-05
4732,Deepak Reddy,Kochi,Kerala,2022-01-28
4733,Rohan Mehta,Howrah,West Bengal,2023-04-23
4734,Nikhil Patel,Surat,Gujarat,2024-10-03
4735,Sanjay Dutta,Bhubaneswar,Odisha,2025-12-29
4736,Rahul Patel,Ranchi,Jharkhand,2024-11-10
4737,Karan Yadav,Noida,Uttar Pradesh,2023-01-11
4738,Sanjay Ghosh,Ahmedabad,Gujarat,2022-02-23
4739,Arjun Nair,Surat,Gujarat,2021-12-22
4740,Aditi Reddy,Jaipur,Rajasthan,2022-02-26
4741,Sanjay Choudhury,Delhi,Delhi,2024-08-19
4742,Sneha Mehta,Chennai,Tamil Nadu,2023-03-14
4743,Riya Reddy,Dibrugarh,Assam,2023-07-30
4744,Aditya Mehta,Delhi,Delhi,2024-05-26
4745,Deepak Yadav,Nagpur,Maharashtra,2023-02-11
4746,Aditya Patel,Thiruvananthapuram,Kerala,2021-01-07
4747,Vikram Choudhury,Ranchi,Jharkhand,2022-06-06
4748,Neha Mehta,Hyderabad,Telangana,2024-02-02
4749,Krishna Mehta,Kolkata,West Bengal,2023-05-12
4750,Jyoti Choudhury,Mumbai,Maharashtra,2023-05-26
4751,Meera Kumar,Surat,Gujarat,2023-09-03
4752,Sai Das,Mysuru,Karnataka,2021-10-14
4753,Vivaan Verma,Chennai,Tamil Nadu,2025-06-30
4754,Arjun Yadav,Bhopal,Madhya Pradesh,2022-07-23
4755,Sanjay Das,Ahmedabad,Gujarat,2021-09-18
4756,Meera Patel,Dibrugarh,Assam,2024-11-07
4757,Neha Verma,Mumbai,Maharashtra,2024-09-14
4758,Aditi Mehta,Mumbai,Maharashtra,2022-11-23
4759,Ishaan Gupta,Bengaluru,Karnataka,2022-05-08
4760,Pooja Mehta,Jaipur,Rajasthan,2024-03-14
4761,Deepak Gupta,Dibrugarh,Assam,2022-12-26
4762,Neha Reddy,Delhi,Delhi,2024-02-08
4763,Sanjay Kumar,Bhubaneswar,Odisha,2021-12-18
4764,Aarav Bora,New Delhi,Delhi,2024-06-16
4765,Aditi Mehta,Pune,Maharashtra,2025-02-25
4766,Arjun Gupta,Ranchi,Jharkhand,2021-09-13
4767,Ishaan Ghosh,Bhopal,Madhya Pradesh,2022-03-29
4768,Sai Gupta,Jaipur,Rajasthan,2026-01-01
4769,Ishaan Nair,Bengaluru,Karnataka,2021-01-07
4770,Aditi Kumar,Hyderabad,Telangana,2025-10-30
4771,Arjun Singh,Hyderabad,Telangana,2022-04-21
4772,Priya Dutta,Hyderabad,Telangana,2023-06-29
4773,Ritu Saha,Chandigarh,Chandigarh,2023-02-27
4774,Riya Mehta,Bhubaneswar,Odisha,2021-02-17
4775,Sneha Roy,New Delhi,Delhi,2024-10-10
4776,Ananya Reddy,Patna,Bihar,2023-12-10
4777,Aditi Kumar,Mumbai,Maharashtra,2023-11-06
4778,Krishna Iyer,Bhopal,Madhya Pradesh,2024-05-27
4779,Aditi Kumar,Delhi,Delhi,2021-06-08
4780,Krishna Patel,Delhi,Delhi,2023-04-08
4781,Rohan Gupta,Mysuru,Karnataka,2023-04-10
4782,Ishaan Kumar,Gurugram,Haryana,2026-01-15
4783,Aarav Mishra,Surat,Gujarat,2023-08-20
4784,Aditya Ghosh,Bengaluru,Karnataka,2024-11-29
4785,Isha Mishra,Gurugram,Haryana,2021-02-14
4786,Aarav Choudhury,Chennai,Tamil Nadu,2023-02-20
4787,Vikram Roy,Hyderabad,Telangana,2023-07-02
4788,Diya Gupta,Pune,Maharashtra,2022-06-07
4789,Rohan Choudhury,Bengaluru,Karnataka,2026-02-10
4790,Ritu Mishra,Delhi,Delhi,2022-03-25
4791,Kavya Patel,Lucknow,Uttar Pradesh,2024-05-11
4792,Isha Iyer,Bhopal,Madhya Pradesh,2026-06-29
4793,Aditya Bora,Mumbai,Maharashtra,2022-04-14
4794,Riya Verma,Pune,Maharashtra,2024-11-25
4795,Vikram Mehta,Bengaluru,Karnataka,2023-12-12
4796,Reyansh Roy,Hyderabad,Telangana,2022-08-24
4797,Sai Gupta,Bengaluru,Karnataka,2026-02-19
4798,Kavya Singh,Hyderabad,Telangana,2021-12-08
4799,Aditi Verma,New Delhi,Delhi,2021-07-08
4800,Sanjay Bora,Ahmedabad,Gujarat,2025-05-23
4801,Meera Bora,Bengaluru,Karnataka,2023-08-22
4802,Krishna Saha,Bengaluru,Karnataka,2025-07-13
4803,Pooja Das,Gurugram,Haryana,2021-05-18
4804,Sai Yadav,Bengaluru,Karnataka,2025-05-23
4805,Riya Iyer,Nagpur,Maharashtra,2023-08-06
4806,Riya Bora,Gurugram,Haryana,2021-11-09
4807,Ananya Bora,Bengaluru,Karnataka,2021-01-18
4808,Deepak Sharma,Bhubaneswar,Odisha,2023-11-18
4809,Vivaan Kumar,Kolkata,West Bengal,2026-01-07
4810,Sneha Dutta,Nagpur,Maharashtra,2021-04-10
4811,Ritu Saha,Bhopal,Madhya Pradesh,2022-05-11
4812,Sanjay Mehta,Bhopal,Madhya Pradesh,2024-03-21
4813,Sai Das,Kolkata,West Bengal,2023-07-21
4814,Jyoti Saha,Gurugram,Haryana,2021-11-28
4815,Isha Dutta,Bhubaneswar,Odisha,2021-05-18
4816,Kavya Choudhury,Mumbai,Maharashtra,2023-08-02
4817,Riya Yadav,Noida,Uttar Pradesh,2023-03-20
4818,Kavya Ghosh,Gurugram,Haryana,2025-12-26
4819,Kavya Iyer,Kochi,Kerala,2026-04-16
4820,Karan Kumar,Patna,Bihar,2024-03-28
4821,Vikram Roy,Bhubaneswar,Odisha,2023-12-09
4822,Sneha Dutta,Delhi,Delhi,2025-10-24
4823,Aditya Saha,Ranchi,Jharkhand,2022-02-28
4824,Rahul Das,Thiruvananthapuram,Kerala,2025-09-21
4825,Isha Kumar,Jaipur,Rajasthan,2023-04-25
4826,Ananya Choudhury,Bengaluru,Karnataka,2021-02-18
4827,Krishna Roy,Delhi,Delhi,2021-02-02
4828,Reyansh Ghosh,Patna,Bihar,2025-03-17
4829,Pooja Dutta,Indore,Madhya Pradesh,2025-06-07
4830,Isha Gupta,Lucknow,Uttar Pradesh,2022-09-11
4831,Ishaan Ghosh,Delhi,Delhi,2026-01-19
4832,Priya Ghosh,Bengaluru,Karnataka,2023-03-29
4833,Priya Dutta,Chennai,Tamil Nadu,2022-02-24
4834,Ishaan Dutta,Hyderabad,Telangana,2021-04-16
4835,Arjun Nair,Guwahati,Assam,2026-03-05
4836,Priya Kumar,Chennai,Tamil Nadu,2022-12-19
4837,Meera Singh,Guwahati,Assam,2025-11-22
4838,Deepak Jain,Surat,Gujarat,2022-12-28
4839,Vikram Choudhury,Ahmedabad,Gujarat,2021-03-24
4840,Krishna Nair,Mumbai,Maharashtra,2022-11-10
4841,Aarav Das,Silchar,Assam,2021-12-06
4842,Riya Mehta,Delhi,Delhi,2024-12-27
4843,Krishna Jain,Mumbai,Maharashtra,2023-11-10
4844,Isha Reddy,Chennai,Tamil Nadu,2023-07-08
4845,Diya Saha,Patna,Bihar,2023-08-01
4846,Vivaan Jain,Chennai,Tamil Nadu,2023-01-24
4847,Priya Choudhury,Surat,Gujarat,2025-12-15
4848,Vivaan Yadav,Hyderabad,Telangana,2023-11-19
4849,Kavya Singh,Gurugram,Haryana,2024-03-05
4850,Vikram Kumar,Thiruvananthapuram,Kerala,2021-11-11
4851,Priya Mehta,Chennai,Tamil Nadu,2025-01-02
4852,Vikram Patel,Delhi,Delhi,2025-04-10
4853,Rohan Kumar,Pune,Maharashtra,2023-02-26
4854,Rahul Sharma,New Delhi,Delhi,2021-04-01
4855,Meera Mishra,Kochi,Kerala,2022-02-03
4856,Deepak Dutta,Delhi,Delhi,2025-06-26
4857,Rohan Patel,Hyderabad,Telangana,2024-03-09
4858,Sai Verma,Mumbai,Maharashtra,2021-05-16
4859,Sanjay Singh,Bengaluru,Karnataka,2023-09-16
4860,Sai Choudhury,New Delhi,Delhi,2026-02-18
4861,Priya Reddy,Pune,Maharashtra,2024-10-02
4862,Diya Choudhury,Jaipur,Rajasthan,2026-06-29
4863,Neha Yadav,Kochi,Kerala,2022-06-13
4864,Deepak Reddy,Ahmedabad,Gujarat,2026-01-20
4865,Kavya Dutta,Jaipur,Rajasthan,2022-10-31
4866,Karan Mishra,Lucknow,Uttar Pradesh,2025-09-07
4867,Sanjay Saha,Howrah,West Bengal,2022-07-26
4868,Ishaan Sharma,Patna,Bihar,2022-05-18
4869,Ananya Jain,Hyderabad,Telangana,2022-07-12
4870,Manish Kumar,Bengaluru,Karnataka,2026-06-16
4871,Rahul Mehta,Mumbai,Maharashtra,2024-04-26
4872,Riya Gupta,Pune,Maharashtra,2021-10-31
4873,Akash Gupta,Bhopal,Madhya Pradesh,2022-03-25
4874,Vikram Das,Kolkata,West Bengal,2021-11-10
4875,Diya Roy,Noida,Uttar Pradesh,2023-11-02
4876,Neha Reddy,Chandigarh,Chandigarh,2023-05-09
4877,Sai Saha,Bengaluru,Karnataka,2022-05-12
4878,Nikhil Singh,Kolkata,West Bengal,2026-03-17
4879,Akash Verma,Patna,Bihar,2026-03-12
4880,Meera Dutta,Hyderabad,Telangana,2025-07-28
4881,Aarav Reddy,Hyderabad,Telangana,2026-06-27
4882,Rahul Gupta,Shillong,Meghalaya,2021-08-31
4883,Vikram Kumar,Kolkata,West Bengal,2023-10-05
4884,Meera Gupta,Surat,Gujarat,2023-04-11
4885,Sanjay Bora,Bengaluru,Karnataka,2024-06-04
4886,Ananya Mishra,Chennai,Tamil Nadu,2024-05-09
4887,Arjun Singh,Chennai,Tamil Nadu,2021-06-19
4888,Aarav Dutta,Pune,Maharashtra,2025-02-19
4889,Akash Singh,Ahmedabad,Gujarat,2023-10-06
4890,Sanjay Dutta,Dibrugarh,Assam,2025-06-14
4891,Sneha Bora,Thiruvananthapuram,Kerala,2021-01-05
4892,Deepak Iyer,Mumbai,Maharashtra,2022-08-20
4893,Deepak Iyer,Noida,Uttar Pradesh,2026-02-24
4894,Vivaan Bora,Lucknow,Uttar Pradesh,2021-06-29
4895,Arjun Verma,Guwahati,Assam,2022-11-08
4896,Vivaan Saha,Thiruvananthapuram,Kerala,2021-06-18
4897,Krishna Bora,Mumbai,Maharashtra,2026-03-05
4898,Sneha Das,Guwahati,Assam,2025-08-15
4899,Aditi Jain,Bengaluru,Karnataka,2022-08-20
4900,Rahul Dutta,Pune,Maharashtra,2024-06-08
4901,Ritu Mehta,Mumbai,Maharashtra,2024-05-26
4902,Karan Jain,Delhi,Delhi,2025-05-09
4903,Ishaan Nair,Pune,Maharashtra,2024-05-27
4904,Ananya Bora,Mumbai,Maharashtra,2025-10-12
4905,Priya Iyer,Noida,Uttar Pradesh,2025-07-18
4906,Rahul Kumar,Kochi,Kerala,2022-09-20
4907,Ishaan Nair,Hyderabad,Telangana,2026-03-21
4908,Ishaan Ghosh,Lucknow,Uttar Pradesh,2022-03-08
4909,Vivaan Singh,Delhi,Delhi,2021-11-14
4910,Arjun Dutta,Mumbai,Maharashtra,2025-11-28
4911,Reyansh Dutta,Pune,Maharashtra,2023-07-09
4912,Pooja Reddy,Gurugram,Haryana,2022-08-02
4913,Ishaan Choudhury,Noida,Uttar Pradesh,2024-04-01
4914,Vikram Yadav,Hyderabad,Telangana,2021-09-09
4915,Vikram Patel,Gurugram,Haryana,2022-09-12
4916,Vivaan Iyer,Guwahati,Assam,2024-09-05
4917,Diya Singh,Delhi,Delhi,2022-01-28
4918,Ritu Mehta,Mumbai,Maharashtra,2025-09-19
4919,Sneha Ghosh,Coimbatore,Tamil Nadu,2025-07-23
4920,Sanjay Reddy,Lucknow,Uttar Pradesh,2023-03-26
4921,Ananya Roy,Hyderabad,Telangana,2025-07-29
4922,Vikram Mishra,Lucknow,Uttar Pradesh,2026-05-17
4923,Aarav Bora,Indore,Madhya Pradesh,2022-01-12
4924,Aditya Choudhury,Kochi,Kerala,2023-05-02
4925,Reyansh Verma,Indore,Madhya Pradesh,2022-11-17
4926,Kavya Saha,Guwahati,Assam,2022-05-07
4927,Vikram Patel,Kolkata,West Bengal,2022-07-24
4928,Vivaan Sharma,Gurugram,Haryana,2023-05-06
4929,Ananya Saha,Jaipur,Rajasthan,2024-12-27
4930,Arjun Choudhury,Chennai,Tamil Nadu,2021-01-06
4931,Kavya Patel,Patna,Bihar,2026-06-09
4932,Nikhil Jain,New Delhi,Delhi,2022-11-12
4933,Akash Jain,Bengaluru,Karnataka,2023-03-12
4934,Vikram Saha,Thiruvananthapuram,Kerala,2024-06-08
4935,Manish Verma,Delhi,Delhi,2025-04-26
4936,Neha Yadav,Hyderabad,Telangana,2025-01-12
4937,Priya Verma,Bengaluru,Karnataka,2025-03-28
4938,Meera Mishra,Bengaluru,Karnataka,2021-02-06
4939,Aditya Choudhury,Jaipur,Rajasthan,2025-06-10
4940,Vikram Ghosh,Bhopal,Madhya Pradesh,2023-05-05
4941,Neha Gupta,Silchar,Assam,2024-05-31
4942,Neha Gupta,Silchar,Assam,2025-09-06
4943,Akash Verma,Hyderabad,Telangana,2022-09-07
4944,Akash Mishra,Ranchi,Jharkhand,2024-09-30
4945,Aarav Jain,Bengaluru,Karnataka,2022-06-28
4946,Deepak Ghosh,New Delhi,Delhi,2022-03-31
4947,Meera Verma,Bengaluru,Karnataka,2021-01-05
4948,Sanjay Mehta,Kochi,Kerala,2025-07-02
4949,Riya Roy,Ahmedabad,Gujarat,2026-01-17
4950,Manish Nair,Mumbai,Maharashtra,2025-11-14
4951,Vivaan Choudhury,Bhubaneswar,Odisha,2024-09-20
4952,Riya Yadav,Thiruvananthapuram,Kerala,2022-03-14
4953,Ritu Gupta,Bengaluru,Karnataka,2021-08-26
4954,Riya Reddy,Dibrugarh,Assam,2023-03-08
4955,Krishna Sharma,Delhi,Delhi,2024-09-05
4956,Ananya Gupta,Noida,Uttar Pradesh,2021-06-13
4957,Arjun Dutta,Kochi,Kerala,2021-02-12
4958,Rohan Bora,Dibrugarh,Assam,2025-02-06
4959,Rohan Roy,Lucknow,Uttar Pradesh,2024-10-07
4960,Krishna Bora,Delhi,Delhi,2023-05-24
4961,Vikram Nair,Chennai,Tamil Nadu,2025-04-16
4962,Karan Yadav,Mysuru,Karnataka,2024-01-16
4963,Reyansh Das,Lucknow,Uttar Pradesh,2021-06-06
4964,Ishaan Singh,Indore,Madhya Pradesh,2021-01-07
4965,Pooja Mehta,Patna,Bihar,2025-06-15
4966,Pooja Ghosh,Kochi,Kerala,2021-08-21
4967,Pooja Yadav,Chennai,Tamil Nadu,2023-10-22
4968,Sneha Saha,Kolkata,West Bengal,2021-09-08
4969,Diya Singh,Bengaluru,Karnataka,2021-06-20
4970,Sanjay Patel,Chennai,Tamil Nadu,2023-03-06
4971,Manish Sharma,Ahmedabad,Gujarat,2022-05-28
4972,Sanjay Singh,Silchar,Assam,2024-06-24
4973,Reyansh Reddy,Thiruvananthapuram,Kerala,2021-11-29
4974,Karan Yadav,Delhi,Delhi,2025-07-28
4975,Pooja Iyer,Delhi,Delhi,2026-03-09
4976,Isha Roy,Mumbai,Maharashtra,2025-10-14
4977,Pooja Kumar,Pune,Maharashtra,2023-11-16
4978,Aditi Choudhury,New Delhi,Delhi,2022-01-25
4979,Karan Singh,Patna,Bihar,2025-03-12
4980,Ishaan Choudhury,Kochi,Kerala,2025-03-06
4981,Isha Reddy,Ahmedabad,Gujarat,2023-07-27
4982,Akash Verma,Lucknow,Uttar Pradesh,2022-02-12
4983,Aarav Mishra,Mumbai,Maharashtra,2022-01-21
4984,Vikram Iyer,Chennai,Tamil Nadu,2024-09-23
4985,Manish Sharma,Lucknow,Uttar Pradesh,2023-05-02
4986,Priya Singh,Kochi,Kerala,2025-11-01
4987,Aditi Jain,Nagpur,Maharashtra,2021-07-16
4988,Neha Dutta,Ahmedabad,Gujarat,2021-08-27
4989,Riya Reddy,Kolkata,West Bengal,2024-02-08
4990,Vivaan Reddy,Nagpur,Maharashtra,2025-07-19
4991,Deepak Roy,Bengaluru,Karnataka,2024-01-05
4992,Arjun Verma,Bengaluru,Karnataka,2025-10-25
4993,Reyansh Mehta,Shillong,Meghalaya,2024-09-23
4994,Rohan Reddy,Ranchi,Jharkhand,2021-11-10
4995,Kavya Iyer,Indore,Madhya Pradesh,2021-06-02
4996,Manish Nair,Pune,Maharashtra,2022-09-24
4997,Rahul Reddy,Hyderabad,Telangana,2021-02-23
4998,Ritu Dutta,Delhi,Delhi,2021-07-10
4999,Aditi Das,Dibrugarh,Assam,2024-05-19
5000,Rohan Reddy,Chennai,Tamil Nadu,2021-07-14
5001,Sai Mishra,Mysuru,Karnataka,2021-09-11
5002,Aditya Gupta,New Delhi,Delhi,2025-06-28
5003,Deepak Yadav,Mumbai,Maharashtra,2022-09-30
5004,Ritu Singh,Bhubaneswar,Odisha,2026-02-13
5005,Vikram Mishra,Ranchi,Jharkhand,2024-01-30
5006,Rahul Yadav,Indore,Madhya Pradesh,2024-01-24
5007,Akash Kumar,Lucknow,Uttar Pradesh,2021-07-25
5008,Rahul Roy,Bhubaneswar,Odisha,2021-03-25
5009,Rohan Verma,Pune,Maharashtra,2022-11-14
5010,Neha Sharma,Nagpur,Maharashtra,2021-07-13
5011,Vivaan Choudhury,Pune,Maharashtra,2023-09-04
5012,Riya Das,Ranchi,Jharkhand,2023-04-12
5013,Riya Gupta,Bengaluru,Karnataka,2024-04-25
5014,Sai Mishra,Pune,Maharashtra,2021-12-11
5015,Jyoti Sharma,Noida,Uttar Pradesh,2021-08-01
5016,Karan Dutta,Kolkata,West Bengal,2025-02-01
5017,Deepak Jain,Delhi,Delhi,2026-05-15
5018,Aarav Jain,Bengaluru,Karnataka,2023-04-16
5019,Sanjay Patel,Indore,Madhya Pradesh,2024-03-27
5020,Vivaan Roy,Kolkata,West Bengal,2022-05-03
5021,Isha Patel,New Delhi,Delhi,2024-09-27
5022,Diya Dutta,Bhopal,Madhya Pradesh,2022-08-23
5023,Meera Mishra,Hyderabad,Telangana,2024-04-24
5024,Aditi Das,Bengaluru,Karnataka,2022-05-26
5025,Jyoti Saha,Gurugram,Haryana,2022-06-07
5026,Arjun Kumar,Kolkata,West Bengal,2026-06-26
5027,Rohan Dutta,Surat,Gujarat,2025-03-10
5028,Jyoti Mishra,Surat,Gujarat,2025-07-26
5029,Ishaan Dutta,Nagpur,Maharashtra,2024-10-06
5030,Ishaan Verma,Gurugram,Haryana,2022-04-18
5031,Isha Dutta,Gurugram,Haryana,2024-11-01
5032,Arjun Mishra,Kochi,Kerala,2022-07-21
5033,Karan Das,Mumbai,Maharashtra,2022-03-07
5034,Meera Das,Bhopal,Madhya Pradesh,2021-01-29
5035,Reyansh Dutta,Chennai,Tamil Nadu,2023-07-05
5036,Arjun Iyer,Gurugram,Haryana,2025-05-28
5037,Isha Jain,Mysuru,Karnataka,2023-04-22
5038,Nikhil Patel,Noida,Uttar Pradesh,2023-06-28
5039,Krishna Kumar,Indore,Madhya Pradesh,2021-10-26
5040,Nikhil Gupta,Chennai,Tamil Nadu,2025-11-17
5041,Rohan Roy,Kolkata,West Bengal,2026-04-28
5042,Meera Ghosh,Mumbai,Maharashtra,2021-01-07
5043,Akash Verma,Delhi,Delhi,2025-05-20
5044,Rahul Patel,Chandigarh,Chandigarh,2023-12-10
5045,Rahul Dutta,Hyderabad,Telangana,2025-12-10
5046,Meera Sharma,Bengaluru,Karnataka,2021-12-29
5047,Kavya Singh,Kolkata,West Bengal,2025-04-11
5048,Rahul Gupta,Surat,Gujarat,2022-12-14
5049,Ritu Mehta,Hyderabad,Telangana,2024-11-10
5050,Isha Mehta,Bhopal,Madhya Pradesh,2026-05-28
5051,Priya Dutta,Delhi,Delhi,2022-03-28
5052,Jyoti Choudhury,Mumbai,Maharashtra,2022-04-26
5053,Riya Jain,Coimbatore,Tamil Nadu,2026-04-27
5054,Arjun Mehta,Lucknow,Uttar Pradesh,2021-10-24
5055,Rohan Das,Gurugram,Haryana,2023-12-06
5056,Kavya Nair,Bengaluru,Karnataka,2024-09-10
5057,Aditya Mishra,Chandigarh,Chandigarh,2021-02-11
5058,Ishaan Nair,Kochi,Kerala,2021-08-08
5059,Pooja Yadav,Bengaluru,Karnataka,2022-05-16
5060,Sanjay Jain,Indore,Madhya Pradesh,2024-03-22
5061,Sneha Jain,Silchar,Assam,2024-07-09
5062,Aarav Reddy,Mumbai,Maharashtra,2026-05-18
5063,Riya Roy,Bhubaneswar,Odisha,2025-04-26
5064,Sneha Patel,Ahmedabad,Gujarat,2021-01-03
5065,Rahul Roy,Delhi,Delhi,2025-02-09
5066,Rohan Mishra,Bengaluru,Karnataka,2025-07-06
5067,Nikhil Saha,Delhi,Delhi,2023-04-04
5068,Arjun Kumar,Ahmedabad,Gujarat,2023-01-01
5069,Akash Gupta,Kolkata,West Bengal,2022-02-06
5070,Ananya Iyer,Mysuru,Karnataka,2025-10-23
5071,Riya Reddy,Kolkata,West Bengal,2022-05-09
5072,Riya Sharma,Kolkata,West Bengal,2023-06-02
5073,Neha Dutta,Noida,Uttar Pradesh,2021-07-31
5074,Vivaan Patel,New Delhi,Delhi,2025-11-10
5075,Manish Singh,Kolkata,West Bengal,2024-01-01
5076,Riya Ghosh,Pune,Maharashtra,2026-06-22
5077,Manish Patel,Gurugram,Haryana,2022-03-29
5078,Vivaan Mehta,New Delhi,Delhi,2021-07-18
5079,Meera Das,Mumbai,Maharashtra,2024-04-18
5080,Neha Ghosh,Thiruvananthapuram,Kerala,2024-08-09
5081,Ananya Gupta,Guwahati,Assam,2021-07-11
5082,Sanjay Mehta,Jaipur,Rajasthan,2021-07-11
5083,Manish Gupta,Patna,Bihar,2024-01-05
5084,Rohan Yadav,Mumbai,Maharashtra,2024-11-12
5085,Karan Sharma,Delhi,Delhi,2025-04-01
5086,Deepak Patel,Dibrugarh,Assam,2023-09-30
5087,Ananya Das,Patna,Bihar,2025-12-23
5088,Ishaan Mishra,Pune,Maharashtra,2024-04-08
5089,Karan Iyer,Bengaluru,Karnataka,2023-05-25
5090,Priya Yadav,Dibrugarh,Assam,2025-03-23
5091,Manish Das,Noida,Uttar Pradesh,2021-02-25
5092,Aarav Mehta,Thiruvananthapuram,Kerala,2024-03-16
5093,Sai Gupta,Delhi,Delhi,2025-08-12
5094,Sai Patel,Chandigarh,Chandigarh,2025-02-09
5095,Reyansh Nair,Bhopal,Madhya Pradesh,2022-02-09
5096,Priya Gupta,Kolkata,West Bengal,2024-09-17
5097,Arjun Patel,Jaipur,Rajasthan,2021-03-06
5098,Akash Nair,Chennai,Tamil Nadu,2025-03-30
5099,Reyansh Singh,Bhopal,Madhya Pradesh,2023-06-04
5100,Sneha Kumar,Bhopal,Madhya Pradesh,2021-11-22
5101,Vivaan Yadav,Mumbai,Maharashtra,2023-02-07
5102,Akash Roy,Delhi,Delhi,2025-09-23
5103,Sai Patel,Pune,Maharashtra,2025-04-15
5104,Arjun Roy,Pune,Maharashtra,2023-05-01
5105,Sai Mehta,New Delhi,Delhi,2025-07-23
5106,Riya Jain,Gurugram,Haryana,2025-01-01
5107,Neha Mishra,Kochi,Kerala,2026-03-24
5108,Priya Bora,Thiruvananthapuram,Kerala,2025-12-21
5109,Riya Mishra,Bhopal,Madhya Pradesh,2024-05-02
5110,Meera Bora,New Delhi,Delhi,2023-07-09
5111,Priya Mehta,Jaipur,Rajasthan,2025-06-16
5112,Krishna Sharma,Mysuru,Karnataka,2024-05-26
5113,Isha Yadav,Delhi,Delhi,2022-08-29
5114,Ritu Mishra,Kolkata,West Bengal,2021-07-06
5115,Reyansh Verma,Pune,Maharashtra,2024-11-23
5116,Riya Das,New Delhi,Delhi,2024-12-05
5117,Vikram Mishra,Ahmedabad,Gujarat,2023-03-20
5118,Reyansh Verma,Gurugram,Haryana,2025-07-31
5119,Akash Gupta,Howrah,West Bengal,2024-01-09
5120,Vikram Verma,Ranchi,Jharkhand,2022-05-08
5121,Riya Singh,Kolkata,West Bengal,2024-05-27
5122,Aditya Reddy,Bengaluru,Karnataka,2024-02-06
5123,Rohan Mehta,Howrah,West Bengal,2021-07-11
5124,Deepak Bora,Chennai,Tamil Nadu,2021-10-06
5125,Ritu Patel,Mumbai,Maharashtra,2023-10-02
5126,Ishaan Singh,Delhi,Delhi,2025-06-06
5127,Priya Singh,Howrah,West Bengal,2024-07-03
5128,Riya Singh,Hyderabad,Telangana,2024-07-22
5129,Priya Bora,Chandigarh,Chandigarh,2022-10-22
5130,Ananya Sharma,Noida,Uttar Pradesh,2025-10-02
5131,Pooja Sharma,Mumbai,Maharashtra,2021-01-24
5132,Aarav Sharma,Patna,Bihar,2024-11-15
5133,Pooja Mishra,Pune,Maharashtra,2021-12-04
5134,Krishna Choudhury,Pune,Maharashtra,2024-11-09
5135,Priya Yadav,Kochi,Kerala,2021-07-21
5136,Sanjay Saha,Lucknow,Uttar Pradesh,2021-04-28
5137,Diya Reddy,Mumbai,Maharashtra,2021-11-03
5138,Sanjay Jain,Chennai,Tamil Nadu,2021-08-24
5139,Rahul Mehta,Lucknow,Uttar Pradesh,2025-03-22
5140,Deepak Dutta,Delhi,Delhi,2024-01-23
5141,Riya Choudhury,Surat,Gujarat,2024-03-26
5142,Vikram Singh,Bengaluru,Karnataka,2023-12-06
5143,Pooja Nair,Delhi,Delhi,2025-08-16
5144,Vivaan Reddy,Kolkata,West Bengal,2025-06-03
5145,Kavya Roy,Chennai,Tamil Nadu,2021-03-24
5146,Aditi Verma,Kolkata,West Bengal,2021-04-01
5147,Akash Gupta,Mumbai,Maharashtra,2022-06-20
5148,Ananya Singh,Chennai,Tamil Nadu,2024-07-27
5149,Rohan Jain,Chennai,Tamil Nadu,2023-11-23
5150,Neha Das,Delhi,Delhi,2023-02-13
5151,Sanjay Mehta,New Delhi,Delhi,2021-11-02
5152,Diya Verma,Kolkata,West Bengal,2022-10-21
5153,Sai Mishra,Chennai,Tamil Nadu,2025-08-10
5154,Riya Verma,Chennai,Tamil Nadu,2021-03-27
5155,Meera Patel,Jaipur,Rajasthan,2021-04-19
5156,Ritu Saha,Bengaluru,Karnataka,2024-05-18
5157,Diya Sharma,Ahmedabad,Gujarat,2024-06-19
5158,Jyoti Jain,Patna,Bihar,2025-05-14
5159,Vivaan Mehta,Delhi,Delhi,2021-05-13
5160,Arjun Kumar,Ranchi,Jharkhand,2026-03-16
5161,Arjun Yadav,Bengaluru,Karnataka,2023-12-19
5162,Aarav Mehta,Silchar,Assam,2025-02-21
5163,Ritu Bora,Jaipur,Rajasthan,2022-06-14
5164,Sneha Gupta,Ahmedabad,Gujarat,2023-08-29
5165,Karan Patel,Howrah,West Bengal,2023-02-14
5166,Isha Mehta,Howrah,West Bengal,2021-05-12
5167,Aditya Dutta,Bengaluru,Karnataka,2024-10-10
5168,Nikhil Nair,Noida,Uttar Pradesh,2024-06-21
5169,Neha Nair,Gurugram,Haryana,2023-12-05
5170,Aarav Gupta,Hyderabad,Telangana,2021-11-21
5171,Karan Dutta,Indore,Madhya Pradesh,2025-03-30
5172,Ritu Jain,Chennai,Tamil Nadu,2025-01-25
5173,Rahul Mehta,Hyderabad,Telangana,2021-08-02
5174,Vivaan Kumar,Pune,Maharashtra,2025-11-24
5175,Isha Bora,Bengaluru,Karnataka,2024-07-17
5176,Diya Nair,Chennai,Tamil Nadu,2025-03-17
5177,Sai Kumar,Indore,Madhya Pradesh,2021-03-28
5178,Nikhil Iyer,Patna,Bihar,2025-01-16
5179,Sai Nair,Chennai,Tamil Nadu,2024-10-31
5180,Vikram Sharma,Delhi,Delhi,2025-11-08
5181,Isha Nair,Lucknow,Uttar Pradesh,2023-08-21
5182,Ritu Nair,Hyderabad,Telangana,2022-07-28
5183,Deepak Jain,Kolkata,West Bengal,2026-05-21
5184,Aarav Gupta,Kolkata,West Bengal,2026-02-24
5185,Ishaan Yadav,Gurugram,Haryana,2023-01-25
5186,Sai Mehta,Noida,Uttar Pradesh,2023-11-29
5187,Reyansh Ghosh,Chennai,Tamil Nadu,2026-06-15
5188,Vivaan Reddy,Jaipur,Rajasthan,2024-11-28
5189,Jyoti Verma,Mumbai,Maharashtra,2024-11-07
5190,Ishaan Patel,Thiruvananthapuram,Kerala,2022-08-20
5191,Pooja Iyer,Silchar,Assam,2022-03-04
5192,Rohan Mishra,Delhi,Delhi,2023-12-14
5193,Arjun Kumar,Mysuru,Karnataka,2024-12-22
5194,Reyansh Das,Gurugram,Haryana,2025-07-11
5195,Aditi Ghosh,Pune,Maharashtra,2024-12-27
5196,Akash Das,Howrah,West Bengal,2025-01-17
5197,Krishna Gupta,Ahmedabad,Gujarat,2024-05-27
5198,Nikhil Patel,Surat,Gujarat,2024-07-16
5199,Isha Reddy,Kolkata,West Bengal,2021-10-03
5200,Akash Roy,Thiruvananthapuram,Kerala,2021-03-22
5201,Aditya Singh,Indore,Madhya Pradesh,2025-01-21
5202,Pooja Jain,Silchar,Assam,2024-06-07
5203,Ananya Kumar,Kolkata,West Bengal,2026-05-24
5204,Kavya Roy,Pune,Maharashtra,2026-05-22
5205,Ritu Jain,Patna,Bihar,2025-01-15
5206,Vikram Bora,Guwahati,Assam,2021-01-22
5207,Sanjay Sharma,New Delhi,Delhi,2021-02-24
5208,Pooja Roy,Surat,Gujarat,2022-11-17
5209,Deepak Saha,Pune,Maharashtra,2021-09-19
5210,Ishaan Kumar,Howrah,West Bengal,2021-01-27
5211,Karan Choudhury,Chennai,Tamil Nadu,2024-07-28
5212,Deepak Saha,Bengaluru,Karnataka,2022-08-04
5213,Vikram Roy,Nagpur,Maharashtra,2025-01-24
5214,Aditi Patel,Silchar,Assam,2025-12-12
5215,Sanjay Iyer,Coimbatore,Tamil Nadu,2024-06-02
5216,Aditya Nair,Nagpur,Maharashtra,2021-04-29
5217,Arjun Jain,Surat,Gujarat,2025-07-14
5218,Rahul Das,Lucknow,Uttar Pradesh,2024-03-23
5219,Ishaan Kumar,Ahmedabad,Gujarat,2022-04-08
5220,Deepak Sharma,Howrah,West Bengal,2022-12-04
5221,Meera Patel,Surat,Gujarat,2025-03-30
5222,Sai Patel,Delhi,Delhi,2025-01-20
5223,Reyansh Singh,Jaipur,Rajasthan,2023-11-02
5224,Ananya Reddy,Bengaluru,Karnataka,2022-07-18
5225,Rohan Verma,Hyderabad,Telangana,2021-07-08
5226,Manish Nair,Noida,Uttar Pradesh,2025-10-22
5227,Meera Verma,Nagpur,Maharashtra,2024-01-03
5228,Aarav Reddy,Bhopal,Madhya Pradesh,2024-07-15
5229,Isha Roy,Bengaluru,Karnataka,2026-04-01
5230,Manish Verma,Hyderabad,Telangana,2025-06-08
5231,Arjun Dutta,Howrah,West Bengal,2021-07-16
5232,Aarav Verma,Hyderabad,Telangana,2025-09-30
5233,Vivaan Jain,Shillong,Meghalaya,2025-11-27
5234,Isha Kumar,Guwahati,Assam,2023-01-10
5235,Deepak Sharma,Guwahati,Assam,2021-07-01
5236,Priya Singh,Coimbatore,Tamil Nadu,2024-11-03
5237,Krishna Das,Mysuru,Karnataka,2025-03-07
5238,Krishna Mehta,Kochi,Kerala,2025-04-22
5239,Vivaan Roy,Guwahati,Assam,2022-12-30
5240,Meera Mishra,Kolkata,West Bengal,2022-01-11
5241,Ritu Choudhury,Pune,Maharashtra,2024-07-06
5242,Jyoti Dutta,Hyderabad,Telangana,2024-02-24
5243,Deepak Mehta,Jaipur,Rajasthan,2023-12-11
5244,Vivaan Das,Bengaluru,Karnataka,2026-05-27
5245,Riya Sharma,Bengaluru,Karnataka,2026-01-10
5246,Pooja Patel,Patna,Bihar,2023-07-06
5247,Sneha Yadav,Chennai,Tamil Nadu,2022-05-02
5248,Reyansh Roy,Chandigarh,Chandigarh,2023-12-19
5249,Jyoti Iyer,Mumbai,Maharashtra,2022-04-24
5250,Vivaan Das,Jaipur,Rajasthan,2021-09-12
5251,Karan Sharma,Lucknow,Uttar Pradesh,2023-07-14
5252,Kavya Iyer,Jaipur,Rajasthan,2021-04-08
5253,Karan Singh,Thiruvananthapuram,Kerala,2024-04-04
5254,Neha Bora,Ranchi,Jharkhand,2022-08-09
5255,Priya Mehta,Dibrugarh,Assam,2025-01-03
5256,Isha Saha,Surat,Gujarat,2021-12-06
5257,Jyoti Roy,Gurugram,Haryana,2024-07-01
5258,Sanjay Kumar,Bhubaneswar,Odisha,2024-03-18
5259,Rahul Yadav,Indore,Madhya Pradesh,2024-09-07
5260,Aditi Ghosh,Lucknow,Uttar Pradesh,2025-04-05
5261,Rahul Dutta,Pune,Maharashtra,2023-12-06
5262,Neha Kumar,Ahmedabad,Gujarat,2023-01-20
5263,Ishaan Dutta,Jaipur,Rajasthan,2024-03-10
5264,Rahul Sharma,Chennai,Tamil Nadu,2021-07-30
5265,Rahul Mishra,Patna,Bihar,2025-12-23
5266,Ritu Patel,Jaipur,Rajasthan,2026-06-20
5267,Krishna Das,Kochi,Kerala,2025-12-29
5268,Sanjay Gupta,Delhi,Delhi,2025-05-18
5269,Pooja Roy,Bengaluru,Karnataka,2021-10-17
5270,Vivaan Roy,Hyderabad,Telangana,2024-02-21
5271,Riya Choudhury,Jaipur,Rajasthan,2021-02-17
5272,Arjun Ghosh,Delhi,Delhi,2024-08-04
5273,Akash Sharma,Bhubaneswar,Odisha,2026-06-15
5274,Manish Patel,Lucknow,Uttar Pradesh,2021-12-23
5275,Manish Gupta,Mysuru,Karnataka,2026-04-16
5276,Ananya Saha,Howrah,West Bengal,2022-03-28
5277,Ishaan Jain,Guwahati,Assam,2024-08-24
5278,Riya Sharma,Nagpur,Maharashtra,2026-01-12
5279,Deepak Sharma,Bhopal,Madhya Pradesh,2022-08-07
5280,Meera Das,Guwahati,Assam,2026-05-21
5281,Karan Mishra,Thiruvananthapuram,Kerala,2026-01-22
5282,Aarav Yadav,Jaipur,Rajasthan,2022-12-01
5283,Reyansh Kumar,Ranchi,Jharkhand,2025-05-25
5284,Riya Dutta,Surat,Gujarat,2023-01-05
5285,Aditya Yadav,Hyderabad,Telangana,2022-06-29
5286,Diya Roy,Coimbatore,Tamil Nadu,2023-02-14
5287,Deepak Patel,Jaipur,Rajasthan,2026-03-07
5288,Sanjay Roy,Mumbai,Maharashtra,2023-09-14
5289,Nikhil Dutta,Pune,Maharashtra,2025-08-29
5290,Kavya Reddy,Bhubaneswar,Odisha,2025-07-12
5291,Pooja Das,Ahmedabad,Gujarat,2026-03-07
5292,Pooja Mehta,Bengaluru,Karnataka,2022-01-29
5293,Ishaan Mishra,Coimbatore,Tamil Nadu,2021-11-02
5294,Ritu Jain,Patna,Bihar,2022-09-29
5295,Vivaan Sharma,Bengaluru,Karnataka,2026-01-16
5296,Sneha Gupta,Bhopal,Madhya Pradesh,2021-12-03
5297,Ritu Jain,Mumbai,Maharashtra,2024-09-29
5298,Vikram Kumar,Hyderabad,Telangana,2023-03-12
5299,Arjun Kumar,Mumbai,Maharashtra,2021-04-23
5300,Aditya Patel,Kolkata,West Bengal,2021-06-03
5301,Deepak Sharma,Ranchi,Jharkhand,2022-11-17
5302,Isha Jain,Mumbai,Maharashtra,2021-05-16
5303,Rohan Singh,Mumbai,Maharashtra,2024-08-20
5304,Aditya Reddy,Bengaluru,Karnataka,2024-05-27
5305,Pooja Bora,Mumbai,Maharashtra,2023-04-16
5306,Krishna Mishra,Indore,Madhya Pradesh,2023-12-05
5307,Meera Dutta,Kochi,Kerala,2024-08-07
5308,Ishaan Mehta,Mumbai,Maharashtra,2023-01-25
5309,Sneha Ghosh,Bengaluru,Karnataka,2026-01-09
5310,Isha Bora,Hyderabad,Telangana,2022-07-31
5311,Priya Dutta,Mumbai,Maharashtra,2026-04-16
5312,Ritu Roy,Gurugram,Haryana,2025-04-12
5313,Reyansh Iyer,Lucknow,Uttar Pradesh,2024-05-06
5314,Aditya Choudhury,Mumbai,Maharashtra,2025-06-24
5315,Sneha Kumar,Gurugram,Haryana,2025-08-19
5316,Neha Saha,Silchar,Assam,2021-11-26
5317,Rohan Sharma,Mumbai,Maharashtra,2025-05-12
5318,Nikhil Yadav,Coimbatore,Tamil Nadu,2023-12-10
5319,Krishna Patel,Bengaluru,Karnataka,2026-06-11
5320,Aditya Dutta,New Delhi,Delhi,2022-04-21
5321,Diya Bora,Kochi,Kerala,2022-10-06
5322,Isha Das,New Delhi,Delhi,2026-02-19
5323,Aditya Ghosh,Kolkata,West Bengal,2026-03-14
5324,Akash Bora,Mumbai,Maharashtra,2025-10-06
5325,Aditi Bora,Noida,Uttar Pradesh,2021-06-10
5326,Ishaan Roy,Mumbai,Maharashtra,2021-08-19
5327,Nikhil Reddy,Bengaluru,Karnataka,2023-11-18
5328,Riya Mishra,Nagpur,Maharashtra,2023-10-13
5329,Arjun Patel,Kochi,Kerala,2023-02-10
5330,Akash Yadav,New Delhi,Delhi,2021-06-02
5331,Neha Verma,Bengaluru,Karnataka,2022-06-26
5332,Ritu Mishra,Gurugram,Haryana,2021-12-12
5333,Ritu Kumar,Mysuru,Karnataka,2021-10-16
5334,Deepak Das,Bengaluru,Karnataka,2021-03-30
5335,Vivaan Gupta,Hyderabad,Telangana,2022-08-07
5336,Rohan Das,Hyderabad,Telangana,2024-10-28
5337,Arjun Dutta,Coimbatore,Tamil Nadu,2023-12-31
5338,Sanjay Choudhury,Guwahati,Assam,2025-02-26
5339,Vikram Bora,Lucknow,Uttar Pradesh,2021-12-15
5340,Sai Singh,Pune,Maharashtra,2025-09-04
5341,Deepak Mishra,Indore,Madhya Pradesh,2026-01-06
5342,Arjun Patel,Ahmedabad,Gujarat,2022-01-09
5343,Meera Bora,Bengaluru,Karnataka,2026-03-21
5344,Manish Choudhury,Ahmedabad,Gujarat,2022-11-28
5345,Aditi Ghosh,Patna,Bihar,2024-11-07
5346,Ritu Gupta,New Delhi,Delhi,2023-05-23
5347,Ishaan Das,Indore,Madhya Pradesh,2024-01-10
5348,Riya Reddy,Indore,Madhya Pradesh,2021-12-29
5349,Ishaan Mishra,Hyderabad,Telangana,2022-11-25
5350,Manish Sharma,Bhubaneswar,Odisha,2026-05-20
5351,Neha Yadav,Kolkata,West Bengal,2024-12-10
5352,Isha Das,Gurugram,Haryana,2023-05-28
5353,Vivaan Kumar,Hyderabad,Telangana,2024-12-04
5354,Ishaan Kumar,Indore,Madhya Pradesh,2023-10-14
5355,Reyansh Sharma,Howrah,West Bengal,2025-07-12
5356,Isha Yadav,Chennai,Tamil Nadu,2021-01-05
5357,Deepak Bora,Delhi,Delhi,2024-09-11
5358,Diya Reddy,Delhi,Delhi,2024-07-12
5359,Isha Iyer,Noida,Uttar Pradesh,2021-06-26
5360,Riya Ghosh,Mumbai,Maharashtra,2022-11-18
5361,Rohan Kumar,Dibrugarh,Assam,2024-11-07
5362,Aditya Jain,Ahmedabad,Gujarat,2025-02-09
5363,Sai Singh,Lucknow,Uttar Pradesh,2026-04-04
5364,Ananya Mishra,Thiruvananthapuram,Kerala,2021-10-12
5365,Pooja Saha,Coimbatore,Tamil Nadu,2023-07-25
5366,Neha Yadav,Kochi,Kerala,2024-02-16
5367,Ishaan Roy,Patna,Bihar,2022-07-04
5368,Rahul Yadav,Jaipur,Rajasthan,2024-01-15
5369,Sai Dutta,Indore,Madhya Pradesh,2026-05-06
5370,Ritu Reddy,Guwahati,Assam,2021-03-19
5371,Aditi Gupta,Patna,Bihar,2026-05-03
5372,Meera Saha,Lucknow,Uttar Pradesh,2024-01-16
5373,Kavya Nair,Gurugram,Haryana,2022-05-29
5374,Akash Saha,Lucknow,Uttar Pradesh,2022-09-03
5375,Aditi Jain,Chennai,Tamil Nadu,2025-02-15
5376,Jyoti Singh,Ahmedabad,Gujarat,2021-05-16
5377,Jyoti Yadav,Bengaluru,Karnataka,2023-07-15
5378,Sanjay Verma,Kolkata,West Bengal,2026-05-26
5379,Aditya Iyer,Noida,Uttar Pradesh,2023-06-23
5380,Akash Yadav,Dibrugarh,Assam,2022-04-27
5381,Sneha Patel,Coimbatore,Tamil Nadu,2023-03-11
5382,Nikhil Bora,Ahmedabad,Gujarat,2026-06-14
5383,Priya Mehta,Mumbai,Maharashtra,2024-06-14
5384,Aditi Singh,Chennai,Tamil Nadu,2021-06-09
5385,Priya Choudhury,Gurugram,Haryana,2024-09-21
5386,Isha Yadav,Jaipur,Rajasthan,2023-10-06
5387,Neha Roy,Delhi,Delhi,2024-07-01
5388,Ritu Dutta,Kolkata,West Bengal,2025-01-11
5389,Ananya Jain,Bhopal,Madhya Pradesh,2021-09-23
5390,Manish Verma,Surat,Gujarat,2023-10-09
5391,Ananya Jain,Patna,Bihar,2023-12-26
5392,Sai Gupta,Mumbai,Maharashtra,2024-08-10
5393,Rohan Sharma,Chennai,Tamil Nadu,2024-11-25
5394,Diya Kumar,Lucknow,Uttar Pradesh,2025-11-13
5395,Ananya Ghosh,Chennai,Tamil Nadu,2024-06-22
5396,Nikhil Das,Ahmedabad,Gujarat,2021-03-04
5397,Riya Bora,Delhi,Delhi,2026-01-17
5398,Ritu Iyer,Patna,Bihar,2022-12-03
5399,Vikram Jain,Bengaluru,Karnataka,2022-01-09
5400,Isha Patel,Coimbatore,Tamil Nadu,2024-04-30
5401,Deepak Saha,Delhi,Delhi,2025-08-20
5402,Ishaan Dutta,Bengaluru,Karnataka,2024-07-31
5403,Neha Mehta,Noida,Uttar Pradesh,2025-02-23
5404,Ritu Gupta,Patna,Bihar,2025-08-28
5405,Riya Mishra,Indore,Madhya Pradesh,2022-02-03
5406,Isha Bora,Dibrugarh,Assam,2022-11-28
5407,Nikhil Reddy,Bengaluru,Karnataka,2024-11-02
5408,Ananya Choudhury,Delhi,Delhi,2025-04-09
5409,Ananya Kumar,Delhi,Delhi,2026-04-20
5410,Sai Kumar,Delhi,Delhi,2024-03-24
5411,Ritu Gupta,Kochi,Kerala,2022-03-30
5412,Sanjay Iyer,Chennai,Tamil Nadu,2024-05-30
5413,Kavya Das,Pune,Maharashtra,2025-10-29
5414,Diya Iyer,Ahmedabad,Gujarat,2023-03-13
5415,Sneha Jain,Mumbai,Maharashtra,2024-08-15
5416,Ritu Yadav,Bengaluru,Karnataka,2023-03-03
5417,Ananya Choudhury,Mysuru,Karnataka,2024-06-03
5418,Deepak Mehta,Patna,Bihar,2022-08-12
5419,Rahul Saha,New Delhi,Delhi,2022-02-02
5420,Akash Jain,Nagpur,Maharashtra,2024-10-15
5421,Vikram Das,Bhopal,Madhya Pradesh,2021-06-02
5422,Sneha Bora,Silchar,Assam,2024-05-11
5423,Deepak Reddy,Mumbai,Maharashtra,2023-12-05
5424,Sanjay Verma,Surat,Gujarat,2022-07-06
5425,Krishna Kumar,Pune,Maharashtra,2023-01-16
5426,Rahul Ghosh,Mysuru,Karnataka,2022-10-29
5427,Ananya Patel,Pune,Maharashtra,2025-08-22
5428,Sai Iyer,Pune,Maharashtra,2025-02-01
5429,Deepak Roy,Jaipur,Rajasthan,2022-03-16
5430,Kavya Das,Kolkata,West Bengal,2025-09-29
5431,Priya Reddy,Bengaluru,Karnataka,2023-05-23
5432,Aditi Mehta,Mumbai,Maharashtra,2026-05-20
5433,Karan Das,Kochi,Kerala,2021-11-03
5434,Sanjay Singh,Bengaluru,Karnataka,2025-04-26
5435,Sai Ghosh,Mumbai,Maharashtra,2022-12-26
5436,Arjun Mishra,Coimbatore,Tamil Nadu,2023-12-20
5437,Vivaan Saha,Howrah,West Bengal,2024-02-24
5438,Pooja Choudhury,Gurugram,Haryana,2021-09-27
5439,Reyansh Gupta,Mumbai,Maharashtra,2023-01-10
5440,Riya Iyer,Bhopal,Madhya Pradesh,2023-12-15
5441,Reyansh Reddy,Coimbatore,Tamil Nadu,2025-12-29
5442,Sanjay Roy,Ahmedabad,Gujarat,2026-02-13
5443,Ananya Mishra,Hyderabad,Telangana,2026-05-11
5444,Pooja Ghosh,Kolkata,West Bengal,2025-06-11
5445,Rahul Bora,Ahmedabad,Gujarat,2022-07-27
5446,Ananya Jain,Nagpur,Maharashtra,2024-12-17
5447,Akash Mehta,Chennai,Tamil Nadu,2025-02-26
5448,Manish Mishra,Ahmedabad,Gujarat,2022-11-27
5449,Sanjay Reddy,Hyderabad,Telangana,2023-01-15
5450,Aditi Nair,Patna,Bihar,2025-09-20
5451,Rahul Saha,Delhi,Delhi,2021-09-21
5452,Aditya Roy,Silchar,Assam,2026-06-05
5453,Reyansh Sharma,Thiruvananthapuram,Kerala,2021-02-22
5454,Reyansh Nair,Guwahati,Assam,2021-03-29
5455,Neha Gupta,Chennai,Tamil Nadu,2022-04-16
5456,Reyansh Das,Pune,Maharashtra,2022-04-30
5457,Ananya Singh,Ranchi,Jharkhand,2025-11-14
5458,Ananya Choudhury,New Delhi,Delhi,2022-10-26
5459,Jyoti Roy,Mumbai,Maharashtra,2022-02-22
5460,Nikhil Das,Ahmedabad,Gujarat,2022-01-09
5461,Ritu Jain,Bengaluru,Karnataka,2022-08-06
5462,Isha Mishra,Howrah,West Bengal,2023-02-24
5463,Sneha Dutta,Jaipur,Rajasthan,2025-01-07
5464,Karan Gupta,Kolkata,West Bengal,2025-10-08
5465,Jyoti Ghosh,Hyderabad,Telangana,2026-01-15
5466,Jyoti Roy,Gurugram,Haryana,2022-08-23
5467,Reyansh Iyer,Delhi,Delhi,2021-01-14
5468,Karan Bora,Bhopal,Madhya Pradesh,2025-02-21
5469,Krishna Singh,Silchar,Assam,2022-08-13
5470,Deepak Bora,Howrah,West Bengal,2025-07-08
5471,Deepak Das,Gurugram,Haryana,2025-07-13
5472,Deepak Singh,Chandigarh,Chandigarh,2022-01-25
5473,Reyansh Sharma,Nagpur,Maharashtra,2024-05-27
5474,Aditya Verma,Jaipur,Rajasthan,2024-07-02
5475,Akash Singh,Chennai,Tamil Nadu,2021-01-17
5476,Rohan Choudhury,Howrah,West Bengal,2023-05-01
5477,Riya Ghosh,Delhi,Delhi,2025-01-09
5478,Sai Choudhury,Chennai,Tamil Nadu,2023-12-27
5479,Aditya Ghosh,Hyderabad,Telangana,2024-12-17
5480,Akash Iyer,Delhi,Delhi,2022-01-06
5481,Rohan Iyer,Kolkata,West Bengal,2022-10-20
5482,Sneha Dutta,Ahmedabad,Gujarat,2022-06-29
5483,Neha Verma,Chennai,Tamil Nadu,2025-11-02
5484,Aditya Jain,Mysuru,Karnataka,2024-06-20
5485,Nikhil Ghosh,Ranchi,Jharkhand,2025-10-17
5486,Riya Gupta,Coimbatore,Tamil Nadu,2024-09-08
5487,Vivaan Yadav,Gurugram,Haryana,2023-03-15
5488,Priya Das,Indore,Madhya Pradesh,2025-01-11
5489,Aditya Ghosh,Lucknow,Uttar Pradesh,2021-12-26
5490,Priya Patel,Noida,Uttar Pradesh,2022-02-11
5491,Neha Bora,Dibrugarh,Assam,2024-09-04
5492,Aarav Reddy,Kochi,Kerala,2026-03-12
5493,Neha Mishra,Delhi,Delhi,2021-11-14
5494,Manish Roy,Guwahati,Assam,2022-03-15
5495,Arjun Roy,Indore,Madhya Pradesh,2026-05-11
5496,Ritu Mishra,Ranchi,Jharkhand,2024-09-08
5497,Ishaan Yadav,Pune,Maharashtra,2022-09-13
5498,Akash Bora,Ahmedabad,Gujarat,2022-04-30
5499,Karan Gupta,Mysuru,Karnataka,2023-01-15
5500,Akash Yadav,Patna,Bihar,2025-10-19
5501,Rahul Mehta,New Delhi,Delhi,2024-02-13
5502,Manish Ghosh,Hyderabad,Telangana,2023-09-29
5503,Sneha Gupta,Chandigarh,Chandigarh,2025-12-13
5504,Rahul Gupta,Delhi,Delhi,2023-03-17
5505,Ananya Mehta,Shillong,Meghalaya,2024-03-15
5506,Sanjay Choudhury,Indore,Madhya Pradesh,2024-03-28
5507,Arjun Bora,Jaipur,Rajasthan,2025-01-24
5508,Deepak Mishra,Guwahati,Assam,2024-05-21
5509,Neha Bora,Hyderabad,Telangana,2022-01-18
5510,Vivaan Reddy,Hyderabad,Telangana,2021-11-28
5511,Aditi Ghosh,Bengaluru,Karnataka,2026-01-20
5512,Sneha Das,Bhubaneswar,Odisha,2026-02-09
5513,Akash Reddy,New Delhi,Delhi,2024-12-20
5514,Riya Jain,Nagpur,Maharashtra,2026-05-03
5515,Aarav Das,Bengaluru,Karnataka,2021-11-02
5516,Isha Verma,Nagpur,Maharashtra,2023-01-17
5517,Vivaan Verma,Ahmedabad,Gujarat,2021-12-21
5518,Sneha Saha,Bengaluru,Karnataka,2024-02-10
5519,Akash Ghosh,Ranchi,Jharkhand,2024-11-05
5520,Ritu Mishra,Howrah,West Bengal,2023-11-03
5521,Krishna Iyer,Hyderabad,Telangana,2024-11-01
5522,Sai Gupta,Lucknow,Uttar Pradesh,2023-01-02
5523,Vikram Verma,Jaipur,Rajasthan,2023-03-19
5524,Pooja Verma,Ranchi,Jharkhand,2026-03-05
5525,Rahul Gupta,New Delhi,Delhi,2022-07-24
5526,Aditya Mishra,Silchar,Assam,2024-08-14
5527,Ananya Das,Indore,Madhya Pradesh,2024-03-21
5528,Deepak Bora,Kolkata,West Bengal,2022-12-12
5529,Manish Mishra,Kochi,Kerala,2025-11-21
5530,Aditya Sharma,Guwahati,Assam,2025-11-12
5531,Neha Bora,Patna,Bihar,2024-08-09
5532,Neha Iyer,Patna,Bihar,2025-02-03
5533,Rahul Patel,Lucknow,Uttar Pradesh,2021-07-09
5534,Ritu Jain,Kolkata,West Bengal,2024-08-31
5535,Deepak Patel,Delhi,Delhi,2024-06-07
5536,Meera Choudhury,Silchar,Assam,2024-03-26
5537,Neha Choudhury,Pune,Maharashtra,2024-11-07
5538,Arjun Dutta,Pune,Maharashtra,2026-06-05
5539,Reyansh Dutta,Coimbatore,Tamil Nadu,2024-07-20
5540,Arjun Ghosh,Pune,Maharashtra,2021-11-19
5541,Nikhil Dutta,Hyderabad,Telangana,2025-03-22
5542,Pooja Singh,Mumbai,Maharashtra,2024-05-25
5543,Isha Das,Pune,Maharashtra,2023-02-23
5544,Vivaan Das,Nagpur,Maharashtra,2022-01-06
5545,Priya Dutta,Jaipur,Rajasthan,2021-03-07
5546,Manish Jain,Gurugram,Haryana,2024-09-17
5547,Ishaan Patel,Bhubaneswar,Odisha,2026-03-25
5548,Manish Patel,Dibrugarh,Assam,2025-03-10
5549,Krishna Roy,Mumbai,Maharashtra,2024-03-17
5550,Riya Sharma,Chennai,Tamil Nadu,2022-03-03
5551,Jyoti Nair,Lucknow,Uttar Pradesh,2023-07-22
5552,Reyansh Nair,Patna,Bihar,2021-08-01
5553,Rahul Sharma,Delhi,Delhi,2021-07-04
5554,Isha Jain,Patna,Bihar,2024-10-30
5555,Ritu Sharma,Delhi,Delhi,2022-11-22
5556,Reyansh Dutta,Surat,Gujarat,2022-10-31
5557,Reyansh Sharma,Surat,Gujarat,2023-02-09
5558,Krishna Iyer,Bhopal,Madhya Pradesh,2024-04-26
5559,Manish Kumar,Thiruvananthapuram,Kerala,2022-12-18
5560,Sanjay Sharma,Bhopal,Madhya Pradesh,2021-05-16
5561,Karan Mishra,Ranchi,Jharkhand,2022-03-16
5562,Pooja Mishra,Surat,Gujarat,2021-09-20
5563,Pooja Das,Kolkata,West Bengal,2021-02-04
5564,Arjun Dutta,New Delhi,Delhi,2023-07-19
5565,Vikram Iyer,Bengaluru,Karnataka,2023-05-19
5566,Diya Kumar,Ahmedabad,Gujarat,2024-01-11
5567,Reyansh Patel,Mysuru,Karnataka,2026-03-08
5568,Aditya Dutta,Bhopal,Madhya Pradesh,2022-06-16
5569,Vikram Verma,Mumbai,Maharashtra,2023-09-14
5570,Aditi Bora,Hyderabad,Telangana,2023-01-12
5571,Sneha Mehta,Kolkata,West Bengal,2024-02-16
5572,Aditi Verma,Mumbai,Maharashtra,2024-05-11
5573,Aditya Roy,Hyderabad,Telangana,2025-01-17
5574,Aarav Roy,Hyderabad,Telangana,2024-04-24
5575,Ritu Nair,New Delhi,Delhi,2021-09-17
5576,Akash Das,Howrah,West Bengal,2026-04-20
5577,Ritu Bora,Chennai,Tamil Nadu,2022-06-19
5578,Jyoti Sharma,Bhopal,Madhya Pradesh,2024-11-02
5579,Ritu Nair,New Delhi,Delhi,2024-12-25
5580,Arjun Sharma,Mumbai,Maharashtra,2021-05-01
5581,Akash Kumar,Jaipur,Rajasthan,2026-02-03
5582,Vikram Ghosh,Kochi,Kerala,2024-03-01
5583,Sanjay Nair,Chennai,Tamil Nadu,2026-01-03
5584,Priya Mishra,Jaipur,Rajasthan,2023-01-30
5585,Diya Nair,Noida,Uttar Pradesh,2022-12-14
5586,Ishaan Mehta,Hyderabad,Telangana,2021-12-20
5587,Reyansh Mehta,Kolkata,West Bengal,2021-08-06
5588,Arjun Verma,Kolkata,West Bengal,2021-01-06
5589,Arjun Jain,Ahmedabad,Gujarat,2025-04-25
5590,Aarav Roy,Nagpur,Maharashtra,2022-03-01
5591,Priya Kumar,Ahmedabad,Gujarat,2021-07-25
5592,Aditya Choudhury,Bengaluru,Karnataka,2026-04-16
5593,Vivaan Yadav,Delhi,Delhi,2023-11-24
5594,Sanjay Iyer,Mumbai,Maharashtra,2021-07-19
5595,Neha Sharma,Hyderabad,Telangana,2021-10-31
5596,Ananya Verma,Indore,Madhya Pradesh,2021-08-10
5597,Kavya Verma,Kolkata,West Bengal,2022-02-05
5598,Ishaan Verma,Hyderabad,Telangana,2021-07-28
5599,Ananya Singh,Kolkata,West Bengal,2022-04-15
5600,Ritu Nair,Kochi,Kerala,2025-07-24
5601,Rohan Choudhury,Chennai,Tamil Nadu,2023-12-23
5602,Isha Bora,Bengaluru,Karnataka,2025-06-29
5603,Aarav Sharma,Pune,Maharashtra,2022-02-07
5604,Diya Yadav,Ahmedabad,Gujarat,2022-01-08
5605,Diya Ghosh,Indore,Madhya Pradesh,2024-10-17
5606,Aditi Mehta,Hyderabad,Telangana,2023-05-30
5607,Arjun Yadav,Kolkata,West Bengal,2022-02-23
5608,Nikhil Patel,Mumbai,Maharashtra,2022-02-12
5609,Deepak Ghosh,Jaipur,Rajasthan,2021-11-17
5610,Meera Kumar,Silchar,Assam,2025-09-13
5611,Aditya Iyer,Hyderabad,Telangana,2021-11-01
5612,Ishaan Dutta,Surat,Gujarat,2023-12-11
5613,Aarav Verma,Noida,Uttar Pradesh,2023-08-31
5614,Isha Roy,Mumbai,Maharashtra,2022-06-29
5615,Ananya Mishra,Hyderabad,Telangana,2022-09-29
5616,Sanjay Das,Mumbai,Maharashtra,2021-05-19
5617,Sneha Ghosh,Mumbai,Maharashtra,2024-04-20
5618,Vivaan Sharma,Nagpur,Maharashtra,2022-06-01
5619,Neha Gupta,Chandigarh,Chandigarh,2022-06-22
5620,Riya Singh,Ahmedabad,Gujarat,2026-04-13
5621,Pooja Mehta,Bhopal,Madhya Pradesh,2024-02-27
5622,Ishaan Singh,Ahmedabad,Gujarat,2022-10-08
5623,Vivaan Mehta,Mysuru,Karnataka,2021-12-19
5624,Vivaan Mishra,Jaipur,Rajasthan,2023-10-25
5625,Aditi Choudhury,Bengaluru,Karnataka,2025-08-28
5626,Sanjay Saha,Dibrugarh,Assam,2023-03-20
5627,Jyoti Gupta,Howrah,West Bengal,2023-10-07
5628,Priya Mishra,Lucknow,Uttar Pradesh,2022-02-11
5629,Deepak Roy,Hyderabad,Telangana,2021-09-04
5630,Manish Nair,Coimbatore,Tamil Nadu,2024-02-14
5631,Isha Das,Pune,Maharashtra,2026-02-03
5632,Rahul Verma,Delhi,Delhi,2023-09-21
5633,Rohan Gupta,Kolkata,West Bengal,2024-03-15
5634,Pooja Reddy,New Delhi,Delhi,2021-12-23
5635,Manish Jain,Hyderabad,Telangana,2022-03-08
5636,Rahul Mishra,Lucknow,Uttar Pradesh,2024-05-03
5637,Aditi Ghosh,Ahmedabad,Gujarat,2021-08-22
5638,Karan Mehta,Ranchi,Jharkhand,2021-05-18
5639,Ritu Dutta,Delhi,Delhi,2023-06-02
5640,Vivaan Jain,Mumbai,Maharashtra,2023-08-15
5641,Riya Bora,Kolkata,West Bengal,2026-01-26
5642,Vivaan Bora,Pune,Maharashtra,2023-04-22
5643,Aarav Mehta,Lucknow,Uttar Pradesh,2024-09-12
5644,Akash Yadav,Pune,Maharashtra,2026-03-22
5645,Aditya Gupta,Shillong,Meghalaya,2025-06-25
5646,Pooja Saha,Chennai,Tamil Nadu,2024-12-08
5647,Kavya Mishra,Ahmedabad,Gujarat,2024-05-04
5648,Akash Das,Hyderabad,Telangana,2021-10-28
5649,Aarav Yadav,Pune,Maharashtra,2023-06-30
5650,Rahul Jain,Kolkata,West Bengal,2024-04-18
5651,Ritu Singh,Mumbai,Maharashtra,2025-08-08
5652,Isha Mehta,Kochi,Kerala,2026-03-16
5653,Sai Das,Bengaluru,Karnataka,2021-10-11
5654,Akash Iyer,Hyderabad,Telangana,2025-12-08
5655,Vikram Gupta,Howrah,West Bengal,2025-02-19
5656,Kavya Iyer,Ahmedabad,Gujarat,2023-06-21
5657,Riya Bora,Hyderabad,Telangana,2021-01-24
5658,Rohan Yadav,Mumbai,Maharashtra,2021-02-22
5659,Ananya Choudhury,Mumbai,Maharashtra,2023-08-30
5660,Deepak Bora,Lucknow,Uttar Pradesh,2025-08-25
5661,Neha Singh,Bhopal,Madhya Pradesh,2023-02-18
5662,Aditya Singh,Bengaluru,Karnataka,2023-04-06
5663,Akash Choudhury,Dibrugarh,Assam,2023-11-13
5664,Rohan Bora,Noida,Uttar Pradesh,2024-04-24
5665,Riya Jain,Surat,Gujarat,2023-05-18
5666,Pooja Kumar,Delhi,Delhi,2025-01-27
5667,Vikram Choudhury,Surat,Gujarat,2024-10-04
5668,Rohan Verma,Lucknow,Uttar Pradesh,2021-04-13
5669,Karan Das,Surat,Gujarat,2022-04-15
5670,Aditya Mishra,Bengaluru,Karnataka,2025-06-07
5671,Meera Verma,Hyderabad,Telangana,2022-12-28
5672,Jyoti Gupta,Kolkata,West Bengal,2024-02-05
5673,Nikhil Yadav,Delhi,Delhi,2022-08-05
5674,Manish Kumar,Ahmedabad,Gujarat,2022-11-14
5675,Vikram Ghosh,Chennai,Tamil Nadu,2025-05-15
5676,Sanjay Kumar,Surat,Gujarat,2025-10-26
5677,Vivaan Saha,Delhi,Delhi,2024-08-03
5678,Jyoti Nair,Dibrugarh,Assam,2024-12-08
5679,Isha Yadav,Bhopal,Madhya Pradesh,2023-02-10
5680,Vikram Saha,Bengaluru,Karnataka,2022-06-27
5681,Priya Jain,Hyderabad,Telangana,2022-06-29
5682,Priya Sharma,Mysuru,Karnataka,2021-05-13
5683,Arjun Kumar,Delhi,Delhi,2022-11-24
5684,Diya Mishra,Delhi,Delhi,2026-03-27
5685,Jyoti Roy,Bhubaneswar,Odisha,2025-08-18
5686,Reyansh Sharma,Bengaluru,Karnataka,2024-01-25
5687,Sanjay Gupta,Kolkata,West Bengal,2024-03-21
5688,Riya Jain,Bengaluru,Karnataka,2023-03-31
5689,Akash Roy,New Delhi,Delhi,2021-03-26
5690,Isha Choudhury,Nagpur,Maharashtra,2022-06-14
5691,Kavya Ghosh,Delhi,Delhi,2025-03-22
5692,Meera Sharma,Surat,Gujarat,2021-05-20
5693,Aditya Nair,Jaipur,Rajasthan,2021-05-10
5694,Arjun Mishra,Pune,Maharashtra,2025-08-27
5695,Ishaan Iyer,Guwahati,Assam,2025-01-24
5696,Jyoti Bora,Lucknow,Uttar Pradesh,2024-05-13
5697,Krishna Roy,Thiruvananthapuram,Kerala,2025-11-24
5698,Sneha Roy,Pune,Maharashtra,2022-03-13
5699,Sai Gupta,Guwahati,Assam,2022-12-01
5700,Ananya Yadav,Mumbai,Maharashtra,2022-06-06
5701,Ananya Sharma,Kolkata,West Bengal,2023-04-01
5702,Vikram Mehta,Silchar,Assam,2023-01-08
5703,Reyansh Mehta,Bhubaneswar,Odisha,2023-10-12
5704,Meera Reddy,Nagpur,Maharashtra,2021-07-19
5705,Krishna Nair,Lucknow,Uttar Pradesh,2025-11-23
5706,Neha Roy,Bengaluru,Karnataka,2025-06-02
5707,Sneha Choudhury,Coimbatore,Tamil Nadu,2021-05-10
5708,Manish Singh,Guwahati,Assam,2026-03-23
5709,Karan Mehta,Patna,Bihar,2021-09-17
5710,Pooja Yadav,Surat,Gujarat,2024-03-19
5711,Riya Sharma,Jaipur,Rajasthan,2024-01-25
5712,Deepak Yadav,Indore,Madhya Pradesh,2023-08-04
5713,Aditya Ghosh,Delhi,Delhi,2022-07-11
5714,Ritu Das,Bengaluru,Karnataka,2023-11-25
5715,Ananya Saha,Patna,Bihar,2025-09-16
5716,Jyoti Kumar,Delhi,Delhi,2023-03-19
5717,Meera Saha,Kochi,Kerala,2024-01-24
5718,Sanjay Gupta,Lucknow,Uttar Pradesh,2024-06-18
5719,Isha Saha,Noida,Uttar Pradesh,2024-04-06
5720,Vikram Jain,Ahmedabad,Gujarat,2022-10-01
5721,Karan Singh,Chennai,Tamil Nadu,2022-10-02
5722,Rohan Reddy,Chennai,Tamil Nadu,2024-04-19
5723,Arjun Das,Ranchi,Jharkhand,2021-04-11
5724,Aditi Bora,Jaipur,Rajasthan,2025-01-19
5725,Pooja Choudhury,Mumbai,Maharashtra,2024-11-08
5726,Karan Kumar,Thiruvananthapuram,Kerala,2022-05-20
5727,Diya Das,Guwahati,Assam,2021-04-02
5728,Meera Verma,Pune,Maharashtra,2021-06-10
5729,Riya Yadav,New Delhi,Delhi,2024-05-05
5730,Meera Reddy,Ranchi,Jharkhand,2022-03-01
5731,Karan Dutta,Bengaluru,Karnataka,2026-06-22
5732,Rohan Reddy,Pune,Maharashtra,2024-04-01
5733,Isha Choudhury,Chennai,Tamil Nadu,2021-04-25
5734,Aditi Mishra,Mumbai,Maharashtra,2021-02-20
5735,Rahul Jain,Bengaluru,Karnataka,2021-10-06
5736,Sai Verma,Kochi,Kerala,2022-05-28
5737,Isha Mehta,Bengaluru,Karnataka,2023-02-10
5738,Ritu Yadav,Patna,Bihar,2025-02-25
5739,Sneha Roy,Jaipur,Rajasthan,2023-06-03
5740,Meera Mehta,Mumbai,Maharashtra,2025-06-05
5741,Sanjay Nair,Delhi,Delhi,2025-08-07
5742,Diya Choudhury,Mysuru,Karnataka,2025-11-07
5743,Riya Sharma,Bhubaneswar,Odisha,2022-11-28
5744,Rahul Reddy,Ahmedabad,Gujarat,2025-05-22
5745,Sanjay Jain,Kochi,Kerala,2022-01-29
5746,Meera Dutta,Ranchi,Jharkhand,2021-03-01
5747,Diya Mehta,Bengaluru,Karnataka,2025-05-22
5748,Isha Dutta,Ranchi,Jharkhand,2025-11-29
5749,Pooja Roy,Indore,Madhya Pradesh,2022-01-13
5750,Vivaan Das,Chennai,Tamil Nadu,2022-08-16
5751,Aditi Saha,Coimbatore,Tamil Nadu,2022-11-16
5752,Vivaan Sharma,Chennai,Tamil Nadu,2026-03-11
5753,Meera Bora,Noida,Uttar Pradesh,2024-10-14
5754,Sai Dutta,Indore,Madhya Pradesh,2021-08-31
5755,Pooja Ghosh,Bengaluru,Karnataka,2026-05-27
5756,Sneha Choudhury,Hyderabad,Telangana,2025-12-11
5757,Pooja Reddy,Mysuru,Karnataka,2021-10-03
5758,Aarav Das,Jaipur,Rajasthan,2023-03-11
5759,Karan Das,Pune,Maharashtra,2022-07-30
5760,Ritu Jain,Pune,Maharashtra,2026-02-09
5761,Riya Jain,Ranchi,Jharkhand,2022-05-30
5762,Aarav Yadav,Lucknow,Uttar Pradesh,2021-05-03
5763,Neha Jain,Mumbai,Maharashtra,2023-08-30
5764,Karan Choudhury,Thiruvananthapuram,Kerala,2023-09-13
5765,Krishna Singh,Thiruvananthapuram,Kerala,2021-09-19
5766,Akash Iyer,Delhi,Delhi,2024-05-04
5767,Akash Sharma,Hyderabad,Telangana,2025-05-28
5768,Priya Dutta,Dibrugarh,Assam,2022-07-14
5769,Sanjay Mehta,Thiruvananthapuram,Kerala,2023-04-17
5770,Sanjay Roy,Indore,Madhya Pradesh,2024-07-31
5771,Arjun Bora,Pune,Maharashtra,2025-02-04
5772,Rohan Gupta,Mumbai,Maharashtra,2023-12-19
5773,Sneha Reddy,Gurugram,Haryana,2025-12-17
5774,Karan Mishra,New Delhi,Delhi,2022-12-10
5775,Pooja Yadav,Gurugram,Haryana,2025-11-10
5776,Diya Bora,Mumbai,Maharashtra,2024-02-09
5777,Kavya Bora,Chennai,Tamil Nadu,2022-06-27
5778,Nikhil Yadav,Mysuru,Karnataka,2021-09-10
5779,Kavya Reddy,Noida,Uttar Pradesh,2022-04-22
5780,Sanjay Mehta,Indore,Madhya Pradesh,2023-01-12
5781,Meera Mehta,Mumbai,Maharashtra,2024-10-16
5782,Rahul Ghosh,Bengaluru,Karnataka,2023-01-23
5783,Ritu Patel,Chennai,Tamil Nadu,2021-10-26
5784,Arjun Dutta,Bhopal,Madhya Pradesh,2021-06-07
5785,Vikram Ghosh,Kochi,Kerala,2021-11-12
5786,Aditi Choudhury,Bengaluru,Karnataka,2024-01-06
5787,Manish Singh,Noida,Uttar Pradesh,2024-06-25
5788,Pooja Kumar,Hyderabad,Telangana,2026-01-20
5789,Nikhil Nair,Bhubaneswar,Odisha,2022-05-13
5790,Manish Bora,Lucknow,Uttar Pradesh,2024-10-21
5791,Krishna Yadav,Kolkata,West Bengal,2021-03-04
5792,Sai Singh,Ahmedabad,Gujarat,2024-11-04
5793,Karan Sharma,Guwahati,Assam,2022-12-26
5794,Sanjay Singh,Lucknow,Uttar Pradesh,2021-05-05
5795,Ishaan Verma,Jaipur,Rajasthan,2023-03-04
5796,Jyoti Patel,Bengaluru,Karnataka,2025-01-03
5797,Sanjay Gupta,Mumbai,Maharashtra,2024-05-31
5798,Kavya Dutta,Mysuru,Karnataka,2024-01-22
5799,Ishaan Reddy,Bengaluru,Karnataka,2026-01-05
5800,Rahul Sharma,Indore,Madhya Pradesh,2025-12-10
5801,Ritu Das,Mumbai,Maharashtra,2026-03-01
5802,Ritu Kumar,Howrah,West Bengal,2025-01-04
5803,Rahul Jain,Hyderabad,Telangana,2023-11-01
5804,Meera Iyer,Guwahati,Assam,2025-09-22
5805,Rohan Mehta,Thiruvananthapuram,Kerala,2022-07-26
5806,Diya Mehta,Silchar,Assam,2026-05-11
5807,Deepak Yadav,Bengaluru,Karnataka,2021-04-20
5808,Akash Iyer,New Delhi,Delhi,2024-01-01
5809,Aditi Saha,Noida,Uttar Pradesh,2023-09-01
5810,Sanjay Yadav,New Delhi,Delhi,2024-12-13
5811,Nikhil Reddy,Pune,Maharashtra,2024-08-07
5812,Arjun Dutta,Bengaluru,Karnataka,2024-05-05
5813,Kavya Jain,Ahmedabad,Gujarat,2026-05-21
5814,Riya Kumar,Lucknow,Uttar Pradesh,2025-11-26
5815,Neha Roy,Ranchi,Jharkhand,2024-03-09
5816,Kavya Dutta,Thiruvananthapuram,Kerala,2023-12-17
5817,Karan Saha,Guwahati,Assam,2025-04-15
5818,Sneha Mishra,Mumbai,Maharashtra,2022-10-07
5819,Sneha Das,Gurugram,Haryana,2025-09-12
5820,Nikhil Dutta,Bengaluru,Karnataka,2023-07-10
5821,Vivaan Singh,Bengaluru,Karnataka,2022-04-22
5822,Riya Kumar,Indore,Madhya Pradesh,2024-05-10
5823,Rohan Dutta,Gurugram,Haryana,2021-12-25
5824,Riya Gupta,Guwahati,Assam,2025-08-31
5825,Kavya Gupta,Surat,Gujarat,2021-11-30
5826,Arjun Dutta,Bengaluru,Karnataka,2025-06-11
5827,Nikhil Yadav,Kochi,Kerala,2024-08-16
5828,Vikram Bora,Kolkata,West Bengal,2023-03-14
5829,Krishna Bora,Shillong,Meghalaya,2024-03-06
5830,Vikram Verma,Howrah,West Bengal,2023-11-21
5831,Vikram Patel,Gurugram,Haryana,2024-02-15
5832,Vivaan Das,Delhi,Delhi,2021-09-06
5833,Sai Sharma,Mumbai,Maharashtra,2022-04-17
5834,Kavya Kumar,Mumbai,Maharashtra,2024-11-17
5835,Arjun Verma,Kolkata,West Bengal,2023-02-17
5836,Deepak Saha,Silchar,Assam,2023-11-07
5837,Vikram Choudhury,Lucknow,Uttar Pradesh,2024-02-18
5838,Aarav Yadav,Gurugram,Haryana,2021-09-07
5839,Krishna Iyer,Pune,Maharashtra,2022-08-29
5840,Rahul Verma,Coimbatore,Tamil Nadu,2021-07-10
5841,Akash Yadav,Silchar,Assam,2022-04-27
5842,Jyoti Gupta,Bengaluru,Karnataka,2022-10-16
5843,Neha Jain,Lucknow,Uttar Pradesh,2021-06-24
5844,Sneha Mehta,Bhubaneswar,Odisha,2025-05-30
5845,Pooja Yadav,Hyderabad,Telangana,2025-03-19
5846,Ananya Nair,Lucknow,Uttar Pradesh,2022-02-04
5847,Ananya Das,Hyderabad,Telangana,2024-04-20
5848,Manish Sharma,Mumbai,Maharashtra,2022-02-11
5849,Isha Bora,Hyderabad,Telangana,2025-03-20
5850,Deepak Mehta,Mumbai,Maharashtra,2025-08-01
5851,Manish Mishra,Shillong,Meghalaya,2026-05-05
5852,Aditya Reddy,Chennai,Tamil Nadu,2025-09-05
5853,Vivaan Roy,Mumbai,Maharashtra,2024-11-12
5854,Nikhil Kumar,Hyderabad,Telangana,2026-01-11
5855,Aditya Sharma,Hyderabad,Telangana,2021-07-08
5856,Vikram Iyer,Guwahati,Assam,2023-03-16
5857,Karan Singh,Bengaluru,Karnataka,2021-06-27
5858,Ishaan Nair,Gurugram,Haryana,2026-01-01
5859,Riya Reddy,Mumbai,Maharashtra,2023-07-05
5860,Deepak Mishra,Pune,Maharashtra,2024-06-11
5861,Sneha Verma,Bengaluru,Karnataka,2024-06-20
5862,Diya Yadav,Howrah,West Bengal,2021-01-31
5863,Meera Yadav,Bhubaneswar,Odisha,2023-05-31
5864,Reyansh Kumar,New Delhi,Delhi,2024-02-09
5865,Neha Saha,Howrah,West Bengal,2024-03-08
5866,Aditi Ghosh,Hyderabad,Telangana,2023-03-07
5867,Ishaan Yadav,Patna,Bihar,2023-12-18
5868,Kavya Mishra,Hyderabad,Telangana,2024-02-12
5869,Nikhil Choudhury,Nagpur,Maharashtra,2023-12-20
5870,Diya Sharma,Patna,Bihar,2021-05-29
5871,Meera Bora,Chennai,Tamil Nadu,2024-04-26
5872,Aditya Mishra,Chennai,Tamil Nadu,2025-09-25
5873,Aarav Saha,Hyderabad,Telangana,2023-02-12
5874,Aditya Dutta,Bengaluru,Karnataka,2021-02-15
5875,Pooja Iyer,Hyderabad,Telangana,2024-12-07
5876,Jyoti Jain,Hyderabad,Telangana,2026-05-28
5877,Ritu Bora,Surat,Gujarat,2025-08-29
5878,Aditya Yadav,Chennai,Tamil Nadu,2022-09-12
5879,Akash Mishra,Indore,Madhya Pradesh,2025-04-08
5880,Aditya Ghosh,Chennai,Tamil Nadu,2021-10-13
5881,Ananya Das,Chennai,Tamil Nadu,2023-11-12
5882,Rahul Singh,Kolkata,West Bengal,2023-07-25
5883,Sneha Nair,Lucknow,Uttar Pradesh,2021-10-10
5884,Sanjay Singh,Coimbatore,Tamil Nadu,2022-01-14
5885,Sanjay Yadav,Pune,Maharashtra,2024-10-10
5886,Aditi Mishra,Delhi,Delhi,2021-07-08
5887,Meera Mehta,Hyderabad,Telangana,2021-10-10
5888,Aditi Choudhury,Delhi,Delhi,2021-10-16
5889,Aditya Ghosh,Chennai,Tamil Nadu,2024-04-18
5890,Akash Mehta,Mumbai,Maharashtra,2024-12-19
5891,Rohan Dutta,Gurugram,Haryana,2023-01-21
5892,Diya Nair,Pune,Maharashtra,2024-02-08
5893,Deepak Verma,Chennai,Tamil Nadu,2025-09-03
5894,Kavya Dutta,Mysuru,Karnataka,2025-05-16
5895,Reyansh Dutta,Mumbai,Maharashtra,2024-03-29
5896,Sneha Sharma,Bhopal,Madhya Pradesh,2023-01-22
5897,Manish Verma,Gurugram,Haryana,2021-02-06
5898,Ishaan Reddy,Mumbai,Maharashtra,2023-03-29
5899,Vivaan Ghosh,Hyderabad,Telangana,2026-05-01
5900,Reyansh Mehta,Delhi,Delhi,2025-08-22
5901,Sai Jain,Indore,Madhya Pradesh,2023-08-21
5902,Aditi Reddy,Delhi,Delhi,2024-02-21
5903,Sanjay Mehta,Guwahati,Assam,2025-12-19
5904,Sneha Jain,Mumbai,Maharashtra,2021-07-02
5905,Deepak Jain,Lucknow,Uttar Pradesh,2026-02-12
5906,Rohan Ghosh,Delhi,Delhi,2024-11-11
5907,Meera Singh,Bengaluru,Karnataka,2021-10-07
5908,Riya Iyer,Coimbatore,Tamil Nadu,2026-03-28
5909,Vivaan Iyer,Mumbai,Maharashtra,2021-05-15
5910,Karan Verma,Shillong,Meghalaya,2024-08-06
5911,Diya Sharma,Pune,Maharashtra,2024-03-22
5912,Priya Das,Jaipur,Rajasthan,2025-09-25
5913,Aditya Reddy,Thiruvananthapuram,Kerala,2024-09-07
5914,Manish Verma,Delhi,Delhi,2021-06-15
5915,Deepak Ghosh,Chandigarh,Chandigarh,2022-04-11
5916,Reyansh Patel,Mumbai,Maharashtra,2024-03-12
5917,Aditya Roy,Mumbai,Maharashtra,2023-08-05
5918,Aarav Sharma,Surat,Gujarat,2024-10-25
5919,Akash Singh,Kochi,Kerala,2022-06-10
5920,Sanjay Nair,Indore,Madhya Pradesh,2024-03-21
5921,Karan Nair,Ahmedabad,Gujarat,2022-11-02
5922,Reyansh Mishra,New Delhi,Delhi,2024-08-15
5923,Neha Yadav,Howrah,West Bengal,2023-04-27
5924,Ritu Roy,Ahmedabad,Gujarat,2025-11-07
5925,Rohan Mehta,Chennai,Tamil Nadu,2024-05-03
5926,Arjun Roy,Kochi,Kerala,2025-04-18
5927,Aditi Jain,Bhopal,Madhya Pradesh,2021-06-30
5928,Sneha Patel,Dibrugarh,Assam,2026-06-25
5929,Riya Singh,Ranchi,Jharkhand,2025-07-19
5930,Manish Singh,New Delhi,Delhi,2025-04-28
5931,Vivaan Dutta,Mumbai,Maharashtra,2022-11-12
5932,Nikhil Saha,Chennai,Tamil Nadu,2024-02-24
5933,Sai Singh,Hyderabad,Telangana,2024-11-03
5934,Krishna Iyer,Kolkata,West Bengal,2022-08-31
5935,Pooja Gupta,Hyderabad,Telangana,2023-12-10
5936,Reyansh Roy,Chennai,Tamil Nadu,2026-02-24
5937,Ritu Mehta,Howrah,West Bengal,2023-04-11
5938,Vivaan Roy,Kochi,Kerala,2023-06-11
5939,Riya Gupta,Hyderabad,Telangana,2024-04-19
5940,Akash Nair,Thiruvananthapuram,Kerala,2022-05-30
5941,Krishna Yadav,Dibrugarh,Assam,2023-10-28
5942,Ananya Gupta,Bengaluru,Karnataka,2021-12-29
5943,Vikram Nair,Coimbatore,Tamil Nadu,2025-06-22
5944,Riya Verma,Hyderabad,Telangana,2021-10-10
5945,Priya Ghosh,Chennai,Tamil Nadu,2021-04-19
5946,Vivaan Kumar,Dibrugarh,Assam,2024-12-14
5947,Ananya Iyer,Chennai,Tamil Nadu,2024-06-23
5948,Isha Bora,Pune,Maharashtra,2026-05-22
5949,Manish Sharma,New Delhi,Delhi,2022-01-10
5950,Vikram Reddy,Surat,Gujarat,2024-01-13
5951,Arjun Verma,Guwahati,Assam,2022-10-27
5952,Rahul Sharma,Kolkata,West Bengal,2024-12-04
5953,Arjun Gupta,Lucknow,Uttar Pradesh,2024-05-13
5954,Arjun Ghosh,Pune,Maharashtra,2021-06-20
5955,Isha Das,Patna,Bihar,2026-04-12
5956,Aarav Dutta,Surat,Gujarat,2024-11-07
5957,Karan Ghosh,Chennai,Tamil Nadu,2022-08-28
5958,Nikhil Bora,Noida,Uttar Pradesh,2021-04-21
5959,Isha Saha,Delhi,Delhi,2021-02-18
5960,Ananya Mehta,Chennai,Tamil Nadu,2022-04-24
5961,Nikhil Bora,Noida,Uttar Pradesh,2021-06-20
5962,Aditya Dutta,Thiruvananthapuram,Kerala,2026-01-03
5963,Ananya Mishra,Delhi,Delhi,2026-01-20
5964,Vivaan Sharma,Chennai,Tamil Nadu,2026-05-25
5965,Pooja Verma,Delhi,Delhi,2023-05-06
5966,Ananya Patel,Pune,Maharashtra,2021-08-16
5967,Sai Iyer,Indore,Madhya Pradesh,2026-03-21
5968,Nikhil Mishra,Kochi,Kerala,2024-09-02
5969,Akash Saha,Bengaluru,Karnataka,2024-07-21
5970,Rahul Verma,Chennai,Tamil Nadu,2023-06-17
5971,Arjun Ghosh,Kochi,Kerala,2023-10-06
5972,Reyansh Ghosh,Gurugram,Haryana,2025-09-26
5973,Vikram Iyer,Surat,Gujarat,2021-04-12
5974,Nikhil Iyer,Gurugram,Haryana,2024-04-23
5975,Ishaan Singh,Lucknow,Uttar Pradesh,2026-02-14
5976,Rahul Saha,Mumbai,Maharashtra,2023-03-16
5977,Pooja Sharma,New Delhi,Delhi,2022-09-15
5978,Neha Das,New Delhi,Delhi,2026-01-12
5979,Reyansh Verma,Mumbai,Maharashtra,2022-12-15
5980,Vivaan Jain,Indore,Madhya Pradesh,2023-05-28
5981,Pooja Nair,Jaipur,Rajasthan,2026-06-15
5982,Rahul Saha,Mumbai,Maharashtra,2024-01-17
5983,Ishaan Reddy,Silchar,Assam,2026-05-11
5984,Akash Bora,Indore,Madhya Pradesh,2024-06-16
5985,Diya Gupta,Kochi,Kerala,2023-01-06
5986,Neha Reddy,Guwahati,Assam,2024-11-05
5987,Isha Singh,Delhi,Delhi,2023-01-11
5988,Sneha Mishra,Mumbai,Maharashtra,2023-04-15
5989,Jyoti Sharma,Shillong,Meghalaya,2021-01-27
5990,Vikram Yadav,Coimbatore,Tamil Nadu,2023-05-28
5991,Isha Ghosh,Mumbai,Maharashtra,2024-01-25
5992,Pooja Gupta,Kolkata,West Bengal,2021-04-01
5993,Rohan Dutta,Thiruvananthapuram,Kerala,2023-10-23
5994,Krishna Patel,Gurugram,Haryana,2026-05-13
5995,Rahul Mishra,Ahmedabad,Gujarat,2022-08-15
5996,Ritu Gupta,Noida,Uttar Pradesh,2023-02-07
5997,Sneha Ghosh,Mumbai,Maharashtra,2023-03-16
5998,Ritu Bora,Chennai,Tamil Nadu,2025-10-03
5999,Krishna Bora,Chennai,Tamil Nadu,2021-01-17
6000,Aarav Singh,Jaipur,Rajasthan,2025-08-24
6001,Ananya Mehta,Kolkata,West Bengal,2023-02-17
6002,Sai Nair,Nagpur,Maharashtra,2023-03-13
6003,Rohan Bora,Pune,Maharashtra,2024-01-06
6004,Sai Mishra,Surat,Gujarat,2024-07-09
6005,Ishaan Gupta,Gurugram,Haryana,2021-11-03
6006,Arjun Singh,Mysuru,Karnataka,2025-10-20
6007,Vivaan Mishra,Mumbai,Maharashtra,2025-06-01
6008,Akash Roy,Mumbai,Maharashtra,2026-01-08
6009,Diya Gupta,Bhopal,Madhya Pradesh,2021-04-06
6010,Riya Yadav,Mumbai,Maharashtra,2025-04-15
6011,Rohan Gupta,Silchar,Assam,2023-11-12
6012,Akash Das,Mumbai,Maharashtra,2025-12-21
6013,Priya Gupta,Pune,Maharashtra,2023-03-16
6014,Vikram Sharma,Patna,Bihar,2024-06-16
6015,Ananya Ghosh,Bengaluru,Karnataka,2024-10-21
6016,Neha Yadav,Chennai,Tamil Nadu,2025-11-30
6017,Priya Reddy,Patna,Bihar,2024-01-18
6018,Sai Singh,Indore,Madhya Pradesh,2025-10-29
6019,Neha Roy,Delhi,Delhi,2025-02-18
6020,Vivaan Gupta,Mysuru,Karnataka,2023-03-21
6021,Meera Bora,Kochi,Kerala,2022-05-08
6022,Karan Dutta,Patna,Bihar,2025-12-17
6023,Kavya Bora,Hyderabad,Telangana,2022-12-26
6024,Priya Sharma,Pune,Maharashtra,2023-08-05
6025,Aarav Ghosh,Noida,Uttar Pradesh,2021-09-16
6026,Diya Bora,Pune,Maharashtra,2025-06-29
6027,Riya Sharma,New Delhi,Delhi,2025-03-20
6028,Karan Bora,Delhi,Delhi,2023-06-03
6029,Aditi Bora,Pune,Maharashtra,2025-06-17
6030,Vikram Jain,Mumbai,Maharashtra,2026-02-01
6031,Neha Choudhury,Patna,Bihar,2023-12-06
6032,Diya Mishra,Gurugram,Haryana,2024-11-06
6033,Pooja Das,Pune,Maharashtra,2021-08-06
6034,Riya Iyer,Kolkata,West Bengal,2022-03-10
6035,Aditya Mishra,Chennai,Tamil Nadu,2024-02-02
6036,Manish Ghosh,Indore,Madhya Pradesh,2024-03-11
6037,Sai Das,Noida,Uttar Pradesh,2023-08-22
6038,Vivaan Verma,Chennai,Tamil Nadu,2023-11-25
6039,Ananya Gupta,Bhubaneswar,Odisha,2025-05-03
6040,Sanjay Saha,Kolkata,West Bengal,2025-04-17
6041,Riya Kumar,Indore,Madhya Pradesh,2021-05-18
6042,Kavya Mishra,Jaipur,Rajasthan,2021-11-13
6043,Sanjay Jain,Kolkata,West Bengal,2021-12-20
6044,Akash Nair,Bengaluru,Karnataka,2026-05-24
6045,Arjun Jain,Indore,Madhya Pradesh,2024-09-08
6046,Pooja Choudhury,Nagpur,Maharashtra,2025-01-19
6047,Sai Yadav,Delhi,Delhi,2021-04-21
6048,Riya Dutta,New Delhi,Delhi,2022-08-27
6049,Ishaan Dutta,Jaipur,Rajasthan,2025-09-14
6050,Vivaan Mehta,Lucknow,Uttar Pradesh,2021-11-15
6051,Sneha Mehta,Pune,Maharashtra,2022-07-25
6052,Reyansh Jain,Lucknow,Uttar Pradesh,2025-02-06
6053,Meera Iyer,Chandigarh,Chandigarh,2021-05-16
6054,Krishna Sharma,Surat,Gujarat,2024-12-26
6055,Jyoti Sharma,Lucknow,Uttar Pradesh,2025-02-15
6056,Krishna Verma,Nagpur,Maharashtra,2024-07-22
6057,Karan Dutta,Bengaluru,Karnataka,2025-01-03
6058,Reyansh Ghosh,New Delhi,Delhi,2021-09-26
6059,Vikram Dutta,Kolkata,West Bengal,2025-10-08
6060,Ishaan Iyer,Noida,Uttar Pradesh,2021-07-31
6061,Akash Dutta,Gurugram,Haryana,2021-03-26
6062,Ananya Verma,Kolkata,West Bengal,2023-05-06
6063,Krishna Sharma,Hyderabad,Telangana,2023-03-22
6064,Vivaan Iyer,Noida,Uttar Pradesh,2025-08-17
6065,Ishaan Ghosh,Gurugram,Haryana,2024-05-03
6066,Isha Mishra,Hyderabad,Telangana,2022-12-30
6067,Ishaan Dutta,Pune,Maharashtra,2024-01-06
6068,Aarav Bora,Bhubaneswar,Odisha,2024-11-01
6069,Meera Singh,Thiruvananthapuram,Kerala,2021-07-03
6070,Ritu Saha,Kolkata,West Bengal,2023-02-14
6071,Sai Mishra,Mumbai,Maharashtra,2026-04-20
6072,Krishna Das,Chandigarh,Chandigarh,2023-12-24
6073,Rohan Gupta,Shillong,Meghalaya,2021-03-01
6074,Riya Mehta,Bhopal,Madhya Pradesh,2025-02-28
6075,Isha Bora,Mumbai,Maharashtra,2023-03-04
6076,Sanjay Patel,Delhi,Delhi,2021-06-16
6077,Sneha Sharma,Shillong,Meghalaya,2023-05-10
6078,Isha Yadav,Kolkata,West Bengal,2023-01-22
6079,Deepak Roy,Guwahati,Assam,2026-06-08
6080,Isha Ghosh,Bhopal,Madhya Pradesh,2026-02-02
6081,Akash Verma,Kochi,Kerala,2025-12-02
6082,Isha Dutta,Coimbatore,Tamil Nadu,2024-12-05
6083,Sanjay Kumar,Pune,Maharashtra,2023-11-15
6084,Rahul Mishra,Chennai,Tamil Nadu,2021-05-04
6085,Sanjay Mehta,Bengaluru,Karnataka,2025-04-12
6086,Priya Roy,Bengaluru,Karnataka,2021-03-16
6087,Nikhil Nair,Coimbatore,Tamil Nadu,2022-02-07
6088,Karan Gupta,Jaipur,Rajasthan,2022-01-22
6089,Aarav Nair,Ahmedabad,Gujarat,2022-12-06
6090,Sai Ghosh,Lucknow,Uttar Pradesh,2023-02-11
6091,Sai Kumar,Delhi,Delhi,2025-09-30
6092,Deepak Das,Nagpur,Maharashtra,2025-12-12
6093,Reyansh Mehta,Pune,Maharashtra,2026-06-07
6094,Nikhil Dutta,New Delhi,Delhi,2023-04-22
6095,Ananya Yadav,Silchar,Assam,2025-02-22
6096,Nikhil Dutta,Noida,Uttar Pradesh,2022-06-30
6097,Ritu Jain,Pune,Maharashtra,2023-11-21
6098,Vivaan Yadav,Jaipur,Rajasthan,2026-05-10
6099,Aditi Saha,Gurugram,Haryana,2026-04-28
6100,Vikram Roy,Pune,Maharashtra,2024-06-29
6101,Manish Nair,Delhi,Delhi,2022-05-07
6102,Aditya Saha,Guwahati,Assam,2024-12-27
6103,Rohan Gupta,Ahmedabad,Gujarat,2023-02-18
6104,Sanjay Gupta,Delhi,Delhi,2022-11-25
6105,Rahul Ghosh,Guwahati,Assam,2025-01-14
6106,Akash Iyer,Kochi,Kerala,2022-01-18
6107,Riya Gupta,Lucknow,Uttar Pradesh,2023-01-17
6108,Krishna Verma,New Delhi,Delhi,2022-06-18
6109,Aditya Singh,Ranchi,Jharkhand,2022-05-09
6110,Ritu Jain,Gurugram,Haryana,2023-01-20
6111,Diya Mehta,Kolkata,West Bengal,2021-02-27
6112,Pooja Kumar,Chennai,Tamil Nadu,2023-08-15
6113,Nikhil Mehta,Silchar,Assam,2024-02-29
6114,Priya Kumar,Kolkata,West Bengal,2025-06-19
6115,Manish Mehta,Surat,Gujarat,2026-01-07
6116,Akash Reddy,Gurugram,Haryana,2026-04-15
6117,Ishaan Roy,Kochi,Kerala,2023-01-09
6118,Ritu Mehta,Chennai,Tamil Nadu,2023-08-26
6119,Manish Saha,Coimbatore,Tamil Nadu,2026-03-23
6120,Sanjay Singh,Patna,Bihar,2023-02-22
6121,Rohan Dutta,Hyderabad,Telangana,2026-01-30
6122,Rahul Iyer,Pune,Maharashtra,2022-12-04
6123,Vikram Sharma,Mumbai,Maharashtra,2024-11-29
6124,Deepak Saha,Ahmedabad,Gujarat,2026-03-11
6125,Kavya Singh,Silchar,Assam,2022-09-20
6126,Pooja Kumar,Ranchi,Jharkhand,2022-01-15
6127,Sanjay Iyer,Surat,Gujarat,2022-10-24
6128,Rahul Ghosh,Ahmedabad,Gujarat,2023-03-25
6129,Vikram Gupta,Delhi,Delhi,2025-10-14
6130,Rohan Dutta,Mumbai,Maharashtra,2025-11-17
6131,Karan Mishra,Bengaluru,Karnataka,2025-05-11
6132,Sai Kumar,Thiruvananthapuram,Kerala,2022-06-29
6133,Rahul Verma,Nagpur,Maharashtra,2025-07-25
6134,Rohan Yadav,Thiruvananthapuram,Kerala,2026-05-08
6135,Sanjay Bora,Surat,Gujarat,2022-05-23
6136,Arjun Nair,Shillong,Meghalaya,2025-07-31
6137,Rahul Patel,Patna,Bihar,2025-12-20
6138,Priya Mishra,Gurugram,Haryana,2021-04-25
6139,Pooja Ghosh,Hyderabad,Telangana,2024-09-09
6140,Vikram Sharma,New Delhi,Delhi,2026-05-23
6141,Nikhil Das,Mumbai,Maharashtra,2024-08-15
6142,Deepak Iyer,Kolkata,West Bengal,2023-12-24
6143,Vikram Das,Silchar,Assam,2021-10-18
6144,Riya Ghosh,Pune,Maharashtra,2025-02-03
6145,Riya Mehta,Pune,Maharashtra,2026-03-25
6146,Diya Mehta,Mysuru,Karnataka,2022-03-05
6147,Meera Jain,Chandigarh,Chandigarh,2021-12-27
6148,Rohan Choudhury,Patna,Bihar,2022-06-16
6149,Krishna Bora,Mumbai,Maharashtra,2023-10-16
6150,Deepak Sharma,Indore,Madhya Pradesh,2026-03-28
6151,Sanjay Reddy,Noida,Uttar Pradesh,2023-04-22
6152,Reyansh Gupta,Indore,Madhya Pradesh,2025-08-08
6153,Priya Dutta,Guwahati,Assam,2023-08-06
6154,Nikhil Reddy,Surat,Gujarat,2023-03-31
6155,Priya Sharma,Hyderabad,Telangana,2022-02-04
6156,Vivaan Verma,Pune,Maharashtra,2026-02-09
6157,Karan Iyer,Dibrugarh,Assam,2024-07-12
6158,Priya Yadav,Ranchi,Jharkhand,2025-07-25
6159,Vikram Iyer,Mumbai,Maharashtra,2026-03-15
6160,Nikhil Verma,Mysuru,Karnataka,2023-11-30
6161,Reyansh Choudhury,Mumbai,Maharashtra,2026-03-01
6162,Manish Dutta,Indore,Madhya Pradesh,2021-12-31
6163,Ananya Ghosh,Mumbai,Maharashtra,2022-01-17
6164,Krishna Das,Lucknow,Uttar Pradesh,2026-04-21
6165,Rahul Gupta,Hyderabad,Telangana,2024-05-22
6166,Sanjay Das,Kochi,Kerala,2024-11-18
6167,Pooja Kumar,Bhubaneswar,Odisha,2022-03-22
6168,Karan Singh,Howrah,West Bengal,2024-07-09
6169,Vikram Verma,Kolkata,West Bengal,2021-12-03
6170,Isha Saha,Delhi,Delhi,2022-02-10
6171,Reyansh Jain,Chennai,Tamil Nadu,2024-12-23
6172,Vikram Sharma,Patna,Bihar,2021-12-27
6173,Neha Choudhury,Surat,Gujarat,2022-01-17
6174,Reyansh Iyer,Patna,Bihar,2022-12-06
6175,Deepak Patel,Kochi,Kerala,2022-12-23
6176,Sai Dutta,Guwahati,Assam,2021-10-31
6177,Deepak Ghosh,Lucknow,Uttar Pradesh,2025-04-28
6178,Krishna Jain,New Delhi,Delhi,2024-06-15
6179,Aarav Nair,Surat,Gujarat,2021-12-23
6180,Karan Gupta,Chennai,Tamil Nadu,2023-08-29
6181,Reyansh Gupta,Patna,Bihar,2022-04-07
6182,Kavya Iyer,Hyderabad,Telangana,2021-06-28
6183,Isha Singh,Kochi,Kerala,2023-08-20
6184,Priya Verma,Guwahati,Assam,2024-02-03
6185,Aditi Choudhury,Kolkata,West Bengal,2023-03-08
6186,Pooja Jain,Patna,Bihar,2021-09-05
6187,Ritu Patel,Ranchi,Jharkhand,2025-08-27
6188,Aarav Choudhury,Chennai,Tamil Nadu,2021-07-22
6189,Arjun Iyer,Nagpur,Maharashtra,2023-03-23
6190,Deepak Yadav,Lucknow,Uttar Pradesh,2026-05-05
6191,Riya Yadav,New Delhi,Delhi,2026-05-26
6192,Karan Singh,Jaipur,Rajasthan,2022-01-10
6193,Nikhil Roy,Kochi,Kerala,2023-10-07
6194,Rohan Yadav,Silchar,Assam,2025-04-10
6195,Isha Choudhury,Indore,Madhya Pradesh,2025-05-16
6196,Pooja Mehta,Delhi,Delhi,2023-06-26
6197,Krishna Dutta,Nagpur,Maharashtra,2022-03-06
6198,Vikram Jain,Delhi,Delhi,2021-11-27
6199,Pooja Saha,Mumbai,Maharashtra,2021-08-06
6200,Diya Yadav,Bengaluru,Karnataka,2021-11-12
6201,Manish Mishra,Thiruvananthapuram,Kerala,2025-10-24
6202,Nikhil Bora,Delhi,Delhi,2025-07-29
6203,Diya Kumar,Delhi,Delhi,2026-05-17
6204,Deepak Saha,Mumbai,Maharashtra,2022-01-10
6205,Krishna Iyer,Thiruvananthapuram,Kerala,2022-11-23
6206,Isha Gupta,Lucknow,Uttar Pradesh,2026-01-18
6207,Sanjay Choudhury,Bhopal,Madhya Pradesh,2024-07-25
6208,Aditya Das,Indore,Madhya Pradesh,2022-05-17
6209,Isha Choudhury,Howrah,West Bengal,2022-07-11
6210,Ishaan Sharma,Bengaluru,Karnataka,2025-08-23
6211,Ishaan Yadav,Kolkata,West Bengal,2022-10-08
6212,Arjun Yadav,Kochi,Kerala,2025-05-01
6213,Akash Singh,Mysuru,Karnataka,2021-01-28
6214,Sai Kumar,New Delhi,Delhi,2023-03-01
6215,Sanjay Nair,Lucknow,Uttar Pradesh,2023-11-08
6216,Neha Choudhury,Lucknow,Uttar Pradesh,2022-04-15
6217,Aditya Reddy,Lucknow,Uttar Pradesh,2023-03-02
6218,Sneha Verma,Gurugram,Haryana,2025-06-08
6219,Neha Singh,Chennai,Tamil Nadu,2022-05-30
6220,Jyoti Singh,Ranchi,Jharkhand,2026-04-03
6221,Manish Mehta,Chennai,Tamil Nadu,2023-05-27
6222,Pooja Reddy,Pune,Maharashtra,2024-03-05
6223,Aarav Mishra,Chennai,Tamil Nadu,2022-07-11
6224,Neha Kumar,Dibrugarh,Assam,2021-07-07
6225,Neha Reddy,Surat,Gujarat,2022-03-10
6226,Diya Bora,Hyderabad,Telangana,2023-10-15
6227,Aarav Dutta,Mumbai,Maharashtra,2025-07-04
6228,Meera Bora,Mumbai,Maharashtra,2021-12-12
6229,Aditi Choudhury,Lucknow,Uttar Pradesh,2021-05-26
6230,Nikhil Singh,Pune,Maharashtra,2025-02-01
6231,Krishna Mishra,Delhi,Delhi,2021-05-31
6232,Meera Saha,Bengaluru,Karnataka,2025-01-07
6233,Neha Ghosh,Hyderabad,Telangana,2023-12-26
6234,Kavya Choudhury,Hyderabad,Telangana,2024-03-05
6235,Meera Choudhury,New Delhi,Delhi,2021-12-04
6236,Aditya Saha,Guwahati,Assam,2022-04-19
6237,Reyansh Ghosh,Thiruvananthapuram,Kerala,2022-01-15
6238,Pooja Sharma,Lucknow,Uttar Pradesh,2024-10-14
6239,Karan Mishra,Kolkata,West Bengal,2022-11-26
6240,Aditi Choudhury,Kochi,Kerala,2024-01-01
6241,Diya Gupta,Lucknow,Uttar Pradesh,2023-05-11
6242,Krishna Mishra,Bhopal,Madhya Pradesh,2026-04-01
6243,Karan Nair,Guwahati,Assam,2024-12-01
6244,Aditya Kumar,New Delhi,Delhi,2024-05-19
6245,Aarav Jain,Chennai,Tamil Nadu,2022-01-21
6246,Neha Reddy,Lucknow,Uttar Pradesh,2025-05-28
6247,Reyansh Verma,Delhi,Delhi,2021-09-13
6248,Aditya Iyer,Delhi,Delhi,2024-04-15
6249,Diya Choudhury,Bhopal,Madhya Pradesh,2025-05-06
6250,Rahul Mishra,Ranchi,Jharkhand,2022-07-12
6251,Vikram Nair,Lucknow,Uttar Pradesh,2025-06-26
6252,Vivaan Sharma,Kolkata,West Bengal,2024-12-27
6253,Riya Ghosh,Delhi,Delhi,2026-06-06
6254,Riya Roy,Coimbatore,Tamil Nadu,2022-09-26
6255,Neha Ghosh,Kolkata,West Bengal,2022-09-02
6256,Rahul Singh,Surat,Gujarat,2026-03-07
6257,Isha Iyer,Hyderabad,Telangana,2022-02-17
6258,Rohan Reddy,Hyderabad,Telangana,2021-03-11
6259,Ishaan Iyer,Mumbai,Maharashtra,2023-04-13
6260,Sneha Patel,Mysuru,Karnataka,2022-03-28
6261,Isha Mehta,Mumbai,Maharashtra,2025-02-22
6262,Sai Ghosh,Ahmedabad,Gujarat,2024-06-16
6263,Akash Mishra,Hyderabad,Telangana,2021-08-14
6264,Neha Kumar,Lucknow,Uttar Pradesh,2021-10-09
6265,Vivaan Iyer,New Delhi,Delhi,2022-02-26
6266,Aarav Bora,Surat,Gujarat,2025-01-12
6267,Sai Jain,Chennai,Tamil Nadu,2021-08-14
6268,Nikhil Patel,Delhi,Delhi,2023-04-27
6269,Aditya Reddy,Hyderabad,Telangana,2022-04-26
6270,Kavya Saha,Jaipur,Rajasthan,2026-02-20
6271,Neha Reddy,Indore,Madhya Pradesh,2025-09-18
6272,Vikram Nair,Jaipur,Rajasthan,2022-12-16
6273,Ishaan Nair,Hyderabad,Telangana,2023-06-10
6274,Rohan Nair,Kochi,Kerala,2025-03-24
6275,Karan Mehta,Chandigarh,Chandigarh,2022-09-22
6276,Akash Nair,Patna,Bihar,2025-06-10
6277,Neha Saha,Jaipur,Rajasthan,2023-03-22
6278,Aditi Gupta,Surat,Gujarat,2025-03-23
6279,Ritu Mehta,Bhopal,Madhya Pradesh,2026-04-19
6280,Rahul Gupta,Bengaluru,Karnataka,2023-07-13
6281,Akash Roy,Ahmedabad,Gujarat,2022-07-07
6282,Pooja Yadav,Bengaluru,Karnataka,2023-12-13
6283,Vivaan Mishra,Delhi,Delhi,2022-04-05
6284,Reyansh Saha,Chennai,Tamil Nadu,2023-05-11
6285,Vikram Patel,Gurugram,Haryana,2025-01-21
6286,Deepak Yadav,Thiruvananthapuram,Kerala,2024-10-02
6287,Kavya Mishra,Lucknow,Uttar Pradesh,2025-12-13
6288,Arjun Gupta,Indore,Madhya Pradesh,2022-07-07
6289,Aarav Mishra,Delhi,Delhi,2026-06-05
6290,Karan Bora,Hyderabad,Telangana,2021-05-06
6291,Pooja Verma,Pune,Maharashtra,2023-09-08
6292,Akash Jain,Kolkata,West Bengal,2022-09-10
6293,Jyoti Roy,Chennai,Tamil Nadu,2022-08-11
6294,Sanjay Mishra,Chennai,Tamil Nadu,2023-08-26
6295,Reyansh Verma,Nagpur,Maharashtra,2025-05-12
6296,Rahul Mehta,Bengaluru,Karnataka,2021-03-29
6297,Rahul Kumar,Ahmedabad,Gujarat,2025-10-04
6298,Manish Saha,Dibrugarh,Assam,2021-10-31
6299,Deepak Sharma,New Delhi,Delhi,2021-04-22
6300,Ritu Iyer,Delhi,Delhi,2025-02-18
6301,Arjun Patel,Pune,Maharashtra,2025-05-14
6302,Ananya Kumar,Gurugram,Haryana,2023-08-04
6303,Karan Saha,Indore,Madhya Pradesh,2023-12-19
6304,Neha Reddy,Coimbatore,Tamil Nadu,2022-11-09
6305,Sneha Sharma,Jaipur,Rajasthan,2025-09-16
6306,Sanjay Singh,Ahmedabad,Gujarat,2023-06-01
6307,Krishna Singh,Silchar,Assam,2024-06-02
6308,Riya Nair,Bengaluru,Karnataka,2023-01-09
6309,Ananya Kumar,Delhi,Delhi,2024-11-25
6310,Aditya Gupta,Coimbatore,Tamil Nadu,2021-06-23
6311,Diya Verma,Dibrugarh,Assam,2024-02-02
6312,Akash Bora,Guwahati,Assam,2022-08-31
6313,Sai Dutta,Delhi,Delhi,2023-04-15
6314,Krishna Nair,Mumbai,Maharashtra,2022-05-25
6315,Rohan Roy,Hyderabad,Telangana,2022-01-11
6316,Aarav Nair,New Delhi,Delhi,2021-08-09
6317,Karan Mishra,New Delhi,Delhi,2023-07-13
6318,Karan Kumar,Hyderabad,Telangana,2025-02-27
6319,Deepak Sharma,Patna,Bihar,2024-01-12
6320,Akash Reddy,Mumbai,Maharashtra,2025-06-09
6321,Reyansh Mishra,Gurugram,Haryana,2026-01-12
6322,Pooja Mishra,Indore,Madhya Pradesh,2023-02-21
6323,Akash Singh,Kochi,Kerala,2021-11-10
6324,Sneha Ghosh,Lucknow,Uttar Pradesh,2026-06-15
6325,Priya Mehta,Guwahati,Assam,2021-05-12
6326,Rahul Patel,Delhi,Delhi,2021-03-18
6327,Reyansh Gupta,Bhopal,Madhya Pradesh,2021-04-30
6328,Deepak Iyer,Ahmedabad,Gujarat,2025-06-09
6329,Sai Yadav,Kochi,Kerala,2021-12-01
6330,Meera Kumar,Jaipur,Rajasthan,2022-07-29
6331,Pooja Reddy,Chennai,Tamil Nadu,2023-07-08
6332,Vikram Bora,Gurugram,Haryana,2025-03-24
6333,Kavya Dutta,Delhi,Delhi,2021-10-01
6334,Aarav Dutta,Jaipur,Rajasthan,2022-04-24
6335,Isha Mishra,Mumbai,Maharashtra,2022-11-08
6336,Krishna Sharma,Thiruvananthapuram,Kerala,2022-03-18
6337,Krishna Mehta,New Delhi,Delhi,2022-03-26
6338,Aditya Das,Hyderabad,Telangana,2023-06-23
6339,Sanjay Ghosh,Lucknow,Uttar Pradesh,2023-05-27
6340,Aarav Ghosh,Chennai,Tamil Nadu,2025-07-29
6341,Pooja Choudhury,Indore,Madhya Pradesh,2021-10-18
6342,Pooja Reddy,Jaipur,Rajasthan,2022-12-13
6343,Vivaan Bora,Bengaluru,Karnataka,2025-03-13
6344,Krishna Verma,Bengaluru,Karnataka,2023-01-29
6345,Sai Gupta,Pune,Maharashtra,2026-01-25
6346,Pooja Mehta,Gurugram,Haryana,2024-02-13
6347,Ishaan Sharma,Ranchi,Jharkhand,2021-12-16
6348,Vikram Dutta,New Delhi,Delhi,2025-01-07
6349,Rahul Ghosh,Mumbai,Maharashtra,2024-01-12
6350,Sanjay Mishra,Mumbai,Maharashtra,2026-06-15
6351,Vikram Sharma,Ranchi,Jharkhand,2025-06-21
6352,Sai Bora,Pune,Maharashtra,2025-01-09
6353,Rahul Verma,Lucknow,Uttar Pradesh,2021-09-29
6354,Priya Roy,Indore,Madhya Pradesh,2021-04-30
6355,Nikhil Yadav,Silchar,Assam,2022-06-15
6356,Arjun Choudhury,Kolkata,West Bengal,2025-05-09
6357,Sneha Reddy,Lucknow,Uttar Pradesh,2024-11-16
6358,Arjun Saha,Bhopal,Madhya Pradesh,2023-04-28
6359,Vikram Bora,Patna,Bihar,2024-05-15
6360,Isha Iyer,Dibrugarh,Assam,2021-04-13
6361,Riya Ghosh,Lucknow,Uttar Pradesh,2022-04-11
6362,Sneha Dutta,Delhi,Delhi,2024-10-19
6363,Vikram Singh,Chennai,Tamil Nadu,2025-11-22
6364,Aditi Verma,Delhi,Delhi,2022-10-11
6365,Sanjay Reddy,Ranchi,Jharkhand,2024-04-12
6366,Riya Nair,Coimbatore,Tamil Nadu,2025-04-02
6367,Kavya Dutta,Gurugram,Haryana,2026-02-17
6368,Ishaan Patel,Kochi,Kerala,2023-09-22
6369,Aditya Bora,Hyderabad,Telangana,2025-04-25
6370,Aditya Verma,Pune,Maharashtra,2021-06-23
6371,Kavya Verma,Nagpur,Maharashtra,2023-07-27
6372,Karan Yadav,New Delhi,Delhi,2022-12-11
6373,Manish Saha,Hyderabad,Telangana,2026-02-24
6374,Akash Singh,Mumbai,Maharashtra,2026-02-20
6375,Ritu Choudhury,Hyderabad,Telangana,2021-04-12
6376,Sanjay Gupta,Bengaluru,Karnataka,2021-03-15
6377,Arjun Mishra,Surat,Gujarat,2022-12-23
6378,Rohan Iyer,Kochi,Kerala,2024-06-18
6379,Manish Das,Delhi,Delhi,2022-10-14
6380,Sai Dutta,Kolkata,West Bengal,2021-12-20
6381,Isha Mehta,Guwahati,Assam,2026-04-21
6382,Priya Bora,Bengaluru,Karnataka,2024-02-16
6383,Ritu Nair,Delhi,Delhi,2023-01-09
6384,Isha Bora,Delhi,Delhi,2021-08-20
6385,Nikhil Mehta,Chennai,Tamil Nadu,2022-10-19
6386,Isha Patel,Surat,Gujarat,2024-08-16
6387,Manish Sharma,Guwahati,Assam,2025-02-24
6388,Krishna Patel,Noida,Uttar Pradesh,2025-07-31
6389,Rahul Ghosh,Kochi,Kerala,2022-08-26
6390,Aarav Nair,Indore,Madhya Pradesh,2025-09-04
6391,Sneha Jain,Kolkata,West Bengal,2023-11-29
6392,Ananya Sharma,Surat,Gujarat,2026-03-05
6393,Sanjay Bora,Bengaluru,Karnataka,2021-02-12
6394,Aditi Kumar,Mumbai,Maharashtra,2023-02-06
6395,Diya Singh,Bhubaneswar,Odisha,2024-11-02
6396,Ananya Patel,Jaipur,Rajasthan,2025-11-27
6397,Sneha Mehta,Patna,Bihar,2023-07-07
6398,Sai Kumar,Jaipur,Rajasthan,2026-01-25
6399,Krishna Bora,Hyderabad,Telangana,2024-09-09
6400,Manish Reddy,Kochi,Kerala,2024-05-09
6401,Sai Ghosh,Hyderabad,Telangana,2022-07-03
6402,Ananya Bora,Silchar,Assam,2023-08-30
6403,Neha Dutta,Delhi,Delhi,2023-01-05
6404,Akash Kumar,Mumbai,Maharashtra,2021-06-14
6405,Reyansh Saha,Chennai,Tamil Nadu,2021-06-21
6406,Diya Mishra,Nagpur,Maharashtra,2024-09-01
6407,Reyansh Mishra,Gurugram,Haryana,2021-11-19
6408,Ananya Roy,Bengaluru,Karnataka,2021-05-27
6409,Neha Reddy,New Delhi,Delhi,2021-11-07
6410,Karan Mishra,Mysuru,Karnataka,2024-09-23
6411,Ishaan Ghosh,Coimbatore,Tamil Nadu,2023-06-12
6412,Reyansh Roy,Lucknow,Uttar Pradesh,2025-07-22
6413,Manish Nair,Delhi,Delhi,2024-06-28
6414,Sai Verma,Lucknow,Uttar Pradesh,2026-05-08
6415,Ananya Mehta,Hyderabad,Telangana,2021-06-05
6416,Jyoti Yadav,Jaipur,Rajasthan,2021-02-25
6417,Krishna Das,Chennai,Tamil Nadu,2022-02-03
6418,Pooja Verma,New Delhi,Delhi,2024-01-08
6419,Riya Gupta,Mumbai,Maharashtra,2024-03-21
6420,Aditya Singh,Gurugram,Haryana,2021-11-18
6421,Arjun Bora,Delhi,Delhi,2021-11-07
6422,Manish Nair,Patna,Bihar,2023-02-02
6423,Akash Das,Kolkata,West Bengal,2026-02-11
6424,Reyansh Roy,Gurugram,Haryana,2024-01-08
6425,Sneha Kumar,Ahmedabad,Gujarat,2024-01-03
6426,Arjun Mishra,Bengaluru,Karnataka,2021-01-18
6427,Rohan Yadav,Pune,Maharashtra,2022-11-01
6428,Rahul Nair,Ahmedabad,Gujarat,2023-03-09
6429,Deepak Sharma,Bhubaneswar,Odisha,2025-09-11
6430,Sai Mishra,Mumbai,Maharashtra,2023-03-07
6431,Vikram Choudhury,Dibrugarh,Assam,2026-02-19
6432,Sneha Gupta,Hyderabad,Telangana,2023-12-11
6433,Ananya Kumar,Bhopal,Madhya Pradesh,2023-12-03
6434,Ritu Kumar,Jaipur,Rajasthan,2022-08-01
6435,Manish Das,Chandigarh,Chandigarh,2025-05-07
6436,Reyansh Patel,Surat,Gujarat,2025-01-23
6437,Arjun Saha,Bengaluru,Karnataka,2022-01-05
6438,Meera Dutta,Delhi,Delhi,2026-03-20
6439,Sai Sharma,Delhi,Delhi,2022-01-31
6440,Vivaan Nair,Mysuru,Karnataka,2021-05-11
6441,Riya Patel,Delhi,Delhi,2022-06-03
6442,Rahul Choudhury,Patna,Bihar,2021-08-19
6443,Akash Mishra,Shillong,Meghalaya,2026-02-22
6444,Ritu Das,Patna,Bihar,2024-12-04
6445,Aditi Ghosh,Pune,Maharashtra,2025-11-02
6446,Meera Mishra,Delhi,Delhi,2025-04-07
6447,Aditi Mehta,Jaipur,Rajasthan,2026-06-24
6448,Arjun Bora,Ahmedabad,Gujarat,2023-12-15
6449,Arjun Yadav,Kolkata,West Bengal,2022-02-12
6450,Akash Roy,Mumbai,Maharashtra,2022-03-26
6451,Manish Bora,Hyderabad,Telangana,2021-02-12
6452,Aarav Iyer,Gurugram,Haryana,2021-05-08
6453,Sai Yadav,Dibrugarh,Assam,2025-03-12
6454,Isha Patel,Chennai,Tamil Nadu,2024-01-20
6455,Ananya Verma,Indore,Madhya Pradesh,2021-01-08
6456,Rohan Gupta,Chennai,Tamil Nadu,2022-01-03
6457,Ishaan Yadav,Guwahati,Assam,2026-01-16
6458,Diya Yadav,Gurugram,Haryana,2026-03-31
6459,Meera Saha,Noida,Uttar Pradesh,2026-03-10
6460,Neha Saha,Delhi,Delhi,2025-05-14
6461,Isha Yadav,Mumbai,Maharashtra,2023-07-13
6462,Deepak Ghosh,Noida,Uttar Pradesh,2021-12-02
6463,Ishaan Gupta,Bhubaneswar,Odisha,2026-03-27
6464,Akash Patel,Delhi,Delhi,2024-02-13
6465,Aditi Kumar,Guwahati,Assam,2023-10-25
6466,Krishna Patel,Lucknow,Uttar Pradesh,2025-12-13
6467,Akash Singh,Ranchi,Jharkhand,2023-04-15
6468,Arjun Yadav,Kolkata,West Bengal,2024-07-24
6469,Deepak Kumar,Silchar,Assam,2025-03-17
6470,Arjun Gupta,Delhi,Delhi,2023-07-21
6471,Pooja Das,Hyderabad,Telangana,2022-09-17
6472,Krishna Dutta,Mumbai,Maharashtra,2021-06-02
6473,Sai Patel,Lucknow,Uttar Pradesh,2025-06-09
6474,Aditi Dutta,Guwahati,Assam,2025-01-08
6475,Ritu Jain,Pune,Maharashtra,2024-01-13
6476,Diya Bora,Gurugram,Haryana,2022-04-04
6477,Manish Singh,Kolkata,West Bengal,2024-05-13
6478,Karan Sharma,Howrah,West Bengal,2022-10-29
6479,Sneha Choudhury,Hyderabad,Telangana,2026-01-09
6480,Vivaan Roy,Coimbatore,Tamil Nadu,2024-08-25
6481,Diya Mishra,Bhubaneswar,Odisha,2025-01-21
6482,Akash Yadav,Delhi,Delhi,2024-07-24
6483,Jyoti Mehta,Howrah,West Bengal,2025-10-20
6484,Aditi Dutta,Bengaluru,Karnataka,2021-06-03
6485,Meera Das,Kolkata,West Bengal,2023-06-30
6486,Karan Das,Kolkata,West Bengal,2023-10-28
6487,Meera Mishra,Chennai,Tamil Nadu,2024-04-30
6488,Ishaan Yadav,Indore,Madhya Pradesh,2024-08-10
6489,Nikhil Choudhury,Noida,Uttar Pradesh,2022-12-18
6490,Aarav Dutta,Delhi,Delhi,2024-10-15
6491,Diya Kumar,Gurugram,Haryana,2023-02-11
6492,Sai Saha,Howrah,West Bengal,2025-04-14
6493,Deepak Das,Indore,Madhya Pradesh,2024-03-23
6494,Krishna Nair,Nagpur,Maharashtra,2023-07-07
6495,Neha Bora,Jaipur,Rajasthan,2024-04-29
6496,Aditi Mehta,Chennai,Tamil Nadu,2022-04-03
6497,Jyoti Sharma,Lucknow,Uttar Pradesh,2024-07-10
6498,Rahul Dutta,Bhubaneswar,Odisha,2025-02-20
6499,Aarav Ghosh,Surat,Gujarat,2024-05-29
6500,Reyansh Saha,Bengaluru,Karnataka,2023-09-01
6501,Rahul Singh,Hyderabad,Telangana,2024-04-23
6502,Aditi Kumar,Bhubaneswar,Odisha,2024-03-21
6503,Aarav Yadav,Kolkata,West Bengal,2024-02-26
6504,Rahul Choudhury,Patna,Bihar,2023-07-26
6505,Nikhil Saha,Bengaluru,Karnataka,2022-12-22
6506,Isha Mehta,Indore,Madhya Pradesh,2022-08-06
6507,Krishna Saha,Pune,Maharashtra,2023-11-09
6508,Rahul Das,Ranchi,Jharkhand,2025-10-01
6509,Rahul Ghosh,Hyderabad,Telangana,2022-05-12
6510,Ananya Patel,Howrah,West Bengal,2024-07-14
6511,Riya Yadav,Coimbatore,Tamil Nadu,2024-04-05
6512,Rahul Mishra,Pune,Maharashtra,2023-02-19
6513,Rahul Reddy,Howrah,West Bengal,2022-06-28
6514,Sai Jain,Mumbai,Maharashtra,2024-05-23
6515,Aarav Reddy,Ranchi,Jharkhand,2025-11-29
6516,Deepak Verma,Kochi,Kerala,2021-08-31
6517,Priya Verma,Delhi,Delhi,2021-10-13
6518,Riya Saha,Coimbatore,Tamil Nadu,2022-08-17
6519,Deepak Yadav,Guwahati,Assam,2021-02-07
6520,Deepak Mehta,Delhi,Delhi,2023-12-31
6521,Pooja Gupta,Chennai,Tamil Nadu,2021-08-02
6522,Riya Mishra,Mumbai,Maharashtra,2025-12-02
6523,Nikhil Verma,Ahmedabad,Gujarat,2025-11-27
6524,Nikhil Yadav,Chennai,Tamil Nadu,2022-09-17
6525,Aditi Choudhury,Ahmedabad,Gujarat,2024-06-21
6526,Manish Das,Bengaluru,Karnataka,2025-10-17
6527,Ritu Gupta,Ahmedabad,Gujarat,2023-05-02
6528,Priya Iyer,Mumbai,Maharashtra,2026-03-11
6529,Aarav Patel,Silchar,Assam,2021-04-07
6530,Manish Kumar,Mumbai,Maharashtra,2022-12-08
6531,Arjun Mishra,Bhubaneswar,Odisha,2023-04-06
6532,Aditi Iyer,Guwahati,Assam,2025-05-14
6533,Vikram Iyer,Lucknow,Uttar Pradesh,2021-02-05
6534,Riya Mehta,Coimbatore,Tamil Nadu,2021-07-18
6535,Deepak Ghosh,Bhubaneswar,Odisha,2022-01-28
6536,Ritu Nair,Kochi,Kerala,2024-09-23
6537,Vivaan Jain,Hyderabad,Telangana,2024-03-12
6538,Manish Sharma,Bhubaneswar,Odisha,2026-02-15
6539,Sneha Bora,Lucknow,Uttar Pradesh,2023-12-24
6540,Sanjay Verma,Hyderabad,Telangana,2024-08-09
6541,Pooja Patel,Mumbai,Maharashtra,2024-07-16
6542,Karan Das,Hyderabad,Telangana,2025-12-25
6543,Vikram Nair,Mumbai,Maharashtra,2022-07-10
6544,Rohan Dutta,Bengaluru,Karnataka,2026-06-08
6545,Vivaan Kumar,Surat,Gujarat,2026-04-06
6546,Ananya Roy,Kolkata,West Bengal,2024-09-24
6547,Isha Iyer,Ahmedabad,Gujarat,2026-03-18
6548,Vivaan Kumar,Delhi,Delhi,2026-04-10
6549,Reyansh Das,Delhi,Delhi,2025-05-13
6550,Aditi Saha,Mysuru,Karnataka,2022-12-06
6551,Reyansh Reddy,Hyderabad,Telangana,2023-09-06
6552,Sai Bora,Dibrugarh,Assam,2025-04-23
6553,Arjun Saha,Shillong,Meghalaya,2022-01-06
6554,Krishna Nair,Mumbai,Maharashtra,2022-04-29
6555,Rohan Choudhury,Hyderabad,Telangana,2021-03-02
6556,Isha Nair,Mysuru,Karnataka,2026-01-19
6557,Sanjay Reddy,Ahmedabad,Gujarat,2024-11-03
6558,Aditi Roy,Chennai,Tamil Nadu,2022-04-02
6559,Ritu Gupta,Mysuru,Karnataka,2021-07-17
6560,Aarav Choudhury,Howrah,West Bengal,2022-10-03
6561,Reyansh Nair,Bhopal,Madhya Pradesh,2026-06-09
6562,Krishna Das,Chennai,Tamil Nadu,2022-12-14
6563,Ritu Saha,Delhi,Delhi,2025-08-25
6564,Ishaan Kumar,Mumbai,Maharashtra,2025-02-26
6565,Aditya Singh,Nagpur,Maharashtra,2022-01-14
6566,Sneha Gupta,Dibrugarh,Assam,2025-05-15
6567,Reyansh Ghosh,Silchar,Assam,2024-08-03
6568,Pooja Mehta,Kolkata,West Bengal,2023-05-22
6569,Manish Gupta,Ahmedabad,Gujarat,2024-01-23
6570,Ananya Reddy,Jaipur,Rajasthan,2024-02-13
6571,Sai Mishra,Ahmedabad,Gujarat,2021-12-17
6572,Nikhil Iyer,Lucknow,Uttar Pradesh,2021-12-15
6573,Ananya Das,Delhi,Delhi,2025-10-26
6574,Kavya Reddy,Hyderabad,Telangana,2026-06-25
6575,Aditya Ghosh,Kolkata,West Bengal,2024-06-13
6576,Vikram Verma,Mumbai,Maharashtra,2022-11-20
6577,Vivaan Iyer,Howrah,West Bengal,2024-07-28
6578,Rohan Ghosh,Mysuru,Karnataka,2021-07-09
6579,Sneha Gupta,Hyderabad,Telangana,2022-07-06
6580,Krishna Iyer,Bhubaneswar,Odisha,2024-07-31
6581,Priya Jain,Patna,Bihar,2022-09-02
6582,Manish Nair,Gurugram,Haryana,2025-10-14
6583,Ritu Ghosh,Pune,Maharashtra,2025-06-05
6584,Rahul Mishra,Nagpur,Maharashtra,2024-04-04
6585,Rahul Saha,Kolkata,West Bengal,2022-06-17
6586,Ishaan Choudhury,New Delhi,Delhi,2022-11-14
6587,Ishaan Patel,Kolkata,West Bengal,2021-03-04
6588,Meera Singh,Nagpur,Maharashtra,2022-03-22
6589,Karan Patel,Indore,Madhya Pradesh,2021-05-21
6590,Kavya Saha,Bengaluru,Karnataka,2024-08-12
6591,Vikram Verma,Thiruvananthapuram,Kerala,2023-05-25
6592,Riya Bora,Kolkata,West Bengal,2023-11-03
6593,Aditya Iyer,Ranchi,Jharkhand,2024-02-15
6594,Riya Choudhury,Patna,Bihar,2023-09-10
6595,Deepak Yadav,Delhi,Delhi,2022-08-08
6596,Nikhil Singh,Hyderabad,Telangana,2022-10-10
6597,Priya Nair,Mysuru,Karnataka,2021-09-08
6598,Nikhil Patel,Hyderabad,Telangana,2025-08-31
6599,Ishaan Choudhury,Dibrugarh,Assam,2025-02-01
6600,Kavya Verma,Ranchi,Jharkhand,2025-05-26
6601,Ritu Das,Pune,Maharashtra,2024-03-02
6602,Sneha Patel,Chennai,Tamil Nadu,2024-11-05
6603,Isha Choudhury,Bengaluru,Karnataka,2025-11-16
6604,Priya Kumar,Pune,Maharashtra,2023-09-09
6605,Sanjay Kumar,Dibrugarh,Assam,2024-04-28
6606,Rahul Gupta,Surat,Gujarat,2021-05-14
6607,Reyansh Mishra,New Delhi,Delhi,2023-03-23
6608,Akash Kumar,Jaipur,Rajasthan,2022-06-11
6609,Rohan Reddy,Jaipur,Rajasthan,2023-05-31
6610,Neha Mishra,Mumbai,Maharashtra,2024-04-18
6611,Vivaan Das,Patna,Bihar,2024-11-13
6612,Riya Reddy,Mumbai,Maharashtra,2024-05-04
6613,Aarav Yadav,Kolkata,West Bengal,2024-03-28
6614,Vikram Reddy,Guwahati,Assam,2025-09-02
6615,Aditya Yadav,Delhi,Delhi,2024-12-13
6616,Kavya Nair,Surat,Gujarat,2024-09-20
6617,Jyoti Nair,Guwahati,Assam,2021-12-15
6618,Kavya Jain,Coimbatore,Tamil Nadu,2025-02-16
6619,Akash Saha,Bengaluru,Karnataka,2025-03-19
6620,Diya Ghosh,Gurugram,Haryana,2024-04-08
6621,Akash Iyer,Delhi,Delhi,2026-02-09
6622,Sneha Reddy,Bhopal,Madhya Pradesh,2025-12-28
6623,Diya Jain,Jaipur,Rajasthan,2024-03-15
6624,Manish Das,Nagpur,Maharashtra,2023-11-28
6625,Sai Dutta,Bhopal,Madhya Pradesh,2021-04-16
6626,Neha Ghosh,Pune,Maharashtra,2025-03-07
6627,Nikhil Singh,Gurugram,Haryana,2024-06-01
6628,Kavya Yadav,Bhopal,Madhya Pradesh,2022-09-05
6629,Vikram Ghosh,Delhi,Delhi,2024-05-31
6630,Aarav Reddy,Guwahati,Assam,2023-08-05
6631,Rahul Mehta,Bhubaneswar,Odisha,2023-12-20
6632,Arjun Mehta,Dibrugarh,Assam,2025-07-19
6633,Meera Choudhury,Patna,Bihar,2022-02-27
6634,Kavya Kumar,Bhubaneswar,Odisha,2021-11-24
6635,Aditya Bora,Thiruvananthapuram,Kerala,2021-08-03
6636,Aarav Patel,Gurugram,Haryana,2024-07-31
6637,Pooja Roy,Howrah,West Bengal,2022-12-01
6638,Pooja Singh,Indore,Madhya Pradesh,2021-08-22
6639,Sneha Yadav,Surat,Gujarat,2024-06-02
6640,Vikram Reddy,Pune,Maharashtra,2026-04-20
6641,Deepak Sharma,Surat,Gujarat,2025-12-23
6642,Nikhil Mishra,Chandigarh,Chandigarh,2024-06-18
6643,Deepak Das,Jaipur,Rajasthan,2021-12-08
6644,Vivaan Iyer,Hyderabad,Telangana,2024-03-27
6645,Ritu Roy,Mysuru,Karnataka,2024-02-22
6646,Krishna Gupta,Dibrugarh,Assam,2024-04-13
6647,Aditya Reddy,Bhopal,Madhya Pradesh,2023-02-05
6648,Pooja Sharma,Chandigarh,Chandigarh,2024-01-08
6649,Manish Sharma,Bhubaneswar,Odisha,2023-08-10
6650,Ananya Patel,Bhubaneswar,Odisha,2024-10-01
6651,Aarav Das,Nagpur,Maharashtra,2023-03-20
6652,Sanjay Mishra,Nagpur,Maharashtra,2022-05-09
6653,Ritu Yadav,Pune,Maharashtra,2022-05-25
6654,Sneha Nair,Nagpur,Maharashtra,2024-03-20
6655,Ananya Iyer,Nagpur,Maharashtra,2025-11-09
6656,Meera Verma,Nagpur,Maharashtra,2025-01-21
6657,Kavya Reddy,Ahmedabad,Gujarat,2024-11-14
6658,Arjun Jain,Bhopal,Madhya Pradesh,2025-06-22
6659,Rahul Reddy,Gurugram,Haryana,2021-03-29
6660,Rahul Patel,Mumbai,Maharashtra,2021-10-05
6661,Isha Singh,Gurugram,Haryana,2022-02-28
6662,Karan Jain,Guwahati,Assam,2026-03-26
6663,Pooja Kumar,Kolkata,West Bengal,2023-02-16
6664,Aditya Patel,Delhi,Delhi,2023-06-20
6665,Manish Saha,Noida,Uttar Pradesh,2023-11-10
6666,Krishna Iyer,Coimbatore,Tamil Nadu,2022-05-18
6667,Vivaan Sharma,Bengaluru,Karnataka,2024-06-21
6668,Ananya Roy,Jaipur,Rajasthan,2024-01-21
6669,Rahul Ghosh,Pune,Maharashtra,2024-07-20
6670,Jyoti Reddy,Lucknow,Uttar Pradesh,2021-06-26
6671,Isha Gupta,Indore,Madhya Pradesh,2025-08-08
6672,Sai Iyer,Surat,Gujarat,2024-03-09
6673,Arjun Das,Chennai,Tamil Nadu,2025-12-02
6674,Isha Saha,Chennai,Tamil Nadu,2022-05-20
6675,Deepak Jain,Mumbai,Maharashtra,2021-10-02
6676,Sneha Bora,Silchar,Assam,2023-08-24
6677,Sai Yadav,Hyderabad,Telangana,2025-10-18
6678,Jyoti Kumar,Surat,Gujarat,2025-04-18
6679,Vikram Gupta,Hyderabad,Telangana,2022-12-04
6680,Aditya Kumar,Bengaluru,Karnataka,2023-12-04
6681,Aditya Roy,Ranchi,Jharkhand,2022-06-10
6682,Arjun Saha,Pune,Maharashtra,2026-01-04
6683,Ananya Patel,Thiruvananthapuram,Kerala,2023-08-04
6684,Deepak Nair,Chennai,Tamil Nadu,2025-11-22
6685,Vivaan Iyer,Hyderabad,Telangana,2022-06-28
6686,Krishna Yadav,Kochi,Kerala,2021-03-18
6687,Sneha Patel,Ahmedabad,Gujarat,2021-10-05
6688,Sneha Roy,Mumbai,Maharashtra,2021-10-20
6689,Vikram Jain,New Delhi,Delhi,2021-10-03
6690,Jyoti Mehta,Indore,Madhya Pradesh,2022-06-24
6691,Arjun Jain,Noida,Uttar Pradesh,2023-07-18
6692,Neha Reddy,Bhubaneswar,Odisha,2022-04-16
6693,Aarav Mishra,Patna,Bihar,2026-03-13
6694,Vivaan Roy,Hyderabad,Telangana,2025-06-21
6695,Karan Saha,Kolkata,West Bengal,2022-06-17
6696,Vikram Sharma,Jaipur,Rajasthan,2024-11-18
6697,Kavya Yadav,Ahmedabad,Gujarat,2021-12-21
6698,Aditi Jain,Bhubaneswar,Odisha,2022-07-24
6699,Ritu Reddy,Hyderabad,Telangana,2022-07-07
6700,Arjun Gupta,Bhubaneswar,Odisha,2022-12-20
6701,Ananya Yadav,Bhopal,Madhya Pradesh,2025-04-20
6702,Reyansh Choudhury,Chandigarh,Chandigarh,2023-07-19
6703,Akash Patel,Nagpur,Maharashtra,2022-06-29
6704,Meera Yadav,Mumbai,Maharashtra,2026-06-06
6705,Sanjay Das,Kochi,Kerala,2021-09-03
6706,Deepak Mehta,Bhubaneswar,Odisha,2025-09-15
6707,Deepak Verma,Patna,Bihar,2025-04-18
6708,Krishna Mishra,New Delhi,Delhi,2026-04-24
6709,Akash Singh,Kolkata,West Bengal,2023-12-07
6710,Riya Choudhury,Kolkata,West Bengal,2022-02-25
6711,Diya Jain,Hyderabad,Telangana,2025-03-11
6712,Krishna Kumar,New Delhi,Delhi,2022-04-25
6713,Priya Sharma,Bengaluru,Karnataka,2023-08-31
6714,Ishaan Sharma,Bhopal,Madhya Pradesh,2021-07-13
6715,Vikram Das,Jaipur,Rajasthan,2024-06-29
6716,Krishna Jain,Shillong,Meghalaya,2022-12-16
6717,Meera Sharma,Bhopal,Madhya Pradesh,2025-11-24
6718,Isha Dutta,Delhi,Delhi,2021-09-19
6719,Sai Verma,Chennai,Tamil Nadu,2025-06-01
6720,Jyoti Bora,Dibrugarh,Assam,2021-05-19
6721,Akash Singh,Indore,Madhya Pradesh,2022-04-22
6722,Jyoti Iyer,Jaipur,Rajasthan,2025-01-23
6723,Aarav Mehta,Hyderabad,Telangana,2021-10-02
6724,Aarav Verma,Bhubaneswar,Odisha,2021-05-16
6725,Karan Mishra,Gurugram,Haryana,2023-10-11
6726,Arjun Mishra,Bhopal,Madhya Pradesh,2022-07-12
6727,Diya Gupta,New Delhi,Delhi,2022-07-09
6728,Aditya Verma,Bhopal,Madhya Pradesh,2024-08-10
6729,Aditi Nair,Jaipur,Rajasthan,2025-01-03
6730,Vikram Dutta,Pune,Maharashtra,2024-07-23
6731,Riya Ghosh,Delhi,Delhi,2022-07-22
6732,Manish Yadav,Mumbai,Maharashtra,2025-02-04
6733,Isha Mehta,Kolkata,West Bengal,2025-03-05
6734,Meera Patel,Indore,Madhya Pradesh,2024-03-22
6735,Aditya Choudhury,Delhi,Delhi,2023-02-04
6736,Reyansh Bora,Bhopal,Madhya Pradesh,2025-06-13
6737,Deepak Patel,Bengaluru,Karnataka,2022-06-27
6738,Arjun Yadav,Delhi,Delhi,2021-07-24
6739,Vivaan Patel,Bhopal,Madhya Pradesh,2021-04-16
6740,Meera Das,Bengaluru,Karnataka,2023-12-13
6741,Vivaan Choudhury,Noida,Uttar Pradesh,2022-03-17
6742,Isha Ghosh,Mumbai,Maharashtra,2024-01-24
6743,Vivaan Dutta,Noida,Uttar Pradesh,2021-12-14
6744,Aditi Reddy,Patna,Bihar,2021-03-07
6745,Isha Roy,Patna,Bihar,2022-04-30
6746,Neha Iyer,Gurugram,Haryana,2021-05-24
6747,Riya Mishra,Delhi,Delhi,2026-05-17
6748,Priya Choudhury,Mumbai,Maharashtra,2022-11-26
6749,Vivaan Das,Jaipur,Rajasthan,2021-03-03
6750,Ananya Mishra,Kolkata,West Bengal,2021-10-07
6751,Sanjay Ghosh,Kochi,Kerala,2021-02-23
6752,Aditya Patel,New Delhi,Delhi,2023-08-04
6753,Jyoti Ghosh,Bhubaneswar,Odisha,2021-03-12
6754,Arjun Patel,Delhi,Delhi,2021-07-11
6755,Neha Verma,Ahmedabad,Gujarat,2023-02-19
6756,Akash Singh,Chandigarh,Chandigarh,2023-08-26
6757,Reyansh Bora,Lucknow,Uttar Pradesh,2023-10-13
6758,Deepak Mehta,Nagpur,Maharashtra,2025-07-06
6759,Karan Mehta,Mysuru,Karnataka,2026-03-04
6760,Arjun Choudhury,Chandigarh,Chandigarh,2025-06-11
6761,Riya Singh,Pune,Maharashtra,2021-12-09
6762,Priya Mehta,Kolkata,West Bengal,2021-01-13
6763,Vivaan Dutta,Mysuru,Karnataka,2023-04-14
6764,Rahul Nair,Bhopal,Madhya Pradesh,2025-04-05
6765,Akash Dutta,Indore,Madhya Pradesh,2026-03-22
6766,Aditya Kumar,Delhi,Delhi,2021-10-23
6767,Sai Patel,Mumbai,Maharashtra,2022-12-03
6768,Pooja Singh,Silchar,Assam,2022-07-07
6769,Vikram Sharma,Delhi,Delhi,2025-02-09
6770,Manish Ghosh,Surat,Gujarat,2022-09-17
6771,Akash Bora,Patna,Bihar,2023-08-30
6772,Krishna Bora,Chennai,Tamil Nadu,2021-02-16
6773,Diya Reddy,Hyderabad,Telangana,2024-07-05
6774,Reyansh Choudhury,Pune,Maharashtra,2026-03-06
6775,Priya Saha,Hyderabad,Telangana,2024-08-27
6776,Riya Sharma,Ranchi,Jharkhand,2025-01-14
6777,Reyansh Mehta,Kochi,Kerala,2024-10-18
6778,Karan Iyer,Kochi,Kerala,2025-08-22
6779,Arjun Kumar,Surat,Gujarat,2022-12-20
6780,Arjun Mishra,Mumbai,Maharashtra,2021-08-05
6781,Vikram Yadav,Lucknow,Uttar Pradesh,2022-10-17
6782,Aditya Bora,Surat,Gujarat,2025-09-20
6783,Akash Kumar,Ranchi,Jharkhand,2024-01-12
6784,Rahul Saha,Thiruvananthapuram,Kerala,2024-12-10
6785,Meera Mehta,Ranchi,Jharkhand,2025-12-18
6786,Sanjay Jain,Kolkata,West Bengal,2023-05-27
6787,Krishna Ghosh,Noida,Uttar Pradesh,2021-09-17
6788,Vikram Sharma,Chennai,Tamil Nadu,2021-05-01
6789,Rahul Ghosh,Kolkata,West Bengal,2022-07-06
6790,Manish Gupta,Bengaluru,Karnataka,2023-11-13
6791,Riya Singh,Hyderabad,Telangana,2024-09-08
6792,Neha Verma,Kochi,Kerala,2021-08-13
6793,Ritu Mishra,Kolkata,West Bengal,2024-06-23
6794,Rahul Verma,Nagpur,Maharashtra,2023-06-15
6795,Manish Jain,Mumbai,Maharashtra,2024-03-15
6796,Akash Patel,Dibrugarh,Assam,2025-04-23
6797,Manish Dutta,Coimbatore,Tamil Nadu,2026-05-25
6798,Ananya Gupta,Bhopal,Madhya Pradesh,2025-05-28
6799,Kavya Roy,Bengaluru,Karnataka,2022-07-05
6800,Vivaan Jain,Bengaluru,Karnataka,2026-04-19
6801,Neha Jain,Delhi,Delhi,2022-04-04
6802,Meera Bora,Hyderabad,Telangana,2022-07-16
6803,Aarav Bora,Delhi,Delhi,2025-10-19
6804,Krishna Choudhury,Mumbai,Maharashtra,2021-12-07
6805,Reyansh Sharma,Noida,Uttar Pradesh,2025-03-01
6806,Aarav Patel,Chennai,Tamil Nadu,2022-11-05
6807,Vivaan Sharma,Bhubaneswar,Odisha,2021-01-05
6808,Isha Gupta,Mumbai,Maharashtra,2023-11-29
6809,Karan Kumar,Patna,Bihar,2025-03-04
6810,Arjun Saha,Hyderabad,Telangana,2024-04-30
6811,Kavya Mishra,Mumbai,Maharashtra,2023-11-24
6812,Aditya Das,Bhubaneswar,Odisha,2024-03-09
6813,Sanjay Sharma,Bengaluru,Karnataka,2023-04-12
6814,Ritu Singh,Mumbai,Maharashtra,2026-05-10
6815,Manish Dutta,Coimbatore,Tamil Nadu,2025-03-23
6816,Nikhil Choudhury,Bhopal,Madhya Pradesh,2021-10-12
6817,Manish Mishra,New Delhi,Delhi,2023-07-25
6818,Pooja Mishra,Lucknow,Uttar Pradesh,2026-04-20
6819,Karan Saha,Gurugram,Haryana,2025-02-24
6820,Riya Reddy,Mumbai,Maharashtra,2021-01-19
6821,Aditya Yadav,Bengaluru,Karnataka,2025-09-22
6822,Isha Gupta,Hyderabad,Telangana,2022-06-13
6823,Vikram Saha,Mumbai,Maharashtra,2021-02-17
6824,Neha Jain,Ranchi,Jharkhand,2026-06-15
6825,Ishaan Roy,Bengaluru,Karnataka,2022-03-25
6826,Manish Gupta,Nagpur,Maharashtra,2021-07-18
6827,Vikram Das,Kochi,Kerala,2021-06-18
6828,Ananya Singh,Howrah,West Bengal,2021-06-24
6829,Jyoti Iyer,Lucknow,Uttar Pradesh,2024-02-12
6830,Kavya Dutta,Noida,Uttar Pradesh,2022-11-07
6831,Sanjay Nair,Bhubaneswar,Odisha,2026-05-26
6832,Krishna Mehta,Delhi,Delhi,2021-02-07
6833,Aarav Singh,Ranchi,Jharkhand,2024-09-23
6834,Pooja Gupta,Chennai,Tamil Nadu,2022-10-26
6835,Aarav Ghosh,Bengaluru,Karnataka,2023-04-22
6836,Neha Saha,Mysuru,Karnataka,2026-04-17
6837,Neha Mehta,Surat,Gujarat,2022-08-04
6838,Priya Dutta,Indore,Madhya Pradesh,2023-06-04
6839,Vivaan Yadav,Gurugram,Haryana,2021-07-15
6840,Jyoti Sharma,Nagpur,Maharashtra,2025-12-10
6841,Pooja Yadav,Ranchi,Jharkhand,2024-12-17
6842,Kavya Dutta,Silchar,Assam,2024-11-11
6843,Ishaan Jain,Silchar,Assam,2024-08-29
6844,Pooja Nair,Hyderabad,Telangana,2026-03-05
6845,Akash Kumar,Kochi,Kerala,2021-11-02
6846,Diya Jain,Delhi,Delhi,2023-12-24
6847,Rohan Reddy,Guwahati,Assam,2023-10-15
6848,Ishaan Iyer,Guwahati,Assam,2023-08-16
6849,Meera Nair,Jaipur,Rajasthan,2022-01-30
6850,Ishaan Iyer,Delhi,Delhi,2026-03-21
6851,Aarav Nair,Thiruvananthapuram,Kerala,2021-02-05
6852,Arjun Yadav,Pune,Maharashtra,2024-06-23
6853,Karan Reddy,Kochi,Kerala,2024-02-04
6854,Nikhil Roy,Pune,Maharashtra,2021-08-26
6855,Sai Reddy,Shillong,Meghalaya,2024-07-10
6856,Rahul Kumar,Chennai,Tamil Nadu,2021-02-06
6857,Vivaan Ghosh,Pune,Maharashtra,2021-03-06
6858,Vivaan Mehta,Surat,Gujarat,2022-03-25
6859,Vivaan Singh,Hyderabad,Telangana,2021-02-18
6860,Kavya Dutta,Nagpur,Maharashtra,2022-05-12
6861,Aditya Bora,Hyderabad,Telangana,2021-03-02
6862,Reyansh Mishra,Delhi,Delhi,2026-01-26
6863,Jyoti Roy,Gurugram,Haryana,2026-03-10
6864,Reyansh Sharma,Mumbai,Maharashtra,2021-07-03
6865,Riya Iyer,Lucknow,Uttar Pradesh,2022-06-26
6866,Meera Roy,Mumbai,Maharashtra,2025-02-15
6867,Deepak Mehta,Bhubaneswar,Odisha,2022-04-05
6868,Vivaan Nair,Mysuru,Karnataka,2025-01-25
6869,Reyansh Ghosh,Lucknow,Uttar Pradesh,2026-01-05
6870,Ritu Nair,Hyderabad,Telangana,2022-03-25
6871,Aarav Das,Coimbatore,Tamil Nadu,2026-06-03
6872,Ishaan Sharma,Jaipur,Rajasthan,2022-11-13
6873,Manish Patel,Chennai,Tamil Nadu,2025-01-12
6874,Sneha Dutta,Kochi,Kerala,2022-09-26
6875,Riya Roy,Bengaluru,Karnataka,2022-12-18
6876,Riya Bora,Pune,Maharashtra,2023-04-20
6877,Pooja Das,Delhi,Delhi,2022-10-13
6878,Deepak Ghosh,Chandigarh,Chandigarh,2021-09-16
6879,Isha Ghosh,Lucknow,Uttar Pradesh,2022-01-11
6880,Isha Roy,Thiruvananthapuram,Kerala,2023-11-10
6881,Vikram Iyer,Gurugram,Haryana,2023-03-05
6882,Isha Dutta,Dibrugarh,Assam,2025-05-23
6883,Aditya Saha,Indore,Madhya Pradesh,2022-07-20
6884,Meera Yadav,Indore,Madhya Pradesh,2025-12-16
6885,Ritu Mehta,Hyderabad,Telangana,2025-10-20
6886,Sneha Ghosh,Patna,Bihar,2022-08-24
6887,Sai Mishra,Bhopal,Madhya Pradesh,2024-09-18
6888,Diya Sharma,Mumbai,Maharashtra,2022-03-02
6889,Vikram Das,Mumbai,Maharashtra,2026-06-20
6890,Kavya Mishra,Ranchi,Jharkhand,2022-09-14
6891,Reyansh Dutta,Kolkata,West Bengal,2022-09-10
6892,Rohan Patel,New Delhi,Delhi,2025-11-05
6893,Manish Roy,Mysuru,Karnataka,2022-09-22
6894,Isha Yadav,Indore,Madhya Pradesh,2025-03-24
6895,Reyansh Singh,Delhi,Delhi,2021-08-15
6896,Meera Mehta,Chennai,Tamil Nadu,2024-07-28
6897,Diya Bora,Jaipur,Rajasthan,2025-03-19
6898,Sanjay Bora,Chennai,Tamil Nadu,2024-03-23
6899,Nikhil Mehta,Mumbai,Maharashtra,2023-03-30
6900,Deepak Singh,Ranchi,Jharkhand,2024-08-09
6901,Nikhil Saha,Bhubaneswar,Odisha,2021-07-27
6902,Riya Yadav,Kolkata,West Bengal,2022-02-05
6903,Priya Gupta,Pune,Maharashtra,2021-10-28
6904,Meera Gupta,Mumbai,Maharashtra,2024-10-01
6905,Nikhil Mishra,Mysuru,Karnataka,2022-11-22
6906,Ritu Jain,Patna,Bihar,2023-10-22
6907,Aditya Jain,Ranchi,Jharkhand,2025-01-22
6908,Sanjay Roy,Howrah,West Bengal,2024-04-16
6909,Isha Mehta,Ahmedabad,Gujarat,2023-04-10
6910,Diya Das,Indore,Madhya Pradesh,2021-02-07
6911,Sai Singh,Ranchi,Jharkhand,2021-03-31
6912,Diya Nair,Delhi,Delhi,2025-12-04
6913,Rohan Singh,Delhi,Delhi,2025-03-16
6914,Ishaan Sharma,Ranchi,Jharkhand,2022-01-17
6915,Vivaan Nair,Nagpur,Maharashtra,2023-04-03
6916,Kavya Roy,Jaipur,Rajasthan,2026-05-02
6917,Ishaan Choudhury,Mumbai,Maharashtra,2026-04-22
6918,Manish Jain,Delhi,Delhi,2025-01-01
6919,Krishna Bora,Coimbatore,Tamil Nadu,2021-04-30
6920,Krishna Das,Mumbai,Maharashtra,2024-12-02
6921,Deepak Mishra,Surat,Gujarat,2024-02-02
6922,Vivaan Singh,Jaipur,Rajasthan,2026-02-12
6923,Vivaan Sharma,Pune,Maharashtra,2022-07-20
6924,Vikram Choudhury,New Delhi,Delhi,2026-02-26
6925,Arjun Choudhury,Ranchi,Jharkhand,2022-05-08
6926,Deepak Ghosh,Chandigarh,Chandigarh,2024-04-22
6927,Meera Verma,Bhubaneswar,Odisha,2024-02-11
6928,Akash Kumar,Patna,Bihar,2021-08-03
6929,Pooja Iyer,Guwahati,Assam,2021-11-15
6930,Pooja Verma,Noida,Uttar Pradesh,2024-06-17
6931,Arjun Mishra,Gurugram,Haryana,2022-06-14
6932,Jyoti Ghosh,Lucknow,Uttar Pradesh,2025-09-28
6933,Ritu Iyer,Bhopal,Madhya Pradesh,2022-11-05
6934,Arjun Singh,Silchar,Assam,2024-07-11
6935,Ananya Gupta,New Delhi,Delhi,2023-06-16
6936,Karan Das,Chennai,Tamil Nadu,2021-12-06
6937,Sai Yadav,Mumbai,Maharashtra,2026-03-05
6938,Deepak Ghosh,Howrah,West Bengal,2025-11-12
6939,Sneha Dutta,Howrah,West Bengal,2021-01-08
6940,Pooja Verma,Patna,Bihar,2024-05-11
6941,Arjun Roy,Gurugram,Haryana,2023-08-17
6942,Riya Jain,Pune,Maharashtra,2021-02-26
6943,Sneha Dutta,Pune,Maharashtra,2024-06-14
6944,Nikhil Saha,Nagpur,Maharashtra,2022-02-20
6945,Jyoti Kumar,Indore,Madhya Pradesh,2024-04-19
6946,Pooja Das,Bengaluru,Karnataka,2023-10-02
6947,Ananya Gupta,Ahmedabad,Gujarat,2023-09-21
6948,Meera Yadav,Mumbai,Maharashtra,2025-12-04
6949,Akash Sharma,Indore,Madhya Pradesh,2026-01-17
6950,Riya Sharma,Delhi,Delhi,2022-08-11
6951,Riya Iyer,Noida,Uttar Pradesh,2025-01-07
6952,Ritu Jain,Patna,Bihar,2023-08-12
6953,Jyoti Mehta,Mumbai,Maharashtra,2021-12-14
6954,Krishna Dutta,Lucknow,Uttar Pradesh,2022-08-24
6955,Sai Bora,New Delhi,Delhi,2023-03-21
6956,Isha Mishra,Kochi,Kerala,2021-09-06
6957,Aditi Kumar,Mumbai,Maharashtra,2023-02-27
6958,Priya Mehta,Ahmedabad,Gujarat,2025-10-01
6959,Aarav Kumar,Coimbatore,Tamil Nadu,2023-08-25
6960,Nikhil Iyer,Ranchi,Jharkhand,2024-10-29
6961,Karan Das,Mumbai,Maharashtra,2024-06-23
6962,Vikram Iyer,Bengaluru,Karnataka,2025-10-07
6963,Akash Dutta,Noida,Uttar Pradesh,2026-04-09
6964,Manish Das,Pune,Maharashtra,2021-04-23
6965,Rahul Dutta,Bhopal,Madhya Pradesh,2026-01-07
6966,Sneha Sharma,Coimbatore,Tamil Nadu,2021-01-10
6967,Vivaan Jain,New Delhi,Delhi,2023-01-16
6968,Sanjay Bora,Bhubaneswar,Odisha,2026-01-03
6969,Karan Das,Bengaluru,Karnataka,2022-03-10
6970,Ishaan Mishra,Jaipur,Rajasthan,2025-11-08
6971,Ritu Nair,Nagpur,Maharashtra,2024-01-15
6972,Aarav Sharma,Kolkata,West Bengal,2022-03-28
6973,Manish Roy,Bengaluru,Karnataka,2021-08-08
6974,Aditya Sharma,Surat,Gujarat,2025-07-16
6975,Vivaan Dutta,Mysuru,Karnataka,2022-04-14
6976,Aditya Kumar,Pune,Maharashtra,2026-02-10
6977,Pooja Yadav,Kolkata,West Bengal,2023-01-17
6978,Rahul Kumar,Thiruvananthapuram,Kerala,2024-12-01
6979,Ishaan Saha,Gurugram,Haryana,2022-05-17
6980,Rahul Yadav,Indore,Madhya Pradesh,2022-04-22
6981,Ananya Sharma,Pune,Maharashtra,2021-01-07
6982,Pooja Mehta,Bhopal,Madhya Pradesh,2025-12-09
6983,Rohan Dutta,Silchar,Assam,2023-05-12
6984,Sanjay Mishra,Kolkata,West Bengal,2025-08-07
6985,Arjun Reddy,Patna,Bihar,2025-10-19
6986,Ananya Reddy,Kolkata,West Bengal,2024-02-05
6987,Ritu Das,Chandigarh,Chandigarh,2026-02-16
6988,Aditya Ghosh,Nagpur,Maharashtra,2025-04-27
6989,Sanjay Das,Guwahati,Assam,2022-11-06
6990,Diya Mishra,Nagpur,Maharashtra,2024-04-27
6991,Ananya Iyer,Kolkata,West Bengal,2021-07-21
6992,Ritu Verma,Bengaluru,Karnataka,2023-02-10
6993,Aditi Ghosh,Bhubaneswar,Odisha,2025-07-22
6994,Isha Sharma,Delhi,Delhi,2025-02-12
6995,Rahul Roy,Delhi,Delhi,2025-05-31
6996,Diya Mehta,Bhubaneswar,Odisha,2025-09-22
6997,Priya Dutta,Hyderabad,Telangana,2023-08-06
6998,Priya Das,Mumbai,Maharashtra,2021-05-13
6999,Vivaan Jain,Mumbai,Maharashtra,2022-02-21
7000,Isha Mehta,Kolkata,West Bengal,2023-01-11
7001,Riya Gupta,Bhubaneswar,Odisha,2023-09-12
7002,Vivaan Patel,Kolkata,West Bengal,2025-01-20
7003,Rahul Gupta,Pune,Maharashtra,2022-10-14
7004,Sai Ghosh,Howrah,West Bengal,2025-05-09
7005,Deepak Nair,Bengaluru,Karnataka,2021-05-30
7006,Karan Ghosh,Kolkata,West Bengal,2022-10-27
7007,Vivaan Bora,Lucknow,Uttar Pradesh,2023-02-25
7008,Rohan Kumar,Ahmedabad,Gujarat,2022-11-12
7009,Reyansh Ghosh,Noida,Uttar Pradesh,2023-04-05
7010,Deepak Nair,Delhi,Delhi,2023-11-24
7011,Meera Roy,Thiruvananthapuram,Kerala,2023-07-08
7012,Priya Kumar,Bengaluru,Karnataka,2021-01-22
7013,Sneha Singh,Noida,Uttar Pradesh,2021-10-22
7014,Krishna Reddy,Indore,Madhya Pradesh,2024-12-17
7015,Vikram Kumar,New Delhi,Delhi,2024-01-29
7016,Reyansh Iyer,Kolkata,West Bengal,2024-11-17
7017,Akash Jain,Surat,Gujarat,2022-03-23
7018,Deepak Choudhury,Hyderabad,Telangana,2023-10-30
7019,Akash Sharma,Jaipur,Rajasthan,2023-04-13
7020,Vikram Jain,Patna,Bihar,2023-11-25
7021,Nikhil Gupta,Thiruvananthapuram,Kerala,2024-04-26
7022,Ananya Iyer,Delhi,Delhi,2024-11-22
7023,Aarav Iyer,Patna,Bihar,2022-06-16
7024,Kavya Saha,Patna,Bihar,2024-11-08
7025,Krishna Mishra,Patna,Bihar,2023-08-30
7026,Akash Reddy,Hyderabad,Telangana,2021-06-21
7027,Meera Mehta,Surat,Gujarat,2023-07-10
7028,Krishna Reddy,Patna,Bihar,2022-10-06
7029,Manish Choudhury,Hyderabad,Telangana,2021-04-29
7030,Priya Choudhury,Kolkata,West Bengal,2025-12-11
7031,Rohan Bora,Gurugram,Haryana,2022-12-07
7032,Neha Sharma,Hyderabad,Telangana,2021-06-07
7033,Kavya Mehta,Bengaluru,Karnataka,2025-05-20
7034,Sneha Patel,Delhi,Delhi,2022-01-06
7035,Deepak Dutta,Indore,Madhya Pradesh,2025-03-16
7036,Sai Verma,Hyderabad,Telangana,2022-02-27
7037,Jyoti Dutta,Gurugram,Haryana,2021-12-26
7038,Pooja Singh,Kolkata,West Bengal,2021-08-06
7039,Diya Choudhury,Bhopal,Madhya Pradesh,2025-08-28
7040,Sneha Das,Hyderabad,Telangana,2021-09-05
7041,Pooja Nair,Hyderabad,Telangana,2021-04-28
7042,Riya Iyer,Delhi,Delhi,2025-12-14
7043,Deepak Yadav,Pune,Maharashtra,2022-07-04
7044,Ishaan Verma,Hyderabad,Telangana,2024-02-08
7045,Arjun Roy,Chennai,Tamil Nadu,2026-04-10
7046,Krishna Mishra,Kochi,Kerala,2021-01-17
7047,Sai Sharma,Indore,Madhya Pradesh,2022-01-02
7048,Meera Mishra,Guwahati,Assam,2025-03-10
7049,Arjun Mehta,Patna,Bihar,2021-01-29
7050,Rohan Choudhury,Delhi,Delhi,2023-03-26
7051,Meera Yadav,Bhopal,Madhya Pradesh,2021-05-05
7052,Priya Ghosh,Mumbai,Maharashtra,2021-05-27
7053,Aarav Patel,Guwahati,Assam,2025-04-05
7054,Isha Patel,Ranchi,Jharkhand,2021-06-14
7055,Vivaan Reddy,Hyderabad,Telangana,2025-05-14
7056,Vivaan Nair,Noida,Uttar Pradesh,2026-04-12
7057,Sai Roy,Surat,Gujarat,2022-03-04
7058,Rohan Mehta,Bhopal,Madhya Pradesh,2022-01-11
7059,Ritu Das,Chennai,Tamil Nadu,2022-04-04
7060,Sai Mishra,Indore,Madhya Pradesh,2023-06-22
7061,Meera Gupta,Bengaluru,Karnataka,2023-06-28
7062,Riya Gupta,Silchar,Assam,2021-01-11
7063,Manish Kumar,Kochi,Kerala,2021-03-08
7064,Rohan Verma,Bhubaneswar,Odisha,2022-10-28
7065,Aditi Saha,Delhi,Delhi,2022-12-18
7066,Ananya Das,Ranchi,Jharkhand,2024-02-01
7067,Manish Saha,Noida,Uttar Pradesh,2022-03-25
7068,Karan Bora,New Delhi,Delhi,2023-08-05
7069,Sai Yadav,Thiruvananthapuram,Kerala,2023-10-08
7070,Akash Mishra,Indore,Madhya Pradesh,2021-11-24
7071,Ishaan Iyer,Pune,Maharashtra,2023-03-05
7072,Pooja Mishra,Lucknow,Uttar Pradesh,2022-09-04
7073,Reyansh Roy,Ranchi,Jharkhand,2021-05-02
7074,Isha Reddy,Gurugram,Haryana,2023-07-16
7075,Ritu Bora,Bhopal,Madhya Pradesh,2023-07-19
7076,Diya Patel,Ahmedabad,Gujarat,2022-09-15
7077,Aditi Mishra,Surat,Gujarat,2022-06-27
7078,Manish Sharma,Chennai,Tamil Nadu,2023-07-17
7079,Meera Nair,Kolkata,West Bengal,2024-01-24
7080,Manish Choudhury,Ranchi,Jharkhand,2023-05-08
7081,Meera Sharma,Thiruvananthapuram,Kerala,2025-03-24
7082,Aarav Das,Delhi,Delhi,2024-01-23
7083,Ritu Bora,Ahmedabad,Gujarat,2025-09-22
7084,Sai Singh,Surat,Gujarat,2021-12-06
7085,Deepak Nair,Guwahati,Assam,2025-05-10
7086,Aditi Verma,Guwahati,Assam,2022-05-03
7087,Neha Verma,Bengaluru,Karnataka,2024-01-16
7088,Akash Bora,Surat,Gujarat,2021-12-22
7089,Ishaan Patel,Chennai,Tamil Nadu,2022-01-30
7090,Sai Gupta,Delhi,Delhi,2026-05-15
7091,Reyansh Iyer,Chennai,Tamil Nadu,2021-03-25
7092,Ananya Iyer,Guwahati,Assam,2025-07-08
7093,Arjun Saha,Indore,Madhya Pradesh,2021-05-02
7094,Ananya Nair,Guwahati,Assam,2022-04-09
7095,Nikhil Verma,Chennai,Tamil Nadu,2025-01-10
7096,Neha Jain,New Delhi,Delhi,2023-04-10
7097,Riya Nair,Ranchi,Jharkhand,2025-07-14
7098,Aditi Patel,Noida,Uttar Pradesh,2022-03-03
7099,Krishna Bora,Bhubaneswar,Odisha,2022-05-18
7100,Isha Bora,Bengaluru,Karnataka,2022-05-20
7101,Aarav Yadav,Surat,Gujarat,2021-09-28
7102,Manish Yadav,Mumbai,Maharashtra,2024-03-01
7103,Arjun Dutta,Thiruvananthapuram,Kerala,2022-04-18
7104,Rohan Mehta,Bhopal,Madhya Pradesh,2025-06-04
7105,Neha Verma,Pune,Maharashtra,2025-12-07
7106,Pooja Saha,Hyderabad,Telangana,2022-11-14
7107,Ritu Saha,Coimbatore,Tamil Nadu,2026-02-02
7108,Vivaan Das,Surat,Gujarat,2021-10-02
7109,Sneha Kumar,Delhi,Delhi,2026-06-04
7110,Priya Nair,Delhi,Delhi,2023-09-13
7111,Sai Singh,Surat,Gujarat,2022-07-24
7112,Sai Saha,Guwahati,Assam,2023-02-26
7113,Jyoti Singh,Patna,Bihar,2022-07-04
7114,Priya Reddy,Ahmedabad,Gujarat,2026-01-21
7115,Arjun Mishra,Jaipur,Rajasthan,2025-06-20
7116,Priya Singh,Nagpur,Maharashtra,2023-03-22
7117,Sneha Iyer,Gurugram,Haryana,2021-07-24
7118,Reyansh Roy,New Delhi,Delhi,2023-04-01
7119,Sneha Reddy,Indore,Madhya Pradesh,2022-07-16
7120,Kavya Kumar,Delhi,Delhi,2025-10-14
7121,Akash Dutta,Bengaluru,Karnataka,2021-07-30
7122,Aditi Roy,Noida,Uttar Pradesh,2025-12-29
7123,Pooja Gupta,Nagpur,Maharashtra,2025-07-15
7124,Neha Bora,Mumbai,Maharashtra,2024-03-15
7125,Riya Mehta,Lucknow,Uttar Pradesh,2025-12-06
7126,Rohan Verma,Mysuru,Karnataka,2021-10-09
7127,Arjun Singh,Delhi,Delhi,2024-12-15
7128,Ritu Reddy,Chennai,Tamil Nadu,2022-04-17
7129,Arjun Mehta,Chennai,Tamil Nadu,2022-10-13
7130,Reyansh Das,New Delhi,Delhi,2025-04-30
7131,Rahul Gupta,Surat,Gujarat,2021-08-04
7132,Kavya Ghosh,Lucknow,Uttar Pradesh,2021-04-12
7133,Priya Dutta,Kolkata,West Bengal,2024-04-25
7134,Reyansh Iyer,Bengaluru,Karnataka,2024-05-24
7135,Ritu Dutta,Noida,Uttar Pradesh,2022-05-30
7136,Kavya Yadav,Delhi,Delhi,2021-07-11
7137,Rohan Reddy,Bengaluru,Karnataka,2025-08-04
7138,Sanjay Das,Noida,Uttar Pradesh,2024-01-11
7139,Vikram Sharma,Surat,Gujarat,2025-02-16
7140,Sneha Choudhury,Bengaluru,Karnataka,2024-01-17
7141,Jyoti Kumar,Mumbai,Maharashtra,2023-10-07
7142,Krishna Gupta,Bhopal,Madhya Pradesh,2022-02-11
7143,Neha Yadav,Bhubaneswar,Odisha,2024-04-21
7144,Diya Saha,Hyderabad,Telangana,2021-07-15
7145,Ananya Ghosh,Shillong,Meghalaya,2021-12-06
7146,Rahul Roy,Gurugram,Haryana,2024-09-24
7147,Kavya Reddy,Bengaluru,Karnataka,2025-12-15
7148,Sanjay Iyer,Jaipur,Rajasthan,2025-05-28
7149,Krishna Yadav,Gurugram,Haryana,2023-12-23
7150,Ananya Roy,Delhi,Delhi,2025-05-06
7151,Reyansh Kumar,Gurugram,Haryana,2023-09-06
7152,Manish Jain,Patna,Bihar,2021-02-06
7153,Reyansh Mishra,Bengaluru,Karnataka,2023-09-15
7154,Rahul Patel,Patna,Bihar,2023-01-13
7155,Ritu Reddy,Indore,Madhya Pradesh,2024-07-29
7156,Sanjay Mishra,Chandigarh,Chandigarh,2021-06-14
7157,Sai Bora,Coimbatore,Tamil Nadu,2024-02-12
7158,Aarav Das,Delhi,Delhi,2022-12-19
7159,Manish Kumar,Howrah,West Bengal,2022-12-24
7160,Rahul Ghosh,Delhi,Delhi,2025-12-14
7161,Krishna Mishra,Delhi,Delhi,2023-04-23
7162,Sai Sharma,Bhubaneswar,Odisha,2025-12-09
7163,Sai Bora,Pune,Maharashtra,2026-04-21
7164,Aditya Nair,Bengaluru,Karnataka,2022-07-15
7165,Aditi Sharma,Ahmedabad,Gujarat,2021-12-25
7166,Karan Roy,Patna,Bihar,2024-05-25
7167,Karan Ghosh,Coimbatore,Tamil Nadu,2025-08-30
7168,Isha Sharma,Mumbai,Maharashtra,2023-04-20
7169,Akash Reddy,Bengaluru,Karnataka,2025-08-29
7170,Neha Iyer,Bhopal,Madhya Pradesh,2021-04-18
7171,Aditya Choudhury,Hyderabad,Telangana,2022-01-15
7172,Vivaan Sharma,Bhopal,Madhya Pradesh,2024-08-18
7173,Aditya Verma,Gurugram,Haryana,2024-06-12
7174,Neha Gupta,Chandigarh,Chandigarh,2021-06-22
7175,Krishna Yadav,Bengaluru,Karnataka,2025-04-12
7176,Sai Nair,Jaipur,Rajasthan,2021-10-03
7177,Aditya Mishra,Bhopal,Madhya Pradesh,2021-07-11
7178,Aarav Verma,New Delhi,Delhi,2025-10-12
7179,Vikram Jain,Hyderabad,Telangana,2021-02-13
7180,Nikhil Verma,Delhi,Delhi,2023-09-23
7181,Isha Das,Mysuru,Karnataka,2022-07-30
7182,Meera Verma,Silchar,Assam,2025-03-13
7183,Ritu Dutta,Kolkata,West Bengal,2023-06-12
7184,Karan Jain,Coimbatore,Tamil Nadu,2022-03-24
7185,Aarav Sharma,Gurugram,Haryana,2022-12-26
7186,Priya Bora,Ahmedabad,Gujarat,2022-04-13
7187,Aditya Ghosh,Delhi,Delhi,2023-05-18
7188,Reyansh Gupta,Bhopal,Madhya Pradesh,2024-09-11
7189,Ritu Patel,Lucknow,Uttar Pradesh,2022-02-26
7190,Aarav Saha,Patna,Bihar,2021-08-23
7191,Aditya Roy,Bengaluru,Karnataka,2024-12-30
7192,Krishna Das,Bengaluru,Karnataka,2026-04-07
7193,Akash Nair,Coimbatore,Tamil Nadu,2022-07-20
7194,Krishna Ghosh,Pune,Maharashtra,2025-03-14
7195,Nikhil Kumar,Delhi,Delhi,2023-08-21
7196,Meera Verma,Howrah,West Bengal,2023-09-04
7197,Krishna Mehta,Hyderabad,Telangana,2024-11-19
7198,Aditi Verma,Jaipur,Rajasthan,2022-01-04
7199,Meera Singh,Ranchi,Jharkhand,2025-12-08
7200,Ananya Das,Kolkata,West Bengal,2025-10-24
7201,Aarav Singh,Kolkata,West Bengal,2023-06-23
7202,Aditi Saha,Bhopal,Madhya Pradesh,2023-10-10
7203,Rahul Bora,Ahmedabad,Gujarat,2021-12-20
7204,Rahul Yadav,Mumbai,Maharashtra,2021-12-12
7205,Rohan Mehta,New Delhi,Delhi,2022-09-23
7206,Sai Gupta,Pune,Maharashtra,2023-10-14
7207,Pooja Reddy,Bengaluru,Karnataka,2023-05-28
7208,Deepak Kumar,Patna,Bihar,2023-10-24
7209,Neha Sharma,Ahmedabad,Gujarat,2023-07-08
7210,Rahul Yadav,Delhi,Delhi,2025-11-26
7211,Isha Dutta,Chennai,Tamil Nadu,2022-04-07
7212,Vivaan Mehta,Hyderabad,Telangana,2024-03-08
7213,Krishna Jain,Noida,Uttar Pradesh,2021-12-21
7214,Rohan Singh,Hyderabad,Telangana,2024-12-17
7215,Aarav Saha,Lucknow,Uttar Pradesh,2026-06-29
7216,Ritu Reddy,Chennai,Tamil Nadu,2023-10-23
7217,Sneha Mehta,Jaipur,Rajasthan,2022-10-03
7218,Manish Mehta,Delhi,Delhi,2023-03-12
7219,Neha Saha,New Delhi,Delhi,2025-05-17
7220,Vivaan Mishra,Mumbai,Maharashtra,2025-06-23
7221,Riya Singh,Patna,Bihar,2023-09-04
7222,Vivaan Nair,Bengaluru,Karnataka,2023-05-26
7223,Jyoti Roy,Kolkata,West Bengal,2024-08-19
7224,Ishaan Ghosh,Chandigarh,Chandigarh,2022-08-25
7225,Kavya Mehta,Kolkata,West Bengal,2026-01-31
7226,Vivaan Kumar,Bengaluru,Karnataka,2023-07-26
7227,Riya Ghosh,Gurugram,Haryana,2021-06-18
7228,Ritu Iyer,Bhopal,Madhya Pradesh,2026-05-27
7229,Akash Roy,Indore,Madhya Pradesh,2022-06-10
7230,Nikhil Kumar,Indore,Madhya Pradesh,2021-09-27
7231,Riya Singh,Bhubaneswar,Odisha,2023-04-08
7232,Akash Singh,Chennai,Tamil Nadu,2022-09-01
7233,Kavya Saha,Howrah,West Bengal,2025-07-31
7234,Vivaan Dutta,Ahmedabad,Gujarat,2026-04-06
7235,Karan Bora,Hyderabad,Telangana,2026-03-09
7236,Aarav Jain,Surat,Gujarat,2021-08-14
7237,Karan Ghosh,Mysuru,Karnataka,2021-03-25
7238,Riya Kumar,Lucknow,Uttar Pradesh,2025-09-12
7239,Ishaan Iyer,Mumbai,Maharashtra,2026-06-23
7240,Meera Verma,Hyderabad,Telangana,2025-12-12
7241,Ishaan Gupta,Chennai,Tamil Nadu,2021-03-16
7242,Meera Mishra,Hyderabad,Telangana,2026-02-17
7243,Aarav Kumar,Kolkata,West Bengal,2022-03-09
7244,Nikhil Patel,Kolkata,West Bengal,2023-06-21
7245,Sneha Das,Mumbai,Maharashtra,2023-04-09
7246,Sai Bora,Ahmedabad,Gujarat,2021-10-05
7247,Ritu Choudhury,Hyderabad,Telangana,2025-12-24
7248,Rohan Singh,Silchar,Assam,2024-08-08
7249,Kavya Ghosh,Jaipur,Rajasthan,2025-04-29
7250,Meera Reddy,Kolkata,West Bengal,2023-11-05
7251,Ananya Saha,New Delhi,Delhi,2025-04-06
7252,Isha Choudhury,Ranchi,Jharkhand,2021-04-06
7253,Meera Patel,Bhubaneswar,Odisha,2024-03-18
7254,Sai Jain,Bengaluru,Karnataka,2025-07-24
7255,Ritu Jain,Noida,Uttar Pradesh,2025-11-14
7256,Aarav Reddy,Bhubaneswar,Odisha,2023-03-30
7257,Ananya Sharma,Ranchi,Jharkhand,2024-07-29
7258,Rahul Mishra,Bhopal,Madhya Pradesh,2024-07-28
7259,Arjun Ghosh,Nagpur,Maharashtra,2025-08-24
7260,Ritu Yadav,Mumbai,Maharashtra,2024-08-19
7261,Pooja Singh,Hyderabad,Telangana,2024-12-04
7262,Nikhil Ghosh,Ahmedabad,Gujarat,2023-04-03
7263,Krishna Bora,Mumbai,Maharashtra,2023-03-12
7264,Aditya Kumar,Bhopal,Madhya Pradesh,2025-04-11
7265,Vikram Sharma,Bhubaneswar,Odisha,2024-03-29
7266,Sanjay Mishra,Kolkata,West Bengal,2026-04-17
7267,Deepak Jain,Surat,Gujarat,2025-04-20
7268,Nikhil Mishra,Bhopal,Madhya Pradesh,2021-06-14
7269,Sai Choudhury,Ranchi,Jharkhand,2026-03-21
7270,Meera Reddy,Nagpur,Maharashtra,2021-11-12
7271,Krishna Gupta,Kochi,Kerala,2025-04-25
7272,Manish Sharma,Kolkata,West Bengal,2023-07-27
7273,Deepak Nair,Howrah,West Bengal,2025-08-12
7274,Isha Mishra,Jaipur,Rajasthan,2021-12-18
7275,Krishna Mishra,Bengaluru,Karnataka,2021-03-03
7276,Nikhil Gupta,Ahmedabad,Gujarat,2026-05-08
7277,Nikhil Gupta,Kochi,Kerala,2021-06-28
7278,Nikhil Saha,Kochi,Kerala,2022-09-12
7279,Rahul Iyer,Noida,Uttar Pradesh,2021-08-20
7280,Meera Ghosh,Patna,Bihar,2024-06-04
7281,Aditi Bora,Mumbai,Maharashtra,2023-02-19
7282,Deepak Yadav,Mumbai,Maharashtra,2022-11-28
7283,Diya Mehta,Hyderabad,Telangana,2021-01-05
7284,Sai Mehta,Thiruvananthapuram,Kerala,2023-12-23
7285,Kavya Mehta,New Delhi,Delhi,2026-02-12
7286,Sanjay Verma,Lucknow,Uttar Pradesh,2022-05-18
7287,Ritu Singh,Noida,Uttar Pradesh,2025-05-23
7288,Arjun Roy,Kolkata,West Bengal,2024-01-09
7289,Vikram Sharma,Kolkata,West Bengal,2025-10-28
7290,Jyoti Mehta,Coimbatore,Tamil Nadu,2023-02-11
7291,Arjun Reddy,Lucknow,Uttar Pradesh,2024-10-20
7292,Neha Verma,Guwahati,Assam,2023-12-17
7293,Ritu Mehta,Pune,Maharashtra,2024-08-25
7294,Vikram Dutta,Guwahati,Assam,2024-04-04
7295,Kavya Singh,Guwahati,Assam,2024-09-01
7296,Priya Verma,Chennai,Tamil Nadu,2022-02-14
7297,Vikram Saha,Pune,Maharashtra,2021-04-22
7298,Jyoti Nair,Kochi,Kerala,2023-04-25
7299,Vivaan Patel,Mumbai,Maharashtra,2025-12-07
7300,Riya Verma,Mumbai,Maharashtra,2024-07-12
7301,Ritu Singh,Howrah,West Bengal,2026-01-14
7302,Reyansh Jain,Hyderabad,Telangana,2023-04-04
7303,Meera Yadav,Delhi,Delhi,2026-04-22
7304,Pooja Nair,Delhi,Delhi,2025-11-18
7305,Kavya Reddy,Bhopal,Madhya Pradesh,2025-09-22
7306,Nikhil Sharma,Bhubaneswar,Odisha,2021-03-03
7307,Kavya Mishra,Hyderabad,Telangana,2023-11-24
7308,Neha Bora,Kochi,Kerala,2026-05-03
7309,Jyoti Mehta,Lucknow,Uttar Pradesh,2023-08-15
7310,Riya Sharma,Pune,Maharashtra,2023-05-09
7311,Nikhil Das,Hyderabad,Telangana,2024-04-28
7312,Akash Kumar,Gurugram,Haryana,2025-12-17
7313,Sanjay Choudhury,Indore,Madhya Pradesh,2021-12-18
7314,Aarav Yadav,Hyderabad,Telangana,2021-09-29
7315,Deepak Sharma,Mumbai,Maharashtra,2021-10-01
7316,Priya Verma,Bengaluru,Karnataka,2021-09-03
7317,Sai Roy,Jaipur,Rajasthan,2025-07-06
7318,Akash Mehta,Delhi,Delhi,2026-01-20
7319,Ananya Saha,Bengaluru,Karnataka,2022-03-24
7320,Sai Mehta,Chennai,Tamil Nadu,2024-08-26
7321,Nikhil Choudhury,Chennai,Tamil Nadu,2023-12-05
7322,Sai Sharma,Guwahati,Assam,2021-06-16
7323,Sanjay Dutta,Gurugram,Haryana,2022-08-28
7324,Akash Iyer,Bengaluru,Karnataka,2024-09-08
7325,Aarav Mishra,New Delhi,Delhi,2024-05-06
7326,Reyansh Gupta,Pune,Maharashtra,2026-03-12
7327,Aarav Bora,Kolkata,West Bengal,2022-05-25
7328,Neha Ghosh,Ahmedabad,Gujarat,2022-06-30
7329,Vikram Verma,Hyderabad,Telangana,2025-07-30
7330,Jyoti Ghosh,Bengaluru,Karnataka,2023-02-11
7331,Pooja Nair,Mumbai,Maharashtra,2026-02-24
7332,Reyansh Nair,Bengaluru,Karnataka,2022-10-14
7333,Ishaan Roy,Mumbai,Maharashtra,2022-12-28
7334,Aditya Yadav,Bengaluru,Karnataka,2025-03-24
7335,Diya Mehta,Ranchi,Jharkhand,2025-06-06
7336,Ishaan Kumar,Noida,Uttar Pradesh,2026-06-12
7337,Deepak Jain,Bhopal,Madhya Pradesh,2022-07-12
7338,Diya Mishra,Ahmedabad,Gujarat,2021-09-01
7339,Ishaan Jain,Hyderabad,Telangana,2023-10-18
7340,Karan Kumar,Chennai,Tamil Nadu,2026-04-08
7341,Reyansh Gupta,Hyderabad,Telangana,2022-02-09
7342,Isha Ghosh,Hyderabad,Telangana,2023-02-20
7343,Kavya Roy,Jaipur,Rajasthan,2024-07-03
7344,Reyansh Iyer,Bengaluru,Karnataka,2021-05-31
7345,Deepak Choudhury,Surat,Gujarat,2024-03-07
7346,Akash Bora,Kochi,Kerala,2025-10-18
7347,Rohan Bora,Nagpur,Maharashtra,2021-04-14
7348,Sai Bora,Jaipur,Rajasthan,2023-03-04
7349,Aditi Dutta,Kochi,Kerala,2024-02-29
7350,Isha Singh,Mumbai,Maharashtra,2023-05-04
7351,Vikram Mishra,Kochi,Kerala,2026-04-27
7352,Krishna Iyer,Surat,Gujarat,2021-12-29
7353,Vikram Saha,Chennai,Tamil Nadu,2024-04-23
7354,Neha Saha,Lucknow,Uttar Pradesh,2021-11-13
7355,Riya Gupta,Patna,Bihar,2025-02-12
7356,Riya Choudhury,New Delhi,Delhi,2025-03-20
7357,Riya Jain,Indore,Madhya Pradesh,2023-03-30
7358,Priya Saha,Kolkata,West Bengal,2023-10-12
7359,Pooja Roy,Delhi,Delhi,2026-02-20
7360,Ishaan Mehta,Mumbai,Maharashtra,2021-09-06
7361,Kavya Mehta,Howrah,West Bengal,2021-04-11
7362,Ishaan Das,Guwahati,Assam,2025-07-24
7363,Kavya Patel,Chennai,Tamil Nadu,2024-05-20
7364,Aditya Dutta,Kochi,Kerala,2024-05-12
7365,Aarav Sharma,Thiruvananthapuram,Kerala,2023-04-05
7366,Rahul Nair,Mumbai,Maharashtra,2021-05-17
7367,Nikhil Ghosh,Mumbai,Maharashtra,2026-06-28
7368,Deepak Saha,Dibrugarh,Assam,2021-10-28
7369,Aditya Nair,Gurugram,Haryana,2026-04-18
7370,Ishaan Verma,Chandigarh,Chandigarh,2024-09-16
7371,Vikram Mishra,Indore,Madhya Pradesh,2025-02-06
7372,Arjun Sharma,Pune,Maharashtra,2022-09-08
7373,Neha Choudhury,New Delhi,Delhi,2025-07-21
7374,Jyoti Yadav,Mysuru,Karnataka,2026-01-20
7375,Neha Saha,Kolkata,West Bengal,2021-03-09
7376,Ananya Kumar,Ahmedabad,Gujarat,2024-08-12
7377,Sanjay Dutta,Bengaluru,Karnataka,2025-03-01
7378,Ananya Saha,Bengaluru,Karnataka,2021-01-24
7379,Reyansh Verma,Kochi,Kerala,2024-08-22
7380,Ananya Gupta,Howrah,West Bengal,2022-04-24
7381,Sneha Roy,Mumbai,Maharashtra,2026-03-25
7382,Sanjay Das,Hyderabad,Telangana,2026-04-15
7383,Riya Saha,Jaipur,Rajasthan,2022-06-19
7384,Neha Yadav,Coimbatore,Tamil Nadu,2026-02-18
7385,Deepak Verma,Silchar,Assam,2026-06-28
7386,Diya Kumar,Lucknow,Uttar Pradesh,2025-10-22
7387,Aarav Singh,Howrah,West Bengal,2025-12-06
7388,Ishaan Sharma,Kolkata,West Bengal,2023-01-17
7389,Meera Das,Hyderabad,Telangana,2023-04-17
7390,Neha Reddy,Dibrugarh,Assam,2023-06-01
7391,Pooja Nair,Kochi,Kerala,2021-11-10
7392,Rahul Gupta,Indore,Madhya Pradesh,2021-01-14
7393,Sneha Mehta,Patna,Bihar,2022-09-22
7394,Ananya Gupta,Nagpur,Maharashtra,2021-12-01
7395,Krishna Choudhury,Kochi,Kerala,2024-09-06
7396,Ritu Kumar,Lucknow,Uttar Pradesh,2022-10-09
7397,Sneha Choudhury,Pune,Maharashtra,2021-04-17
7398,Sai Singh,Kolkata,West Bengal,2024-08-08
7399,Diya Verma,Kolkata,West Bengal,2026-06-11
7400,Pooja Mishra,New Delhi,Delhi,2021-06-26
7401,Vivaan Dutta,Bhubaneswar,Odisha,2022-01-03
7402,Aditi Mishra,Noida,Uttar Pradesh,2025-09-03
7403,Neha Patel,Surat,Gujarat,2021-05-26
7404,Krishna Ghosh,Howrah,West Bengal,2022-02-01
7405,Manish Bora,Mumbai,Maharashtra,2022-09-03
7406,Rahul Mehta,Ranchi,Jharkhand,2025-10-11
7407,Riya Saha,Bhopal,Madhya Pradesh,2022-08-10
7408,Sneha Roy,Mumbai,Maharashtra,2022-07-09
7409,Riya Roy,Mumbai,Maharashtra,2025-03-16
7410,Ishaan Reddy,Indore,Madhya Pradesh,2025-05-06
7411,Akash Sharma,Thiruvananthapuram,Kerala,2026-03-06
7412,Meera Reddy,Noida,Uttar Pradesh,2023-08-22
7413,Aditi Singh,Pune,Maharashtra,2025-03-31
7414,Vivaan Yadav,Patna,Bihar,2024-07-13
7415,Diya Singh,Indore,Madhya Pradesh,2026-06-20
7416,Nikhil Bora,Kolkata,West Bengal,2022-05-05
7417,Diya Singh,Indore,Madhya Pradesh,2024-04-29
7418,Krishna Mehta,Bengaluru,Karnataka,2023-02-25
7419,Aditya Yadav,Mumbai,Maharashtra,2025-07-25
7420,Aarav Iyer,Patna,Bihar,2023-11-09
7421,Aditya Das,Chennai,Tamil Nadu,2025-02-28
7422,Priya Mehta,Mysuru,Karnataka,2025-09-07
7423,Aditi Kumar,Bengaluru,Karnataka,2025-06-28
7424,Aditi Das,Lucknow,Uttar Pradesh,2022-05-25
7425,Jyoti Choudhury,Silchar,Assam,2021-04-07
7426,Vivaan Nair,Bhopal,Madhya Pradesh,2021-01-06
7427,Akash Sharma,Mumbai,Maharashtra,2022-05-19
7428,Akash Nair,Gurugram,Haryana,2022-10-16
7429,Aarav Gupta,Pune,Maharashtra,2022-07-20
7430,Karan Yadav,Jaipur,Rajasthan,2025-06-03
7431,Sanjay Yadav,Delhi,Delhi,2021-06-16
7432,Neha Kumar,Mumbai,Maharashtra,2022-03-05
7433,Pooja Verma,Coimbatore,Tamil Nadu,2021-11-25
7434,Vikram Yadav,Bengaluru,Karnataka,2023-02-01
7435,Rohan Sharma,Ahmedabad,Gujarat,2024-11-02
7436,Riya Sharma,Lucknow,Uttar Pradesh,2023-12-30
7437,Sai Saha,Delhi,Delhi,2022-10-21
7438,Akash Kumar,Noida,Uttar Pradesh,2021-07-05
7439,Karan Saha,Bengaluru,Karnataka,2023-06-15
7440,Manish Gupta,New Delhi,Delhi,2022-02-22
7441,Reyansh Patel,Chennai,Tamil Nadu,2023-05-06
7442,Aditi Ghosh,Mumbai,Maharashtra,2022-01-24
7443,Aarav Jain,Bengaluru,Karnataka,2025-10-07
7444,Vivaan Roy,Guwahati,Assam,2026-01-18
7445,Manish Saha,Kolkata,West Bengal,2023-11-02
7446,Vivaan Saha,Ahmedabad,Gujarat,2026-06-08
7447,Nikhil Das,Delhi,Delhi,2026-06-29
7448,Aditya Yadav,Surat,Gujarat,2024-06-13
7449,Karan Nair,Bhopal,Madhya Pradesh,2025-08-12
7450,Aditya Patel,Indore,Madhya Pradesh,2021-06-11
7451,Reyansh Kumar,Noida,Uttar Pradesh,2026-02-08
7452,Ananya Yadav,Chennai,Tamil Nadu,2021-07-17
7453,Riya Verma,Bengaluru,Karnataka,2022-11-25
7454,Isha Gupta,Chennai,Tamil Nadu,2025-06-28
7455,Arjun Saha,Delhi,Delhi,2021-09-02
7456,Rahul Ghosh,Lucknow,Uttar Pradesh,2021-03-08
7457,Sai Dutta,Ranchi,Jharkhand,2024-10-08
7458,Aditi Choudhury,Mumbai,Maharashtra,2022-04-08
7459,Sneha Mehta,Noida,Uttar Pradesh,2023-09-02
7460,Rahul Choudhury,Chennai,Tamil Nadu,2022-07-25
7461,Sanjay Verma,Gurugram,Haryana,2026-05-18
7462,Akash Dutta,Indore,Madhya Pradesh,2024-10-22
7463,Krishna Singh,Silchar,Assam,2026-01-08
7464,Rahul Kumar,Hyderabad,Telangana,2021-05-11
7465,Aditi Mishra,Chandigarh,Chandigarh,2025-08-13
7466,Neha Mehta,Chennai,Tamil Nadu,2022-05-15
7467,Sneha Kumar,Hyderabad,Telangana,2025-06-12
7468,Ritu Roy,Thiruvananthapuram,Kerala,2021-09-28
7469,Karan Mishra,Delhi,Delhi,2022-11-01
7470,Diya Gupta,Chennai,Tamil Nadu,2021-01-06
7471,Manish Kumar,Kochi,Kerala,2021-10-10
7472,Rahul Sharma,Pune,Maharashtra,2023-12-31
7473,Deepak Yadav,Nagpur,Maharashtra,2023-09-23
7474,Krishna Kumar,Guwahati,Assam,2021-01-13
7475,Ananya Verma,Howrah,West Bengal,2021-04-10
7476,Isha Kumar,Coimbatore,Tamil Nadu,2021-03-27
7477,Aarav Iyer,Bengaluru,Karnataka,2025-08-26
7478,Kavya Singh,Mumbai,Maharashtra,2025-02-05
7479,Rohan Sharma,Lucknow,Uttar Pradesh,2023-05-29
7480,Arjun Sharma,Jaipur,Rajasthan,2024-04-18
7481,Vivaan Mishra,Indore,Madhya Pradesh,2024-04-16
7482,Vivaan Gupta,Nagpur,Maharashtra,2021-12-04
7483,Diya Dutta,Lucknow,Uttar Pradesh,2021-10-21
7484,Ananya Bora,Mumbai,Maharashtra,2022-06-22
7485,Priya Iyer,Noida,Uttar Pradesh,2025-04-21
7486,Aditi Iyer,Ahmedabad,Gujarat,2024-11-26
7487,Neha Bora,New Delhi,Delhi,2021-08-18
7488,Vivaan Saha,Kochi,Kerala,2021-03-27
7489,Vivaan Dutta,Gurugram,Haryana,2023-06-01
7490,Diya Choudhury,Indore,Madhya Pradesh,2023-08-08
7491,Ananya Mehta,Dibrugarh,Assam,2024-09-16
7492,Neha Dutta,Ranchi,Jharkhand,2024-07-14
7493,Manish Yadav,Mumbai,Maharashtra,2022-08-09
7494,Karan Nair,Kochi,Kerala,2022-07-31
7495,Kavya Singh,Dibrugarh,Assam,2022-04-07
7496,Jyoti Yadav,Nagpur,Maharashtra,2021-02-03
7497,Aditi Kumar,Nagpur,Maharashtra,2024-01-28
7498,Kavya Patel,Chennai,Tamil Nadu,2022-12-19
7499,Ritu Nair,Bengaluru,Karnataka,2025-09-15
7500,Isha Bora,Bhubaneswar,Odisha,2023-03-27
7501,Sanjay Iyer,Indore,Madhya Pradesh,2024-05-07
7502,Aditi Choudhury,Delhi,Delhi,2023-10-08
7503,Meera Kumar,Mumbai,Maharashtra,2024-12-03
7504,Sanjay Roy,Mumbai,Maharashtra,2026-06-09
7505,Deepak Dutta,Pune,Maharashtra,2023-05-11
7506,Aarav Ghosh,Mysuru,Karnataka,2023-05-17
7507,Ritu Dutta,Mumbai,Maharashtra,2023-07-09
7508,Vikram Kumar,Bhubaneswar,Odisha,2026-01-21
7509,Diya Singh,Mumbai,Maharashtra,2022-02-07
7510,Aarav Singh,Chennai,Tamil Nadu,2023-01-18
7511,Nikhil Sharma,Chennai,Tamil Nadu,2022-02-12
7512,Nikhil Singh,Mumbai,Maharashtra,2022-04-17
7513,Arjun Reddy,Hyderabad,Telangana,2025-07-15
7514,Kavya Ghosh,Hyderabad,Telangana,2022-12-12
7515,Reyansh Bora,Ahmedabad,Gujarat,2023-02-04
7516,Krishna Gupta,Bengaluru,Karnataka,2021-06-03
7517,Priya Mishra,Surat,Gujarat,2022-09-22
7518,Isha Mehta,Bengaluru,Karnataka,2024-12-24
7519,Krishna Das,Gurugram,Haryana,2023-01-19
7520,Karan Ghosh,Noida,Uttar Pradesh,2022-10-18
7521,Manish Ghosh,Surat,Gujarat,2022-10-16
7522,Manish Singh,Nagpur,Maharashtra,2026-03-27
7523,Kavya Mishra,Bhubaneswar,Odisha,2026-03-25
7524,Manish Nair,Howrah,West Bengal,2023-06-10
7525,Neha Patel,Indore,Madhya Pradesh,2023-04-09
7526,Akash Das,Hyderabad,Telangana,2023-03-07
7527,Akash Reddy,Ahmedabad,Gujarat,2022-02-03
7528,Rohan Yadav,Gurugram,Haryana,2023-10-11
7529,Aarav Iyer,Kolkata,West Bengal,2024-01-26
7530,Pooja Bora,Noida,Uttar Pradesh,2021-04-11
7531,Karan Choudhury,Kochi,Kerala,2025-03-08
7532,Manish Singh,Indore,Madhya Pradesh,2025-06-30
7533,Ritu Sharma,Ahmedabad,Gujarat,2022-05-16
7534,Neha Bora,Ranchi,Jharkhand,2021-07-25
7535,Diya Roy,Delhi,Delhi,2024-05-20
7536,Krishna Dutta,Kolkata,West Bengal,2022-03-21
7537,Karan Choudhury,Noida,Uttar Pradesh,2024-05-21
7538,Reyansh Patel,New Delhi,Delhi,2024-10-29
7539,Isha Nair,Ahmedabad,Gujarat,2025-10-29
7540,Ritu Yadav,Bengaluru,Karnataka,2022-01-17
7541,Ishaan Bora,Silchar,Assam,2022-10-22
7542,Sanjay Ghosh,Ranchi,Jharkhand,2026-03-30
7543,Neha Bora,Chennai,Tamil Nadu,2025-10-27
7544,Sneha Gupta,Bengaluru,Karnataka,2023-06-19
7545,Sai Gupta,Jaipur,Rajasthan,2024-12-23
7546,Ananya Dutta,Gurugram,Haryana,2025-11-12
7547,Nikhil Bora,Mumbai,Maharashtra,2022-05-04
7548,Rohan Sharma,Mumbai,Maharashtra,2021-07-12
7549,Krishna Gupta,Mumbai,Maharashtra,2024-06-17
7550,Kavya Mehta,Bhubaneswar,Odisha,2021-12-25
7551,Rahul Choudhury,Bengaluru,Karnataka,2022-03-12
7552,Neha Jain,Lucknow,Uttar Pradesh,2024-05-23
7553,Aarav Choudhury,Delhi,Delhi,2024-05-30
7554,Ritu Singh,Chennai,Tamil Nadu,2022-10-20
7555,Karan Reddy,Chennai,Tamil Nadu,2022-07-05
7556,Vivaan Ghosh,Nagpur,Maharashtra,2023-03-08
7557,Karan Saha,Mysuru,Karnataka,2024-03-10
7558,Riya Gupta,Jaipur,Rajasthan,2022-02-18
7559,Karan Kumar,Nagpur,Maharashtra,2021-01-08
7560,Krishna Dutta,Patna,Bihar,2022-05-19
7561,Meera Dutta,Delhi,Delhi,2025-04-03
7562,Priya Ghosh,Silchar,Assam,2023-10-07
7563,Aditya Roy,Kolkata,West Bengal,2022-02-22
7564,Karan Verma,Guwahati,Assam,2023-11-03
7565,Vikram Nair,Kochi,Kerala,2023-04-03
7566,Vikram Ghosh,Gurugram,Haryana,2021-02-27
7567,Diya Verma,Mumbai,Maharashtra,2024-02-18
7568,Vivaan Reddy,Bengaluru,Karnataka,2025-06-22
7569,Aditi Jain,Jaipur,Rajasthan,2021-12-14
7570,Jyoti Nair,Patna,Bihar,2021-10-05
7571,Vivaan Choudhury,Pune,Maharashtra,2025-08-15
7572,Manish Verma,Patna,Bihar,2022-09-02
7573,Rohan Sharma,Nagpur,Maharashtra,2023-10-13
7574,Meera Choudhury,Noida,Uttar Pradesh,2025-11-14
7575,Kavya Bora,Patna,Bihar,2023-01-22
7576,Reyansh Iyer,Hyderabad,Telangana,2023-05-11
7577,Deepak Roy,Ahmedabad,Gujarat,2021-01-05
7578,Deepak Verma,Bhopal,Madhya Pradesh,2021-01-29
7579,Krishna Jain,Bengaluru,Karnataka,2023-04-10
7580,Jyoti Kumar,Lucknow,Uttar Pradesh,2023-01-01
7581,Rohan Roy,Guwahati,Assam,2025-06-18
7582,Neha Ghosh,Gurugram,Haryana,2022-08-03
7583,Sneha Mishra,Bengaluru,Karnataka,2024-05-03
7584,Vikram Patel,New Delhi,Delhi,2023-12-07
7585,Pooja Mishra,Thiruvananthapuram,Kerala,2024-12-02
7586,Neha Yadav,Noida,Uttar Pradesh,2025-03-14
7587,Aditi Singh,Gurugram,Haryana,2025-09-21
7588,Karan Jain,Bengaluru,Karnataka,2026-02-15
7589,Manish Saha,Hyderabad,Telangana,2024-04-21
7590,Ananya Sharma,Guwahati,Assam,2025-07-25
7591,Karan Patel,Indore,Madhya Pradesh,2024-05-08
7592,Pooja Roy,Delhi,Delhi,2023-05-04
7593,Reyansh Gupta,Bengaluru,Karnataka,2021-09-19
7594,Akash Kumar,Kochi,Kerala,2022-06-11
7595,Sai Yadav,Pune,Maharashtra,2021-07-26
7596,Akash Yadav,Surat,Gujarat,2026-03-29
7597,Nikhil Das,Ranchi,Jharkhand,2021-06-02
7598,Riya Reddy,Chennai,Tamil Nadu,2022-08-14
7599,Aarav Singh,New Delhi,Delhi,2021-02-03
7600,Meera Bora,Delhi,Delhi,2023-07-12
7601,Deepak Mishra,Nagpur,Maharashtra,2022-01-31
7602,Vikram Nair,Kochi,Kerala,2024-12-11
7603,Sai Bora,Shillong,Meghalaya,2022-09-07
7604,Priya Jain,Chennai,Tamil Nadu,2025-01-04
7605,Ritu Jain,Noida,Uttar Pradesh,2021-05-12
7606,Reyansh Dutta,Patna,Bihar,2023-12-14
7607,Jyoti Yadav,New Delhi,Delhi,2023-12-13
7608,Ananya Yadav,Lucknow,Uttar Pradesh,2021-04-29
7609,Aditya Kumar,Kochi,Kerala,2022-08-18
7610,Karan Singh,Howrah,West Bengal,2023-02-27
7611,Karan Mehta,Thiruvananthapuram,Kerala,2022-02-14
7612,Isha Nair,Ahmedabad,Gujarat,2023-01-28
7613,Neha Saha,Kolkata,West Bengal,2026-06-30
7614,Rohan Kumar,Ahmedabad,Gujarat,2025-11-17
7615,Ananya Jain,Mumbai,Maharashtra,2024-10-23
7616,Aditi Mehta,Hyderabad,Telangana,2023-06-28
7617,Isha Patel,Ahmedabad,Gujarat,2025-06-20
7618,Ishaan Sharma,Guwahati,Assam,2024-01-15
7619,Vikram Ghosh,Indore,Madhya Pradesh,2025-10-24
7620,Sanjay Das,Delhi,Delhi,2023-03-20
7621,Vivaan Mishra,Mumbai,Maharashtra,2024-01-18
7622,Aditya Kumar,Indore,Madhya Pradesh,2023-05-05
7623,Arjun Roy,Coimbatore,Tamil Nadu,2021-01-16
7624,Ananya Ghosh,Mysuru,Karnataka,2026-01-19
7625,Rohan Reddy,Noida,Uttar Pradesh,2023-04-13
7626,Kavya Kumar,Kolkata,West Bengal,2026-03-14
7627,Pooja Iyer,Mysuru,Karnataka,2025-03-20
7628,Arjun Bora,Guwahati,Assam,2022-12-23
7629,Rohan Sharma,Bengaluru,Karnataka,2023-06-02
7630,Kavya Ghosh,Mumbai,Maharashtra,2023-03-03
7631,Sanjay Roy,Chennai,Tamil Nadu,2025-05-31
7632,Reyansh Nair,Ranchi,Jharkhand,2025-10-19
7633,Aditya Roy,Noida,Uttar Pradesh,2023-01-02
7634,Ananya Das,Coimbatore,Tamil Nadu,2022-06-07
7635,Rohan Nair,Delhi,Delhi,2026-01-01
7636,Kavya Mishra,Bengaluru,Karnataka,2025-04-26
7637,Rahul Sharma,Jaipur,Rajasthan,2026-03-26
7638,Deepak Patel,Delhi,Delhi,2025-10-03
7639,Vikram Yadav,New Delhi,Delhi,2023-04-13
7640,Kavya Gupta,Thiruvananthapuram,Kerala,2021-02-04
7641,Sneha Verma,Bhopal,Madhya Pradesh,2025-08-08
7642,Aarav Gupta,Gurugram,Haryana,2023-07-16
7643,Akash Saha,Hyderabad,Telangana,2021-04-04
7644,Rohan Dutta,Bengaluru,Karnataka,2026-04-03
7645,Jyoti Roy,Silchar,Assam,2023-11-16
7646,Sanjay Reddy,Mumbai,Maharashtra,2021-04-03
7647,Aditi Yadav,Gurugram,Haryana,2024-01-13
7648,Pooja Mehta,New Delhi,Delhi,2024-05-31
7649,Rohan Mishra,Chandigarh,Chandigarh,2022-03-12
7650,Meera Singh,Mumbai,Maharashtra,2025-04-27
7651,Aditi Choudhury,Bhopal,Madhya Pradesh,2023-09-02
7652,Deepak Mishra,Indore,Madhya Pradesh,2026-02-26
7653,Deepak Mehta,Indore,Madhya Pradesh,2021-10-04
7654,Riya Mehta,Chennai,Tamil Nadu,2021-11-10
7655,Isha Saha,Pune,Maharashtra,2023-01-13
7656,Rahul Reddy,Bengaluru,Karnataka,2021-01-27
7657,Krishna Iyer,Silchar,Assam,2023-08-09
7658,Pooja Choudhury,Bhubaneswar,Odisha,2023-02-13
7659,Aarav Mishra,Bengaluru,Karnataka,2023-11-10
7660,Jyoti Gupta,Mysuru,Karnataka,2024-08-04
7661,Aarav Reddy,Ahmedabad,Gujarat,2024-10-18
7662,Pooja Yadav,Surat,Gujarat,2024-07-10
7663,Meera Sharma,Mumbai,Maharashtra,2024-09-09
7664,Rohan Mehta,Delhi,Delhi,2024-06-17
7665,Sanjay Verma,Delhi,Delhi,2025-11-21
7666,Aditya Iyer,Ranchi,Jharkhand,2026-06-09
7667,Pooja Dutta,Silchar,Assam,2024-05-14
7668,Aditi Sharma,Chennai,Tamil Nadu,2022-07-29
7669,Rahul Dutta,Kolkata,West Bengal,2025-09-26
7670,Neha Ghosh,Mumbai,Maharashtra,2021-07-17
7671,Rahul Yadav,Lucknow,Uttar Pradesh,2023-08-23
7672,Aditi Iyer,Hyderabad,Telangana,2023-01-13
7673,Nikhil Nair,Kochi,Kerala,2021-08-21
7674,Meera Mehta,Mumbai,Maharashtra,2026-01-16
7675,Kavya Bora,Thiruvananthapuram,Kerala,2024-11-07
7676,Kavya Dutta,New Delhi,Delhi,2023-10-23
7677,Sanjay Jain,Bhopal,Madhya Pradesh,2022-10-18
7678,Kavya Mehta,Indore,Madhya Pradesh,2024-11-27
7679,Sai Gupta,Pune,Maharashtra,2023-05-11
7680,Sai Roy,Lucknow,Uttar Pradesh,2022-03-27
7681,Diya Yadav,Mumbai,Maharashtra,2024-08-09
7682,Pooja Mehta,Chennai,Tamil Nadu,2024-06-29
7683,Deepak Choudhury,Delhi,Delhi,2023-05-11
7684,Krishna Das,Bengaluru,Karnataka,2023-11-24
7685,Krishna Sharma,Indore,Madhya Pradesh,2023-06-28
7686,Deepak Mishra,Coimbatore,Tamil Nadu,2022-01-08
7687,Jyoti Singh,New Delhi,Delhi,2026-06-03
7688,Kavya Singh,Chennai,Tamil Nadu,2025-07-21
7689,Reyansh Nair,Kolkata,West Bengal,2023-10-23
7690,Isha Iyer,Patna,Bihar,2025-12-21
7691,Rahul Roy,Bhopal,Madhya Pradesh,2024-02-28
7692,Deepak Sharma,Jaipur,Rajasthan,2024-04-30
7693,Reyansh Gupta,Dibrugarh,Assam,2026-03-16
7694,Reyansh Gupta,Nagpur,Maharashtra,2025-01-24
7695,Priya Saha,Lucknow,Uttar Pradesh,2021-09-01
7696,Aarav Dutta,Kolkata,West Bengal,2024-04-01
7697,Sneha Mishra,Guwahati,Assam,2022-04-12
7698,Deepak Roy,Mumbai,Maharashtra,2024-12-21
7699,Ritu Yadav,Mysuru,Karnataka,2022-07-13
7700,Vivaan Yadav,Jaipur,Rajasthan,2023-07-07
7701,Priya Mishra,Bengaluru,Karnataka,2023-08-13
7702,Aditya Ghosh,Mysuru,Karnataka,2022-06-16
7703,Ananya Patel,Hyderabad,Telangana,2022-10-05
7704,Deepak Yadav,Surat,Gujarat,2021-06-08
7705,Vivaan Ghosh,Ahmedabad,Gujarat,2024-11-04
7706,Kavya Singh,Chandigarh,Chandigarh,2023-08-06
7707,Ananya Choudhury,Chennai,Tamil Nadu,2021-05-13
7708,Neha Nair,Surat,Gujarat,2024-02-17
7709,Pooja Kumar,Chennai,Tamil Nadu,2024-05-31
7710,Riya Patel,Delhi,Delhi,2025-08-21
7711,Kavya Ghosh,Kolkata,West Bengal,2024-02-02
7712,Aarav Dutta,Hyderabad,Telangana,2023-12-12
7713,Sneha Kumar,Kochi,Kerala,2024-11-04
7714,Neha Kumar,Pune,Maharashtra,2022-05-03
7715,Arjun Saha,Noida,Uttar Pradesh,2022-01-05
7716,Ananya Singh,Mumbai,Maharashtra,2025-10-07
7717,Riya Das,Ahmedabad,Gujarat,2025-07-12
7718,Jyoti Yadav,Delhi,Delhi,2024-03-07
7719,Ritu Das,Howrah,West Bengal,2023-03-04
7720,Deepak Sharma,Kolkata,West Bengal,2021-10-02
7721,Aarav Kumar,Lucknow,Uttar Pradesh,2023-09-28
7722,Ritu Saha,Coimbatore,Tamil Nadu,2025-04-07
7723,Vivaan Ghosh,Mumbai,Maharashtra,2021-08-31
7724,Sneha Dutta,Surat,Gujarat,2022-03-26
7725,Isha Yadav,Surat,Gujarat,2021-10-22
7726,Ishaan Mehta,Jaipur,Rajasthan,2022-04-19
7727,Nikhil Roy,Guwahati,Assam,2023-11-14
7728,Akash Ghosh,Lucknow,Uttar Pradesh,2024-05-29
7729,Karan Reddy,Silchar,Assam,2022-05-12
7730,Ananya Ghosh,Mumbai,Maharashtra,2023-10-03
7731,Ritu Jain,Kolkata,West Bengal,2023-04-28
7732,Ishaan Patel,Patna,Bihar,2025-11-07
7733,Priya Sharma,Chennai,Tamil Nadu,2024-11-15
7734,Ishaan Das,Ranchi,Jharkhand,2023-06-25
7735,Sanjay Patel,Bhubaneswar,Odisha,2025-09-17
7736,Ananya Verma,Pune,Maharashtra,2022-11-06
7737,Ananya Ghosh,Noida,Uttar Pradesh,2025-04-22
7738,Diya Dutta,Noida,Uttar Pradesh,2021-03-09
7739,Sneha Saha,Lucknow,Uttar Pradesh,2023-12-11
7740,Manish Gupta,Surat,Gujarat,2025-12-02
7741,Deepak Mehta,Howrah,West Bengal,2024-12-26
7742,Diya Jain,Bengaluru,Karnataka,2022-09-30
7743,Aditya Nair,Ahmedabad,Gujarat,2021-08-03
7744,Sneha Verma,Mumbai,Maharashtra,2025-12-24
7745,Arjun Dutta,Lucknow,Uttar Pradesh,2024-12-07
7746,Jyoti Reddy,Dibrugarh,Assam,2026-06-26
7747,Isha Yadav,Indore,Madhya Pradesh,2022-02-11
7748,Ananya Kumar,Thiruvananthapuram,Kerala,2021-08-22
7749,Riya Saha,Ranchi,Jharkhand,2025-05-10
7750,Neha Ghosh,Pune,Maharashtra,2021-03-18
7751,Aditi Ghosh,Indore,Madhya Pradesh,2023-07-12
7752,Akash Dutta,Ahmedabad,Gujarat,2025-11-25
7753,Rahul Mehta,New Delhi,Delhi,2026-06-17
7754,Rahul Mehta,Chennai,Tamil Nadu,2023-11-16
7755,Neha Nair,Hyderabad,Telangana,2023-08-27
7756,Ishaan Roy,Mumbai,Maharashtra,2025-04-09
7757,Rahul Sharma,Gurugram,Haryana,2023-05-26
7758,Reyansh Saha,Mumbai,Maharashtra,2022-03-23
7759,Pooja Choudhury,Mysuru,Karnataka,2022-03-24
7760,Ritu Das,Kolkata,West Bengal,2022-03-03
7761,Sneha Iyer,Chennai,Tamil Nadu,2026-04-20
7762,Sai Saha,Hyderabad,Telangana,2026-02-22
7763,Reyansh Ghosh,Silchar,Assam,2024-10-02
7764,Isha Yadav,New Delhi,Delhi,2023-11-09
7765,Karan Verma,Patna,Bihar,2022-03-03
7766,Aditya Reddy,Nagpur,Maharashtra,2025-08-27
7767,Karan Nair,Ahmedabad,Gujarat,2026-03-03
7768,Ishaan Gupta,Lucknow,Uttar Pradesh,2025-08-10
7769,Isha Iyer,Delhi,Delhi,2021-07-05
7770,Jyoti Mehta,Mumbai,Maharashtra,2022-12-12
7771,Meera Kumar,Ahmedabad,Gujarat,2024-04-09
7772,Vikram Patel,Mumbai,Maharashtra,2023-08-14
7773,Isha Choudhury,Bengaluru,Karnataka,2025-06-16
7774,Sai Das,Gurugram,Haryana,2023-03-08
7775,Neha Iyer,Chennai,Tamil Nadu,2024-07-18
7776,Aditya Choudhury,Ahmedabad,Gujarat,2024-08-24
7777,Vikram Saha,Bengaluru,Karnataka,2026-03-24
7778,Priya Sharma,Pune,Maharashtra,2021-05-11
7779,Sai Bora,Chennai,Tamil Nadu,2026-04-27
7780,Arjun Kumar,Pune,Maharashtra,2024-09-22
7781,Jyoti Nair,Ahmedabad,Gujarat,2021-05-28
7782,Ishaan Nair,Guwahati,Assam,2021-07-22
7783,Sneha Kumar,Bhopal,Madhya Pradesh,2024-09-29
7784,Karan Mishra,Noida,Uttar Pradesh,2021-04-30
7785,Krishna Choudhury,Bengaluru,Karnataka,2024-02-26
7786,Aarav Dutta,Ranchi,Jharkhand,2022-08-13
7787,Ritu Dutta,Surat,Gujarat,2025-01-12
7788,Nikhil Gupta,Ahmedabad,Gujarat,2022-08-15
7789,Vikram Sharma,Kochi,Kerala,2025-04-28
7790,Ritu Iyer,Ranchi,Jharkhand,2023-05-20
7791,Aarav Mishra,Kochi,Kerala,2025-03-15
7792,Isha Bora,Gurugram,Haryana,2024-04-13
7793,Krishna Roy,Pune,Maharashtra,2025-12-30
7794,Arjun Saha,Chennai,Tamil Nadu,2023-07-31
7795,Meera Roy,Chandigarh,Chandigarh,2023-05-01
7796,Reyansh Reddy,Kochi,Kerala,2021-01-04
7797,Ishaan Mehta,Chandigarh,Chandigarh,2026-02-18
7798,Vikram Verma,Delhi,Delhi,2026-04-30
7799,Deepak Dutta,Nagpur,Maharashtra,2025-10-05
7800,Ishaan Mehta,Nagpur,Maharashtra,2024-12-02
7801,Vivaan Singh,Jaipur,Rajasthan,2024-01-20
7802,Manish Ghosh,Guwahati,Assam,2022-03-04
7803,Ishaan Roy,Kochi,Kerala,2024-02-09
7804,Manish Sharma,Kolkata,West Bengal,2024-06-18
7805,Priya Saha,Pune,Maharashtra,2025-11-05
7806,Jyoti Nair,Pune,Maharashtra,2021-11-03
7807,Arjun Mehta,Bengaluru,Karnataka,2023-04-07
7808,Sai Patel,Bengaluru,Karnataka,2024-06-17
7809,Diya Singh,Bengaluru,Karnataka,2025-10-24
7810,Isha Iyer,Hyderabad,Telangana,2025-10-10
7811,Reyansh Kumar,Hyderabad,Telangana,2022-09-22
7812,Riya Kumar,Ranchi,Jharkhand,2021-08-14
7813,Reyansh Kumar,Bengaluru,Karnataka,2025-03-20
7814,Neha Iyer,New Delhi,Delhi,2024-03-08
7815,Isha Saha,Gurugram,Haryana,2024-08-09
7816,Neha Bora,Jaipur,Rajasthan,2022-12-31
7817,Nikhil Ghosh,Lucknow,Uttar Pradesh,2023-09-23
7818,Rohan Singh,Chennai,Tamil Nadu,2025-12-09
7819,Aarav Patel,Bengaluru,Karnataka,2021-04-03
7820,Sanjay Yadav,Dibrugarh,Assam,2026-06-07
7821,Sai Reddy,Mysuru,Karnataka,2026-06-16
7822,Manish Patel,Chennai,Tamil Nadu,2025-02-01
7823,Rohan Nair,Bhopal,Madhya Pradesh,2025-05-21
7824,Akash Yadav,Dibrugarh,Assam,2022-06-08
7825,Sai Yadav,Coimbatore,Tamil Nadu,2021-10-16
7826,Neha Sharma,Silchar,Assam,2022-04-14
7827,Ishaan Gupta,Bengaluru,Karnataka,2025-03-27
7828,Diya Mehta,Mumbai,Maharashtra,2026-03-10
7829,Karan Singh,Chennai,Tamil Nadu,2025-02-22
7830,Rahul Mishra,Chennai,Tamil Nadu,2023-09-15
7831,Diya Singh,Bhopal,Madhya Pradesh,2021-11-01
7832,Sanjay Mishra,Pune,Maharashtra,2024-11-27
7833,Priya Mishra,Hyderabad,Telangana,2023-11-25
7834,Aditya Dutta,Bhopal,Madhya Pradesh,2022-03-14
7835,Rahul Sharma,Indore,Madhya Pradesh,2021-01-17
7836,Ishaan Ghosh,Surat,Gujarat,2022-08-08
7837,Meera Das,Kolkata,West Bengal,2023-06-11
7838,Karan Jain,Kolkata,West Bengal,2021-04-17
7839,Vivaan Verma,Ranchi,Jharkhand,2023-10-26
7840,Riya Choudhury,Pune,Maharashtra,2024-11-27
7841,Rahul Patel,Kochi,Kerala,2021-06-25
7842,Aditya Singh,Surat,Gujarat,2022-10-27
7843,Sneha Yadav,Bengaluru,Karnataka,2023-06-07
7844,Arjun Sharma,Hyderabad,Telangana,2024-07-16
7845,Aditya Yadav,Kolkata,West Bengal,2024-01-29
7846,Aditi Kumar,Hyderabad,Telangana,2021-04-03
7847,Meera Nair,Jaipur,Rajasthan,2022-10-18
7848,Priya Verma,Nagpur,Maharashtra,2025-04-08
7849,Jyoti Sharma,Hyderabad,Telangana,2024-01-28
7850,Deepak Mishra,Delhi,Delhi,2023-05-27
7851,Vikram Singh,Lucknow,Uttar Pradesh,2022-05-16
7852,Sai Patel,Chennai,Tamil Nadu,2022-06-24
7853,Vivaan Bora,Mumbai,Maharashtra,2021-03-10
7854,Kavya Roy,Delhi,Delhi,2022-01-14
7855,Jyoti Reddy,Indore,Madhya Pradesh,2026-06-24
7856,Nikhil Reddy,Silchar,Assam,2021-02-08
7857,Sai Nair,Silchar,Assam,2021-10-10
7858,Rahul Dutta,Chandigarh,Chandigarh,2021-07-16
7859,Sneha Verma,Mumbai,Maharashtra,2023-04-18
7860,Rohan Reddy,Pune,Maharashtra,2021-06-04
7861,Reyansh Sharma,Chandigarh,Chandigarh,2024-03-05
7862,Isha Roy,Pune,Maharashtra,2025-10-28
7863,Ritu Jain,Guwahati,Assam,2022-02-26
7864,Ritu Dutta,Delhi,Delhi,2021-10-05
7865,Ananya Gupta,Bengaluru,Karnataka,2021-03-06
7866,Reyansh Bora,Indore,Madhya Pradesh,2024-04-17
7867,Diya Kumar,Lucknow,Uttar Pradesh,2021-04-07
7868,Arjun Saha,Delhi,Delhi,2021-02-26
7869,Aditya Das,Bhubaneswar,Odisha,2025-10-08
7870,Riya Nair,Bhubaneswar,Odisha,2022-06-09
7871,Arjun Patel,New Delhi,Delhi,2024-03-25
7872,Diya Bora,New Delhi,Delhi,2021-12-23
7873,Arjun Patel,Howrah,West Bengal,2026-05-11
7874,Aditi Mehta,Delhi,Delhi,2025-02-10
7875,Meera Nair,Chennai,Tamil Nadu,2025-10-28
7876,Rahul Bora,Chennai,Tamil Nadu,2022-03-20
7877,Pooja Nair,Kolkata,West Bengal,2022-09-04
7878,Sanjay Sharma,Jaipur,Rajasthan,2023-05-27
7879,Kavya Roy,Delhi,Delhi,2024-04-10
7880,Sai Verma,Hyderabad,Telangana,2022-07-03
7881,Diya Gupta,Gurugram,Haryana,2024-04-09
7882,Jyoti Choudhury,Hyderabad,Telangana,2023-07-19
7883,Deepak Gupta,Jaipur,Rajasthan,2025-11-11
7884,Riya Iyer,Bengaluru,Karnataka,2024-03-19
7885,Deepak Gupta,Delhi,Delhi,2023-08-25
7886,Pooja Singh,Chennai,Tamil Nadu,2025-09-06
7887,Isha Kumar,Chennai,Tamil Nadu,2021-12-30
7888,Neha Singh,Chennai,Tamil Nadu,2022-11-12
7889,Akash Kumar,Bengaluru,Karnataka,2025-04-14
7890,Sanjay Gupta,Kochi,Kerala,2023-01-28
7891,Vivaan Saha,Indore,Madhya Pradesh,2023-11-13
7892,Rahul Das,Silchar,Assam,2023-05-03
7893,Diya Gupta,Bengaluru,Karnataka,2025-05-23
7894,Neha Iyer,Bengaluru,Karnataka,2025-10-05
7895,Priya Mehta,Delhi,Delhi,2025-12-04
7896,Meera Reddy,Dibrugarh,Assam,2023-03-18
7897,Krishna Yadav,Lucknow,Uttar Pradesh,2022-11-24
7898,Karan Roy,Surat,Gujarat,2024-11-12
7899,Akash Mishra,Nagpur,Maharashtra,2024-07-22
7900,Manish Gupta,Ahmedabad,Gujarat,2022-11-26
7901,Akash Kumar,Delhi,Delhi,2022-02-19
7902,Reyansh Nair,Kolkata,West Bengal,2024-04-28
7903,Aditya Bora,Pune,Maharashtra,2023-08-31
7904,Jyoti Roy,Lucknow,Uttar Pradesh,2025-11-04
7905,Jyoti Yadav,Kochi,Kerala,2025-03-06
7906,Rohan Patel,Dibrugarh,Assam,2022-10-26
7907,Meera Yadav,Shillong,Meghalaya,2022-08-10
7908,Meera Gupta,Chennai,Tamil Nadu,2025-03-15
7909,Meera Das,Lucknow,Uttar Pradesh,2021-02-23
7910,Reyansh Nair,Coimbatore,Tamil Nadu,2024-01-08
7911,Jyoti Gupta,Ahmedabad,Gujarat,2024-04-23
7912,Akash Yadav,Jaipur,Rajasthan,2025-03-21
7913,Meera Das,Patna,Bihar,2021-06-08
7914,Nikhil Jain,Chennai,Tamil Nadu,2022-04-05
7915,Akash Jain,Pune,Maharashtra,2023-03-18
7916,Priya Singh,Lucknow,Uttar Pradesh,2024-11-23
7917,Sneha Patel,Mumbai,Maharashtra,2021-02-17
7918,Vivaan Choudhury,Kolkata,West Bengal,2023-02-17
7919,Deepak Sharma,Noida,Uttar Pradesh,2025-05-07
7920,Riya Saha,Shillong,Meghalaya,2022-07-15
7921,Riya Sharma,Hyderabad,Telangana,2023-09-15
7922,Isha Mehta,Ahmedabad,Gujarat,2021-10-14
7923,Reyansh Das,Ahmedabad,Gujarat,2021-08-30
7924,Sanjay Patel,Kochi,Kerala,2023-03-27
7925,Sanjay Ghosh,Surat,Gujarat,2022-09-02
7926,Jyoti Mehta,Coimbatore,Tamil Nadu,2022-10-25
7927,Neha Bora,Bhopal,Madhya Pradesh,2025-03-14
7928,Rahul Iyer,Coimbatore,Tamil Nadu,2024-12-09
7929,Vikram Patel,Bhubaneswar,Odisha,2022-02-25
7930,Reyansh Mishra,Surat,Gujarat,2023-08-01
7931,Jyoti Nair,Indore,Madhya Pradesh,2024-04-20
7932,Deepak Mishra,Mumbai,Maharashtra,2023-03-21
7933,Nikhil Singh,Bengaluru,Karnataka,2025-09-30
7934,Sai Roy,Thiruvananthapuram,Kerala,2021-08-13
7935,Karan Nair,Gurugram,Haryana,2023-02-24
7936,Aditi Roy,Ahmedabad,Gujarat,2021-07-01
7937,Aarav Roy,Hyderabad,Telangana,2024-10-08
7938,Ishaan Patel,Noida,Uttar Pradesh,2024-02-02
7939,Arjun Verma,Chennai,Tamil Nadu,2024-05-13
7940,Arjun Bora,Pune,Maharashtra,2023-03-09
7941,Neha Sharma,Chennai,Tamil Nadu,2025-05-03
7942,Karan Gupta,Pune,Maharashtra,2025-05-09
7943,Manish Mishra,Ahmedabad,Gujarat,2022-07-12
7944,Aditya Patel,Mumbai,Maharashtra,2025-03-25
7945,Rohan Patel,New Delhi,Delhi,2022-07-12
7946,Meera Choudhury,Kolkata,West Bengal,2024-09-25
7947,Nikhil Mehta,Lucknow,Uttar Pradesh,2022-02-25
7948,Rahul Verma,Howrah,West Bengal,2021-07-25
7949,Sanjay Mehta,Bhopal,Madhya Pradesh,2024-01-23
7950,Aditya Roy,Pune,Maharashtra,2021-05-08
7951,Vivaan Singh,Kolkata,West Bengal,2022-03-20
7952,Riya Singh,Thiruvananthapuram,Kerala,2026-02-05
7953,Rahul Mishra,Pune,Maharashtra,2021-01-22
7954,Nikhil Singh,Lucknow,Uttar Pradesh,2024-04-23
7955,Ritu Nair,Patna,Bihar,2021-04-08
7956,Sai Verma,Lucknow,Uttar Pradesh,2026-03-05
7957,Deepak Roy,Delhi,Delhi,2024-02-25
7958,Arjun Kumar,Indore,Madhya Pradesh,2026-03-12
7959,Manish Singh,Silchar,Assam,2021-03-09
7960,Vivaan Gupta,Indore,Madhya Pradesh,2024-05-18
7961,Ritu Patel,Bengaluru,Karnataka,2021-09-07
7962,Manish Reddy,Bengaluru,Karnataka,2026-01-08
7963,Akash Dutta,Bengaluru,Karnataka,2022-06-19
7964,Ananya Patel,Thiruvananthapuram,Kerala,2022-03-06
7965,Karan Choudhury,Pune,Maharashtra,2021-05-06
7966,Arjun Choudhury,Ahmedabad,Gujarat,2024-10-06
7967,Neha Das,Bhopal,Madhya Pradesh,2026-03-16
7968,Isha Verma,New Delhi,Delhi,2024-01-19
7969,Sneha Das,Pune,Maharashtra,2025-06-01
7970,Aditya Choudhury,Indore,Madhya Pradesh,2025-12-15
7971,Reyansh Das,Pune,Maharashtra,2025-12-01
7972,Vikram Sharma,Surat,Gujarat,2022-09-26
7973,Akash Ghosh,Thiruvananthapuram,Kerala,2022-09-14
7974,Sai Jain,Lucknow,Uttar Pradesh,2021-01-09
7975,Aditya Nair,Ahmedabad,Gujarat,2024-09-03
7976,Deepak Yadav,Pune,Maharashtra,2021-09-29
7977,Rahul Reddy,Kolkata,West Bengal,2024-07-18
7978,Vikram Singh,Nagpur,Maharashtra,2023-09-20
7979,Krishna Roy,Patna,Bihar,2024-05-29
7980,Diya Choudhury,Kolkata,West Bengal,2023-11-11
7981,Meera Patel,Chennai,Tamil Nadu,2025-10-28
7982,Riya Singh,Jaipur,Rajasthan,2022-05-05
7983,Sneha Nair,Mumbai,Maharashtra,2024-07-28
7984,Nikhil Kumar,Jaipur,Rajasthan,2021-08-16
7985,Rahul Bora,Nagpur,Maharashtra,2024-03-28
7986,Arjun Iyer,Bengaluru,Karnataka,2021-11-07
7987,Aditya Gupta,Bengaluru,Karnataka,2021-04-09
7988,Krishna Reddy,Pune,Maharashtra,2022-11-19
7989,Nikhil Roy,Mumbai,Maharashtra,2024-05-07
7990,Isha Singh,Kochi,Kerala,2022-01-15
7991,Deepak Iyer,Hyderabad,Telangana,2022-06-03
7992,Sai Choudhury,Chennai,Tamil Nadu,2022-10-24
7993,Aditya Sharma,Chandigarh,Chandigarh,2026-01-04
7994,Rahul Choudhury,Delhi,Delhi,2023-01-15
7995,Vikram Ghosh,Gurugram,Haryana,2021-05-14
7996,Karan Saha,Surat,Gujarat,2024-05-08
7997,Vikram Iyer,Bengaluru,Karnataka,2023-12-13
7998,Rahul Jain,Hyderabad,Telangana,2024-05-23
7999,Aditi Gupta,Ahmedabad,Gujarat,2026-04-29
8000,Diya Das,Thiruvananthapuram,Kerala,2021-03-04
8001,Karan Reddy,Surat,Gujarat,2024-07-11
8002,Nikhil Kumar,Hyderabad,Telangana,2022-12-14
8003,Pooja Jain,New Delhi,Delhi,2023-01-16
8004,Ritu Bora,Bengaluru,Karnataka,2021-10-26
8005,Aditya Ghosh,Hyderabad,Telangana,2025-01-23
8006,Reyansh Iyer,Delhi,Delhi,2023-04-08
8007,Rohan Kumar,Hyderabad,Telangana,2021-02-23
8008,Aarav Verma,Indore,Madhya Pradesh,2023-09-03
8009,Jyoti Mehta,Pune,Maharashtra,2025-10-26
8010,Aarav Kumar,Pune,Maharashtra,2022-04-01
8011,Meera Bora,Kolkata,West Bengal,2026-05-12
8012,Karan Jain,Bengaluru,Karnataka,2025-06-01
8013,Arjun Sharma,Hyderabad,Telangana,2025-07-13
8014,Deepak Roy,Mumbai,Maharashtra,2024-07-30
8015,Vivaan Mehta,Hyderabad,Telangana,2024-05-12
8016,Pooja Das,Thiruvananthapuram,Kerala,2025-07-06
8017,Reyansh Sharma,Kolkata,West Bengal,2024-01-04
8018,Krishna Jain,Kolkata,West Bengal,2021-12-12
8019,Diya Bora,Gurugram,Haryana,2021-09-07
8020,Riya Dutta,Delhi,Delhi,2021-10-20
8021,Reyansh Nair,Delhi,Delhi,2024-02-13
8022,Sneha Reddy,Mumbai,Maharashtra,2022-07-23
8023,Krishna Iyer,Indore,Madhya Pradesh,2023-12-14
8024,Aditi Nair,Thiruvananthapuram,Kerala,2024-04-25
8025,Aditya Verma,Mumbai,Maharashtra,2022-07-13
8026,Rohan Ghosh,Gurugram,Haryana,2024-02-10
8027,Ishaan Iyer,Jaipur,Rajasthan,2021-08-26
8028,Karan Das,Guwahati,Assam,2021-07-28
8029,Nikhil Sharma,Dibrugarh,Assam,2022-12-12
8030,Pooja Reddy,Bhopal,Madhya Pradesh,2026-04-21
8031,Pooja Ghosh,Delhi,Delhi,2026-06-04
8032,Pooja Jain,Dibrugarh,Assam,2021-12-04
8033,Deepak Sharma,Surat,Gujarat,2026-03-07
8034,Rahul Das,Patna,Bihar,2023-06-14
8035,Nikhil Iyer,Lucknow,Uttar Pradesh,2026-04-01
8036,Vivaan Saha,Kochi,Kerala,2024-02-14
8037,Ishaan Sharma,Bhubaneswar,Odisha,2023-12-10
8038,Aarav Singh,Nagpur,Maharashtra,2024-01-12
8039,Arjun Saha,Mumbai,Maharashtra,2022-09-07
8040,Karan Reddy,Bengaluru,Karnataka,2025-11-11
8041,Aditi Reddy,Bengaluru,Karnataka,2021-06-08
8042,Sanjay Jain,Indore,Madhya Pradesh,2021-09-16
8043,Vikram Mehta,Bhubaneswar,Odisha,2021-07-15
8044,Meera Ghosh,Bengaluru,Karnataka,2024-02-13
8045,Jyoti Dutta,Bengaluru,Karnataka,2025-12-15
8046,Aditya Jain,Ahmedabad,Gujarat,2021-12-25
8047,Aditi Gupta,Noida,Uttar Pradesh,2026-03-13
8048,Pooja Iyer,Mumbai,Maharashtra,2022-03-31
8049,Riya Sharma,Kolkata,West Bengal,2026-02-13
8050,Priya Yadav,Noida,Uttar Pradesh,2022-04-11
8051,Nikhil Dutta,Surat,Gujarat,2021-08-25
8052,Nikhil Saha,Pune,Maharashtra,2025-08-15
8053,Priya Mehta,Gurugram,Haryana,2025-01-11
8054,Ishaan Kumar,Dibrugarh,Assam,2026-01-26
8055,Ananya Reddy,Surat,Gujarat,2021-01-29
8056,Diya Choudhury,Ahmedabad,Gujarat,2026-05-16
8057,Neha Nair,Patna,Bihar,2024-04-28
8058,Riya Mehta,Noida,Uttar Pradesh,2021-02-12
8059,Manish Sharma,Delhi,Delhi,2026-01-07
8060,Meera Mishra,Bhopal,Madhya Pradesh,2024-05-19
8061,Rahul Iyer,Jaipur,Rajasthan,2024-11-13
8062,Aditi Yadav,Guwahati,Assam,2023-12-01
8063,Aditya Verma,Hyderabad,Telangana,2023-02-12
8064,Priya Gupta,Coimbatore,Tamil Nadu,2023-05-11
8065,Rohan Iyer,New Delhi,Delhi,2025-03-29
8066,Aditya Kumar,Hyderabad,Telangana,2021-03-30
8067,Meera Singh,Mysuru,Karnataka,2023-06-29
8068,Nikhil Yadav,Dibrugarh,Assam,2023-05-07
8069,Akash Yadav,Mumbai,Maharashtra,2024-04-18
8070,Ishaan Sharma,Mumbai,Maharashtra,2023-01-03
8071,Sneha Kumar,Kolkata,West Bengal,2022-02-03
8072,Jyoti Saha,Jaipur,Rajasthan,2021-11-26
8073,Rohan Nair,Indore,Madhya Pradesh,2022-08-29
8074,Sneha Bora,Kolkata,West Bengal,2025-09-11
8075,Sanjay Sharma,Mysuru,Karnataka,2025-11-30
8076,Sai Gupta,Howrah,West Bengal,2024-10-15
8077,Rohan Bora,Chandigarh,Chandigarh,2026-01-20
8078,Aarav Verma,New Delhi,Delhi,2023-11-16
8079,Karan Dutta,Bengaluru,Karnataka,2023-07-20
8080,Ananya Reddy,Mysuru,Karnataka,2025-01-14
8081,Isha Saha,Bengaluru,Karnataka,2025-11-24
8082,Ananya Reddy,Pune,Maharashtra,2023-12-31
8083,Neha Sharma,Kolkata,West Bengal,2025-09-29
8084,Sneha Mishra,Coimbatore,Tamil Nadu,2025-09-05
8085,Sai Mehta,Ranchi,Jharkhand,2021-01-31
8086,Vivaan Gupta,Delhi,Delhi,2023-07-16
8087,Ishaan Dutta,Thiruvananthapuram,Kerala,2022-03-13
8088,Nikhil Saha,Jaipur,Rajasthan,2022-11-24
8089,Vikram Gupta,Bengaluru,Karnataka,2022-01-07
8090,Jyoti Yadav,Indore,Madhya Pradesh,2022-10-22
8091,Kavya Kumar,Silchar,Assam,2021-10-13
8092,Aarav Dutta,New Delhi,Delhi,2022-07-27
8093,Sai Saha,Jaipur,Rajasthan,2023-03-15
8094,Sai Das,Surat,Gujarat,2023-06-26
8095,Sai Saha,Kolkata,West Bengal,2026-05-03
8096,Aarav Nair,Nagpur,Maharashtra,2021-09-26
8097,Riya Bora,Pune,Maharashtra,2023-08-09
8098,Nikhil Gupta,Guwahati,Assam,2023-01-06
8099,Isha Kumar,Surat,Gujarat,2026-01-17
8100,Ritu Sharma,Surat,Gujarat,2023-08-31
8101,Deepak Iyer,Coimbatore,Tamil Nadu,2021-09-16
8102,Krishna Das,Bhubaneswar,Odisha,2026-06-12
8103,Sai Jain,Bhopal,Madhya Pradesh,2024-04-15
8104,Pooja Iyer,Mumbai,Maharashtra,2023-12-25
8105,Vivaan Roy,Mumbai,Maharashtra,2021-11-06
8106,Vivaan Das,Pune,Maharashtra,2024-04-13
8107,Ishaan Patel,Surat,Gujarat,2024-08-09
8108,Sneha Saha,Chennai,Tamil Nadu,2022-04-08
8109,Vivaan Sharma,Kolkata,West Bengal,2024-05-21
8110,Sai Mishra,Mumbai,Maharashtra,2021-02-14
8111,Arjun Kumar,Lucknow,Uttar Pradesh,2023-06-01
8112,Ananya Kumar,Delhi,Delhi,2025-09-20
8113,Rohan Choudhury,Gurugram,Haryana,2024-10-18
8114,Diya Iyer,Mumbai,Maharashtra,2025-02-24
8115,Aarav Ghosh,Kochi,Kerala,2022-09-26
8116,Sanjay Dutta,Surat,Gujarat,2024-06-27
8117,Sanjay Iyer,New Delhi,Delhi,2022-08-09
8118,Krishna Dutta,Gurugram,Haryana,2026-06-25
8119,Isha Ghosh,Chandigarh,Chandigarh,2021-06-19
8120,Riya Singh,Kolkata,West Bengal,2025-05-21
8121,Rahul Ghosh,Bengaluru,Karnataka,2023-02-11
8122,Ishaan Ghosh,Gurugram,Haryana,2025-09-12
8123,Arjun Saha,Mumbai,Maharashtra,2025-02-24
8124,Diya Patel,Bengaluru,Karnataka,2025-03-31
8125,Vikram Das,Noida,Uttar Pradesh,2024-12-03
8126,Priya Choudhury,Silchar,Assam,2024-10-04
8127,Karan Roy,Hyderabad,Telangana,2023-05-12
8128,Sai Choudhury,Chennai,Tamil Nadu,2022-12-07
8129,Meera Singh,Lucknow,Uttar Pradesh,2025-04-05
8130,Neha Bora,Nagpur,Maharashtra,2025-05-25
8131,Karan Reddy,Ahmedabad,Gujarat,2025-08-10
8132,Meera Singh,Kolkata,West Bengal,2021-04-23
8133,Vivaan Dutta,Patna,Bihar,2024-07-03
8134,Nikhil Das,Nagpur,Maharashtra,2021-05-22
8135,Riya Ghosh,Coimbatore,Tamil Nadu,2024-07-06
8136,Deepak Choudhury,Mumbai,Maharashtra,2024-07-12
8137,Ananya Gupta,Jaipur,Rajasthan,2022-02-23
8138,Nikhil Choudhury,Nagpur,Maharashtra,2022-02-11
8139,Neha Dutta,Nagpur,Maharashtra,2022-12-30
8140,Isha Jain,Pune,Maharashtra,2021-10-10
8141,Kavya Iyer,Gurugram,Haryana,2024-08-18
8142,Sneha Singh,Hyderabad,Telangana,2026-02-10
8143,Reyansh Saha,Pune,Maharashtra,2025-09-29
8144,Vivaan Sharma,Mysuru,Karnataka,2021-02-14
8145,Priya Reddy,Shillong,Meghalaya,2022-05-17
8146,Neha Yadav,Patna,Bihar,2022-05-19
8147,Reyansh Gupta,Ahmedabad,Gujarat,2024-11-28
8148,Krishna Dutta,Gurugram,Haryana,2021-05-30
8149,Aditi Jain,Bengaluru,Karnataka,2022-12-07
8150,Aditi Patel,Indore,Madhya Pradesh,2023-02-18
8151,Pooja Yadav,Nagpur,Maharashtra,2023-09-08
8152,Sneha Yadav,Gurugram,Haryana,2021-07-31
8153,Sneha Roy,New Delhi,Delhi,2024-10-30
8154,Akash Reddy,Chennai,Tamil Nadu,2021-05-27
8155,Kavya Dutta,Guwahati,Assam,2026-02-26
8156,Pooja Mehta,Mumbai,Maharashtra,2021-07-21
8157,Deepak Kumar,Lucknow,Uttar Pradesh,2021-03-04
8158,Karan Roy,Ranchi,Jharkhand,2021-12-02
8159,Meera Ghosh,Coimbatore,Tamil Nadu,2022-01-12
8160,Ishaan Iyer,Indore,Madhya Pradesh,2025-12-01
8161,Sneha Bora,Mumbai,Maharashtra,2021-10-23
8162,Diya Gupta,Thiruvananthapuram,Kerala,2022-10-10
8163,Ishaan Choudhury,Kochi,Kerala,2026-02-06
8164,Nikhil Kumar,Kochi,Kerala,2023-01-19
8165,Isha Saha,Mysuru,Karnataka,2025-03-19
8166,Rohan Jain,Kolkata,West Bengal,2023-04-22
8167,Neha Roy,Hyderabad,Telangana,2022-08-25
8168,Deepak Mishra,Delhi,Delhi,2022-07-25
8169,Deepak Das,Bengaluru,Karnataka,2023-01-23
8170,Jyoti Dutta,Mumbai,Maharashtra,2023-04-14
8171,Meera Mishra,Mysuru,Karnataka,2026-05-18
8172,Meera Reddy,Nagpur,Maharashtra,2024-03-08
8173,Ananya Das,Coimbatore,Tamil Nadu,2026-03-18
8174,Vivaan Roy,Delhi,Delhi,2024-10-08
8175,Priya Roy,Bhubaneswar,Odisha,2025-03-18
8176,Aditi Gupta,Gurugram,Haryana,2022-01-03
8177,Aarav Saha,Chandigarh,Chandigarh,2024-12-09
8178,Krishna Mehta,Hyderabad,Telangana,2025-05-12
8179,Ritu Dutta,Noida,Uttar Pradesh,2022-07-06
8180,Arjun Nair,Pune,Maharashtra,2024-03-24
8181,Nikhil Iyer,Hyderabad,Telangana,2025-05-22
8182,Reyansh Patel,Guwahati,Assam,2022-01-17
8183,Priya Yadav,Bengaluru,Karnataka,2023-10-08
8184,Vikram Sharma,Thiruvananthapuram,Kerala,2024-11-13
8185,Sneha Mishra,Bengaluru,Karnataka,2022-12-08
8186,Reyansh Iyer,Kolkata,West Bengal,2025-12-02
8187,Rahul Verma,Pune,Maharashtra,2023-12-01
8188,Ishaan Saha,Kolkata,West Bengal,2022-02-21
8189,Rahul Ghosh,Howrah,West Bengal,2021-07-11
8190,Reyansh Gupta,Ahmedabad,Gujarat,2025-09-19
8191,Manish Dutta,Delhi,Delhi,2024-08-14
8192,Neha Mehta,Noida,Uttar Pradesh,2026-03-13
8193,Vikram Kumar,Mysuru,Karnataka,2025-01-09
8194,Manish Ghosh,Kolkata,West Bengal,2025-04-18
8195,Meera Gupta,Mumbai,Maharashtra,2022-02-08
8196,Ritu Jain,Lucknow,Uttar Pradesh,2025-10-05
8197,Arjun Singh,Hyderabad,Telangana,2021-01-09
8198,Sanjay Dutta,Thiruvananthapuram,Kerala,2025-12-14
8199,Deepak Verma,Mumbai,Maharashtra,2026-04-28
8200,Nikhil Jain,Guwahati,Assam,2025-01-14
8201,Rohan Dutta,Bengaluru,Karnataka,2026-02-24
8202,Pooja Yadav,Coimbatore,Tamil Nadu,2022-06-03
8203,Krishna Roy,New Delhi,Delhi,2025-03-22
8204,Neha Kumar,Indore,Madhya Pradesh,2024-10-15
8205,Kavya Bora,Mumbai,Maharashtra,2025-06-06
8206,Riya Saha,Shillong,Meghalaya,2024-11-16
8207,Manish Singh,Hyderabad,Telangana,2025-01-22
8208,Aarav Reddy,Noida,Uttar Pradesh,2023-02-20
8209,Aditi Nair,Lucknow,Uttar Pradesh,2022-06-03
8210,Vikram Saha,Guwahati,Assam,2025-12-01
8211,Diya Roy,Nagpur,Maharashtra,2024-02-26
8212,Deepak Verma,Bengaluru,Karnataka,2025-01-04
8213,Reyansh Mehta,Pune,Maharashtra,2022-01-20
8214,Ritu Singh,Jaipur,Rajasthan,2025-04-13
8215,Krishna Iyer,Guwahati,Assam,2026-03-21
8216,Akash Sharma,Mumbai,Maharashtra,2024-08-30
8217,Ananya Nair,Pune,Maharashtra,2026-01-15
8218,Diya Jain,Coimbatore,Tamil Nadu,2023-09-01
8219,Karan Verma,Gurugram,Haryana,2026-01-07
8220,Krishna Jain,Ahmedabad,Gujarat,2021-04-10
8221,Jyoti Verma,Gurugram,Haryana,2024-03-27
8222,Aditya Verma,Bengaluru,Karnataka,2024-07-30
8223,Ishaan Singh,Bengaluru,Karnataka,2022-07-11
8224,Akash Jain,Chennai,Tamil Nadu,2023-02-28
8225,Krishna Reddy,Chennai,Tamil Nadu,2024-11-08
8226,Jyoti Das,Delhi,Delhi,2024-07-23
8227,Krishna Choudhury,Bengaluru,Karnataka,2024-08-15
8228,Diya Jain,Mysuru,Karnataka,2022-10-17
8229,Aditi Sharma,Mumbai,Maharashtra,2021-03-28
8230,Kavya Reddy,Pune,Maharashtra,2023-04-06
8231,Arjun Choudhury,Chennai,Tamil Nadu,2023-07-06
8232,Riya Mehta,Bhopal,Madhya Pradesh,2023-07-13
8233,Vikram Saha,Mumbai,Maharashtra,2026-05-25
8234,Priya Das,Mumbai,Maharashtra,2025-12-25
8235,Kavya Yadav,Hyderabad,Telangana,2024-05-26
8236,Sneha Das,Lucknow,Uttar Pradesh,2022-02-23
8237,Diya Jain,Hyderabad,Telangana,2021-08-07
8238,Sanjay Jain,Dibrugarh,Assam,2023-05-19
8239,Aditya Mishra,Kochi,Kerala,2021-08-20
8240,Deepak Kumar,Ahmedabad,Gujarat,2025-08-20
8241,Manish Jain,Hyderabad,Telangana,2024-04-01
8242,Sai Roy,New Delhi,Delhi,2022-02-12
8243,Vivaan Reddy,Mumbai,Maharashtra,2025-11-17
8244,Riya Patel,Indore,Madhya Pradesh,2022-11-13
8245,Diya Yadav,Chennai,Tamil Nadu,2022-06-08
8246,Meera Reddy,Mumbai,Maharashtra,2022-12-14
8247,Riya Iyer,Hyderabad,Telangana,2021-11-04
8248,Ishaan Gupta,Bengaluru,Karnataka,2026-05-04
8249,Pooja Jain,Surat,Gujarat,2024-04-30
8250,Isha Kumar,Delhi,Delhi,2021-11-23
8251,Priya Choudhury,Lucknow,Uttar Pradesh,2021-07-13
8252,Aditya Reddy,Chennai,Tamil Nadu,2021-03-30
8253,Vikram Roy,Ahmedabad,Gujarat,2022-07-03
8254,Aditi Patel,Hyderabad,Telangana,2023-09-21
8255,Pooja Patel,Mumbai,Maharashtra,2025-11-27
8256,Kavya Reddy,Mumbai,Maharashtra,2025-06-04
8257,Deepak Ghosh,New Delhi,Delhi,2026-01-20
8258,Isha Roy,Delhi,Delhi,2025-03-25
8259,Jyoti Gupta,Surat,Gujarat,2025-07-20
8260,Jyoti Iyer,Bengaluru,Karnataka,2021-05-23
8261,Vivaan Bora,Ranchi,Jharkhand,2024-12-25
8262,Kavya Iyer,Mysuru,Karnataka,2025-11-27
8263,Arjun Gupta,Shillong,Meghalaya,2023-05-24
8264,Priya Patel,Mumbai,Maharashtra,2024-01-20
8265,Riya Mishra,Shillong,Meghalaya,2021-01-16
8266,Akash Sharma,Dibrugarh,Assam,2021-09-14
8267,Deepak Gupta,Lucknow,Uttar Pradesh,2025-04-17
8268,Ritu Bora,Ahmedabad,Gujarat,2025-01-04
8269,Sneha Choudhury,Kochi,Kerala,2025-06-13
8270,Pooja Das,Hyderabad,Telangana,2025-03-10
8271,Kavya Nair,Nagpur,Maharashtra,2025-04-06
8272,Karan Choudhury,Delhi,Delhi,2021-09-20
8273,Isha Patel,Lucknow,Uttar Pradesh,2026-03-03
8274,Vivaan Sharma,Mumbai,Maharashtra,2024-05-19
8275,Reyansh Singh,Hyderabad,Telangana,2021-06-19
8276,Karan Mehta,Mumbai,Maharashtra,2021-10-17
8277,Nikhil Nair,Delhi,Delhi,2022-08-28
8278,Nikhil Verma,Kolkata,West Bengal,2025-12-25
8279,Sneha Ghosh,Chennai,Tamil Nadu,2024-09-10
8280,Pooja Saha,Thiruvananthapuram,Kerala,2021-07-12
8281,Karan Roy,Bhopal,Madhya Pradesh,2025-05-25
8282,Neha Mishra,Dibrugarh,Assam,2024-10-20
8283,Isha Iyer,Jaipur,Rajasthan,2021-08-10
8284,Diya Kumar,Gurugram,Haryana,2023-06-09
8285,Meera Nair,Coimbatore,Tamil Nadu,2023-07-22
8286,Manish Kumar,Mumbai,Maharashtra,2024-06-02
8287,Krishna Nair,Howrah,West Bengal,2022-04-26
8288,Aarav Saha,Patna,Bihar,2021-02-02
8289,Sai Nair,Gurugram,Haryana,2021-11-08
8290,Isha Iyer,Kochi,Kerala,2024-10-13
8291,Aditi Patel,Delhi,Delhi,2023-07-29
8292,Reyansh Singh,Kochi,Kerala,2022-01-09
8293,Rohan Gupta,Surat,Gujarat,2025-04-06
8294,Aarav Ghosh,Thiruvananthapuram,Kerala,2024-12-11
8295,Rahul Choudhury,Mumbai,Maharashtra,2024-11-20
8296,Vivaan Das,Lucknow,Uttar Pradesh,2023-05-13
8297,Jyoti Mishra,Chennai,Tamil Nadu,2025-06-04
8298,Ananya Verma,Pune,Maharashtra,2026-02-03
8299,Vivaan Singh,Chandigarh,Chandigarh,2021-07-16
8300,Vikram Dutta,Coimbatore,Tamil Nadu,2025-08-25
8301,Kavya Verma,Hyderabad,Telangana,2021-03-04
8302,Riya Mishra,Nagpur,Maharashtra,2022-12-16
8303,Rohan Ghosh,Gurugram,Haryana,2024-10-02
8304,Priya Yadav,Silchar,Assam,2024-05-09
8305,Ishaan Reddy,Silchar,Assam,2022-02-21
8306,Karan Patel,Bengaluru,Karnataka,2023-10-22
8307,Aditya Saha,Chennai,Tamil Nadu,2026-01-06
8308,Neha Kumar,Delhi,Delhi,2022-08-04
8309,Deepak Mehta,Kolkata,West Bengal,2021-07-06
8310,Akash Jain,Coimbatore,Tamil Nadu,2026-06-11
8311,Isha Nair,Dibrugarh,Assam,2024-07-21
8312,Sanjay Dutta,Noida,Uttar Pradesh,2022-05-07
8313,Aditya Choudhury,Mumbai,Maharashtra,2022-03-02
8314,Nikhil Roy,Noida,Uttar Pradesh,2025-08-01
8315,Pooja Jain,Hyderabad,Telangana,2021-10-27
8316,Riya Reddy,Delhi,Delhi,2023-03-16
8317,Neha Bora,Bengaluru,Karnataka,2025-12-26
8318,Nikhil Dutta,Thiruvananthapuram,Kerala,2023-10-18
8319,Sanjay Verma,Bengaluru,Karnataka,2021-03-22
8320,Nikhil Dutta,Noida,Uttar Pradesh,2025-02-13
8321,Nikhil Verma,Mumbai,Maharashtra,2023-03-13
8322,Manish Kumar,Pune,Maharashtra,2024-09-27
8323,Aditya Mishra,Patna,Bihar,2022-10-17
8324,Ananya Mehta,Mumbai,Maharashtra,2025-04-18
8325,Sneha Das,New Delhi,Delhi,2021-10-21
8326,Krishna Verma,Coimbatore,Tamil Nadu,2024-08-27
8327,Manish Patel,Indore,Madhya Pradesh,2024-11-26
8328,Akash Roy,Thiruvananthapuram,Kerala,2022-10-18
8329,Krishna Kumar,Bhopal,Madhya Pradesh,2026-02-06
8330,Deepak Patel,Surat,Gujarat,2025-04-11
8331,Vikram Verma,Ranchi,Jharkhand,2021-07-03
8332,Neha Verma,Mumbai,Maharashtra,2021-03-19
8333,Neha Gupta,Howrah,West Bengal,2024-05-03
8334,Kavya Das,Mumbai,Maharashtra,2023-06-28
8335,Rahul Yadav,Gurugram,Haryana,2025-07-16
8336,Kavya Gupta,Kochi,Kerala,2021-12-22
8337,Rohan Singh,Chennai,Tamil Nadu,2026-05-04
8338,Aditi Bora,Chennai,Tamil Nadu,2025-12-09
8339,Aditi Gupta,Jaipur,Rajasthan,2021-04-14
8340,Karan Gupta,Mumbai,Maharashtra,2022-06-22
8341,Meera Singh,Jaipur,Rajasthan,2023-05-05
8342,Isha Bora,Bengaluru,Karnataka,2023-05-06
8343,Aarav Jain,Howrah,West Bengal,2024-08-09
8344,Reyansh Dutta,Patna,Bihar,2021-06-18
8345,Kavya Singh,Noida,Uttar Pradesh,2023-05-29
8346,Pooja Mishra,Chennai,Tamil Nadu,2025-11-07
8347,Akash Mehta,Bengaluru,Karnataka,2023-07-29
8348,Aarav Iyer,Bhubaneswar,Odisha,2025-10-01
8349,Aditya Singh,Silchar,Assam,2022-03-28
8350,Nikhil Yadav,Mumbai,Maharashtra,2022-12-16
8351,Pooja Gupta,Kochi,Kerala,2024-10-13
8352,Meera Choudhury,Mumbai,Maharashtra,2024-06-09
8353,Priya Saha,Dibrugarh,Assam,2024-05-23
8354,Reyansh Das,Kolkata,West Bengal,2026-06-28
8355,Manish Nair,Ahmedabad,Gujarat,2021-09-13
8356,Aditi Gupta,Delhi,Delhi,2023-05-15
8357,Manish Iyer,Kolkata,West Bengal,2023-04-16
8358,Manish Das,Lucknow,Uttar Pradesh,2025-04-01
8359,Meera Choudhury,Hyderabad,Telangana,2023-09-22
8360,Kavya Choudhury,Noida,Uttar Pradesh,2021-07-21
8361,Akash Dutta,Kolkata,West Bengal,2025-11-17
8362,Sanjay Patel,Lucknow,Uttar Pradesh,2024-01-17
8363,Meera Yadav,Hyderabad,Telangana,2022-04-29
8364,Nikhil Iyer,Howrah,West Bengal,2024-09-23
8365,Jyoti Kumar,Mumbai,Maharashtra,2025-02-01
8366,Jyoti Bora,Indore,Madhya Pradesh,2025-05-22
8367,Sai Mishra,Kolkata,West Bengal,2023-04-03
8368,Meera Roy,Delhi,Delhi,2023-05-21
8369,Karan Jain,Hyderabad,Telangana,2025-08-29
8370,Karan Patel,Mumbai,Maharashtra,2024-12-03
8371,Aditya Kumar,Hyderabad,Telangana,2023-03-25
8372,Sai Bora,Thiruvananthapuram,Kerala,2022-10-28
8373,Aditi Yadav,Ahmedabad,Gujarat,2024-08-05
8374,Priya Nair,Kochi,Kerala,2021-01-02
8375,Sanjay Reddy,Surat,Gujarat,2022-05-11
8376,Reyansh Reddy,Ahmedabad,Gujarat,2021-08-06
8377,Sneha Ghosh,Chennai,Tamil Nadu,2023-09-04
8378,Aditi Choudhury,Delhi,Delhi,2022-10-23
8379,Riya Patel,Chennai,Tamil Nadu,2021-02-21
8380,Manish Yadav,Silchar,Assam,2023-01-27
8381,Vikram Singh,Mumbai,Maharashtra,2021-03-02
8382,Vikram Nair,Silchar,Assam,2026-04-12
8383,Arjun Kumar,Nagpur,Maharashtra,2023-06-22
8384,Neha Patel,Chennai,Tamil Nadu,2024-02-04
8385,Deepak Dutta,Ahmedabad,Gujarat,2026-05-07
8386,Ritu Iyer,Surat,Gujarat,2026-04-28
8387,Sanjay Singh,Indore,Madhya Pradesh,2022-12-20
8388,Aditya Das,Howrah,West Bengal,2023-06-23
8389,Kavya Roy,Bhopal,Madhya Pradesh,2022-09-24
8390,Jyoti Iyer,Mumbai,Maharashtra,2025-11-23
8391,Karan Saha,Patna,Bihar,2021-01-09
8392,Aditi Bora,Delhi,Delhi,2022-07-07
8393,Riya Choudhury,Howrah,West Bengal,2023-07-05
8394,Vivaan Gupta,Chennai,Tamil Nadu,2023-08-07
8395,Reyansh Mishra,Lucknow,Uttar Pradesh,2025-05-05
8396,Arjun Dutta,Delhi,Delhi,2021-09-10
8397,Aditya Jain,Chennai,Tamil Nadu,2021-01-28
8398,Vivaan Choudhury,Coimbatore,Tamil Nadu,2024-07-05
8399,Pooja Sharma,Bengaluru,Karnataka,2024-03-16
8400,Aditi Iyer,Coimbatore,Tamil Nadu,2024-08-10
8401,Sai Gupta,Delhi,Delhi,2022-01-07
8402,Aditi Patel,Indore,Madhya Pradesh,2023-04-16
8403,Riya Sharma,Bhopal,Madhya Pradesh,2024-07-22
8404,Vivaan Sharma,Coimbatore,Tamil Nadu,2025-12-21
8405,Jyoti Patel,Patna,Bihar,2023-10-18
8406,Sanjay Mehta,Mumbai,Maharashtra,2021-10-06
8407,Isha Roy,Patna,Bihar,2026-01-27
8408,Sanjay Mishra,Delhi,Delhi,2024-12-08
8409,Sneha Nair,Hyderabad,Telangana,2022-05-05
8410,Sanjay Reddy,Thiruvananthapuram,Kerala,2024-11-29
8411,Karan Singh,Kolkata,West Bengal,2025-05-21
8412,Rohan Nair,Ranchi,Jharkhand,2025-04-11
8413,Aditi Iyer,Coimbatore,Tamil Nadu,2024-09-20
8414,Pooja Choudhury,Guwahati,Assam,2024-10-21
8415,Isha Yadav,Bengaluru,Karnataka,2025-01-15
8416,Krishna Iyer,Guwahati,Assam,2025-06-04
8417,Diya Gupta,Lucknow,Uttar Pradesh,2022-06-03
8418,Aditya Mehta,Bengaluru,Karnataka,2025-01-23
8419,Akash Yadav,Chennai,Tamil Nadu,2023-05-29
8420,Deepak Roy,Kochi,Kerala,2024-09-19
8421,Kavya Patel,Chennai,Tamil Nadu,2025-11-25
8422,Rohan Jain,Lucknow,Uttar Pradesh,2025-11-23
8423,Riya Gupta,Delhi,Delhi,2022-08-31
8424,Diya Yadav,Lucknow,Uttar Pradesh,2026-03-14
8425,Sai Roy,Kochi,Kerala,2024-07-14
8426,Meera Kumar,Bhopal,Madhya Pradesh,2022-03-19
8427,Ananya Gupta,Bhopal,Madhya Pradesh,2023-11-27
8428,Nikhil Ghosh,Delhi,Delhi,2025-10-29
8429,Sneha Sharma,Kolkata,West Bengal,2023-12-11
8430,Aditi Nair,Dibrugarh,Assam,2026-01-20
8431,Akash Roy,Bengaluru,Karnataka,2025-05-03
8432,Riya Patel,Patna,Bihar,2024-06-03
8433,Rohan Nair,Lucknow,Uttar Pradesh,2024-08-21
8434,Manish Roy,Bengaluru,Karnataka,2026-06-21
8435,Ananya Yadav,Thiruvananthapuram,Kerala,2024-11-15
8436,Pooja Nair,Mumbai,Maharashtra,2021-02-18
8437,Diya Verma,Mysuru,Karnataka,2021-05-03
8438,Rohan Kumar,Surat,Gujarat,2023-12-26
8439,Deepak Sharma,Kolkata,West Bengal,2025-02-09
8440,Rohan Bora,Mumbai,Maharashtra,2022-02-08
8441,Aditi Patel,Silchar,Assam,2025-04-02
8442,Priya Ghosh,Ahmedabad,Gujarat,2024-11-28
8443,Sneha Dutta,New Delhi,Delhi,2025-02-21
8444,Ananya Mehta,Bhopal,Madhya Pradesh,2024-04-23
8445,Diya Sharma,Jaipur,Rajasthan,2026-03-04
8446,Aarav Singh,Bengaluru,Karnataka,2026-03-11
8447,Riya Iyer,Hyderabad,Telangana,2022-11-18
8448,Nikhil Dutta,Pune,Maharashtra,2021-03-20
8449,Aarav Nair,Noida,Uttar Pradesh,2024-07-26
8450,Nikhil Bora,Thiruvananthapuram,Kerala,2021-02-17
8451,Rahul Patel,Kochi,Kerala,2021-07-12
8452,Aditya Dutta,Chennai,Tamil Nadu,2025-12-17
8453,Rohan Gupta,Guwahati,Assam,2024-05-06
8454,Sneha Saha,Bhopal,Madhya Pradesh,2025-03-18
8455,Ananya Patel,Indore,Madhya Pradesh,2025-04-03
8456,Manish Das,Pune,Maharashtra,2025-01-17
8457,Nikhil Iyer,Pune,Maharashtra,2022-05-05
8458,Ritu Bora,Ahmedabad,Gujarat,2022-07-17
8459,Akash Ghosh,Coimbatore,Tamil Nadu,2022-01-14
8460,Riya Roy,Ranchi,Jharkhand,2021-11-02
8461,Akash Bora,Bhopal,Madhya Pradesh,2023-02-18
8462,Arjun Verma,Ranchi,Jharkhand,2022-12-06
8463,Ishaan Jain,Howrah,West Bengal,2023-10-13
8464,Nikhil Iyer,Delhi,Delhi,2025-01-04
8465,Aditya Mehta,Chennai,Tamil Nadu,2022-12-02
8466,Vivaan Saha,Jaipur,Rajasthan,2023-06-03
8467,Aditya Mishra,Bhopal,Madhya Pradesh,2024-07-05
8468,Aditya Choudhury,New Delhi,Delhi,2021-07-12
8469,Rahul Iyer,Lucknow,Uttar Pradesh,2026-03-06
8470,Pooja Gupta,Bhopal,Madhya Pradesh,2022-10-03
8471,Vivaan Roy,Noida,Uttar Pradesh,2024-12-01
8472,Riya Das,Nagpur,Maharashtra,2022-01-17
8473,Ishaan Ghosh,Hyderabad,Telangana,2022-02-14
8474,Deepak Dutta,Bengaluru,Karnataka,2021-07-15
8475,Ananya Choudhury,Bhopal,Madhya Pradesh,2024-09-29
8476,Manish Bora,Chennai,Tamil Nadu,2023-05-17
8477,Akash Das,Bhubaneswar,Odisha,2022-06-12
8478,Aarav Jain,Delhi,Delhi,2023-05-19
8479,Kavya Ghosh,Bengaluru,Karnataka,2021-08-31
8480,Neha Saha,Coimbatore,Tamil Nadu,2021-01-29
8481,Neha Gupta,Dibrugarh,Assam,2023-05-19
8482,Meera Gupta,Pune,Maharashtra,2025-09-01
8483,Ishaan Saha,Mumbai,Maharashtra,2025-09-25
8484,Aditya Roy,Surat,Gujarat,2026-04-30
8485,Vivaan Nair,Chandigarh,Chandigarh,2026-04-12
8486,Ananya Saha,Chennai,Tamil Nadu,2024-12-29
8487,Reyansh Dutta,Bhopal,Madhya Pradesh,2024-01-11
8488,Manish Roy,Silchar,Assam,2024-12-12
8489,Sanjay Das,Hyderabad,Telangana,2024-10-17
8490,Pooja Patel,Kochi,Kerala,2026-05-05
8491,Deepak Jain,Bengaluru,Karnataka,2022-04-15
8492,Vivaan Nair,Silchar,Assam,2023-12-23
8493,Vikram Singh,Kolkata,West Bengal,2025-10-08
8494,Reyansh Verma,Lucknow,Uttar Pradesh,2024-08-24
8495,Deepak Gupta,Delhi,Delhi,2024-05-29
8496,Vivaan Dutta,Coimbatore,Tamil Nadu,2023-01-21
8497,Manish Gupta,Ahmedabad,Gujarat,2025-05-28
8498,Reyansh Choudhury,Pune,Maharashtra,2022-06-07
8499,Priya Kumar,Chennai,Tamil Nadu,2023-01-30
8500,Aditi Singh,Kolkata,West Bengal,2024-05-26
8501,Rahul Mishra,Pune,Maharashtra,2022-11-10
8502,Jyoti Mehta,Mumbai,Maharashtra,2022-08-08
8503,Kavya Patel,Delhi,Delhi,2021-06-24
8504,Meera Saha,Lucknow,Uttar Pradesh,2022-05-25
8505,Sanjay Singh,Chennai,Tamil Nadu,2026-02-18
8506,Jyoti Bora,Guwahati,Assam,2024-11-05
8507,Sneha Choudhury,Lucknow,Uttar Pradesh,2024-04-13
8508,Arjun Reddy,Nagpur,Maharashtra,2024-08-08
8509,Nikhil Mishra,Mumbai,Maharashtra,2021-10-29
8510,Vikram Ghosh,Pune,Maharashtra,2024-10-10
8511,Akash Reddy,Jaipur,Rajasthan,2023-03-10
8512,Priya Patel,Ranchi,Jharkhand,2026-02-07
8513,Arjun Roy,Indore,Madhya Pradesh,2023-11-09
8514,Aditya Verma,Delhi,Delhi,2024-06-12
8515,Ishaan Saha,Gurugram,Haryana,2023-09-29
8516,Neha Yadav,Delhi,Delhi,2021-07-20
8517,Akash Singh,Bengaluru,Karnataka,2024-03-07
8518,Krishna Ghosh,Patna,Bihar,2023-06-26
8519,Arjun Sharma,Hyderabad,Telangana,2023-09-19
8520,Kavya Ghosh,Chennai,Tamil Nadu,2024-03-02
8521,Jyoti Nair,Kolkata,West Bengal,2023-06-25
8522,Manish Saha,Chennai,Tamil Nadu,2024-05-03
8523,Diya Patel,Bhopal,Madhya Pradesh,2021-06-15
8524,Ananya Verma,Mumbai,Maharashtra,2022-07-16
8525,Aarav Dutta,Mumbai,Maharashtra,2021-12-30
8526,Manish Jain,Patna,Bihar,2023-02-12
8527,Riya Saha,Bengaluru,Karnataka,2023-10-10
8528,Manish Nair,Mumbai,Maharashtra,2022-03-13
8529,Vivaan Bora,Jaipur,Rajasthan,2025-12-09
8530,Isha Ghosh,Surat,Gujarat,2023-10-28
8531,Ishaan Verma,Bhubaneswar,Odisha,2021-04-07
8532,Pooja Patel,Bengaluru,Karnataka,2024-05-23
8533,Karan Ghosh,Bengaluru,Karnataka,2024-11-03
8534,Jyoti Singh,Noida,Uttar Pradesh,2022-09-02
8535,Reyansh Gupta,Ahmedabad,Gujarat,2025-01-21
8536,Kavya Das,Patna,Bihar,2024-01-15
8537,Ishaan Yadav,Mumbai,Maharashtra,2025-12-25
8538,Sai Singh,Lucknow,Uttar Pradesh,2023-07-04
8539,Ananya Das,Mumbai,Maharashtra,2025-03-17
8540,Isha Verma,Bengaluru,Karnataka,2022-07-30
8541,Sai Dutta,Pune,Maharashtra,2022-09-28
8542,Riya Yadav,Mumbai,Maharashtra,2022-04-27
8543,Ishaan Bora,Delhi,Delhi,2025-06-19
8544,Manish Patel,Mumbai,Maharashtra,2024-02-01
8545,Akash Kumar,Noida,Uttar Pradesh,2021-06-07
8546,Pooja Roy,Howrah,West Bengal,2025-01-22
8547,Aarav Gupta,New Delhi,Delhi,2025-09-19
8548,Nikhil Singh,Ahmedabad,Gujarat,2024-10-17
8549,Sneha Gupta,Lucknow,Uttar Pradesh,2024-12-07
8550,Aarav Ghosh,Chandigarh,Chandigarh,2024-05-14
8551,Karan Nair,Chandigarh,Chandigarh,2024-04-28
8552,Sneha Bora,Lucknow,Uttar Pradesh,2023-05-28
8553,Diya Dutta,Mumbai,Maharashtra,2021-02-17
8554,Karan Das,Pune,Maharashtra,2024-12-02
8555,Sneha Sharma,Patna,Bihar,2026-06-03
8556,Ishaan Mehta,Hyderabad,Telangana,2023-06-08
8557,Sanjay Sharma,Ahmedabad,Gujarat,2025-11-20
8558,Riya Saha,Patna,Bihar,2024-10-06
8559,Krishna Ghosh,Mysuru,Karnataka,2022-01-05
8560,Aditya Das,Mumbai,Maharashtra,2023-01-31
8561,Pooja Singh,Guwahati,Assam,2024-04-11
8562,Jyoti Nair,Jaipur,Rajasthan,2025-06-24
8563,Diya Roy,Chennai,Tamil Nadu,2026-03-30
8564,Aditi Kumar,Jaipur,Rajasthan,2021-10-18
8565,Deepak Das,Chennai,Tamil Nadu,2023-03-09
8566,Meera Choudhury,Surat,Gujarat,2023-07-18
8567,Priya Das,Pune,Maharashtra,2023-06-19
8568,Kavya Jain,Noida,Uttar Pradesh,2024-10-15
8569,Ritu Roy,Hyderabad,Telangana,2021-10-17
8570,Isha Das,Bengaluru,Karnataka,2022-12-27
8571,Pooja Kumar,Nagpur,Maharashtra,2023-04-03
8572,Riya Gupta,Dibrugarh,Assam,2023-06-22
8573,Diya Choudhury,Shillong,Meghalaya,2023-02-02
8574,Krishna Yadav,New Delhi,Delhi,2021-07-21
8575,Sneha Nair,Bhopal,Madhya Pradesh,2023-12-11
8576,Sai Dutta,Bhopal,Madhya Pradesh,2021-04-06
8577,Vikram Nair,New Delhi,Delhi,2024-09-04
8578,Aditya Nair,Lucknow,Uttar Pradesh,2026-05-23
8579,Akash Kumar,Bengaluru,Karnataka,2023-03-12
8580,Krishna Patel,Delhi,Delhi,2023-05-19
8581,Nikhil Das,Mumbai,Maharashtra,2026-05-03
8582,Meera Das,Pune,Maharashtra,2023-07-26
8583,Jyoti Das,Noida,Uttar Pradesh,2021-12-23
8584,Kavya Gupta,Chennai,Tamil Nadu,2022-08-29
8585,Riya Roy,Pune,Maharashtra,2023-03-24
8586,Meera Mehta,New Delhi,Delhi,2026-03-06
8587,Rohan Kumar,Kolkata,West Bengal,2025-09-20
8588,Neha Kumar,Mysuru,Karnataka,2024-01-09
8589,Sneha Sharma,Surat,Gujarat,2026-01-23
8590,Riya Gupta,New Delhi,Delhi,2024-02-03
8591,Riya Gupta,Mumbai,Maharashtra,2022-07-24
8592,Vikram Gupta,Kolkata,West Bengal,2024-05-20
8593,Karan Singh,Coimbatore,Tamil Nadu,2022-04-10
8594,Sai Dutta,Bhubaneswar,Odisha,2024-03-26
8595,Aditi Das,Patna,Bihar,2024-12-18
8596,Sneha Verma,Lucknow,Uttar Pradesh,2021-12-10
8597,Ishaan Mehta,Coimbatore,Tamil Nadu,2024-05-10
8598,Rohan Verma,Mumbai,Maharashtra,2026-02-03
8599,Nikhil Dutta,Chennai,Tamil Nadu,2026-04-03
8600,Riya Ghosh,Surat,Gujarat,2021-06-17
8601,Sai Mehta,Delhi,Delhi,2023-11-18
8602,Krishna Sharma,Kolkata,West Bengal,2023-11-29
8603,Priya Mishra,Pune,Maharashtra,2021-08-22
8604,Isha Verma,Patna,Bihar,2026-04-22
8605,Ananya Ghosh,Indore,Madhya Pradesh,2023-09-11
8606,Sanjay Jain,Howrah,West Bengal,2025-02-02
8607,Neha Choudhury,Lucknow,Uttar Pradesh,2025-09-02
8608,Aditi Ghosh,Guwahati,Assam,2024-04-06
8609,Ananya Bora,Jaipur,Rajasthan,2021-04-27
8610,Arjun Choudhury,Dibrugarh,Assam,2021-10-04
8611,Riya Roy,Nagpur,Maharashtra,2022-07-26
8612,Diya Jain,Patna,Bihar,2023-05-06
8613,Aditi Yadav,Chandigarh,Chandigarh,2024-02-07
8614,Akash Sharma,Lucknow,Uttar Pradesh,2026-04-11
8615,Krishna Reddy,Hyderabad,Telangana,2023-10-06
8616,Arjun Roy,Hyderabad,Telangana,2022-05-14
8617,Sai Saha,Delhi,Delhi,2021-07-12
8618,Diya Iyer,Kolkata,West Bengal,2026-05-11
8619,Manish Roy,Hyderabad,Telangana,2021-12-31
8620,Rahul Saha,Pune,Maharashtra,2024-05-07
8621,Vikram Yadav,Hyderabad,Telangana,2023-09-27
8622,Neha Patel,Kolkata,West Bengal,2021-07-01
8623,Karan Mishra,Howrah,West Bengal,2024-11-13
8624,Neha Verma,Lucknow,Uttar Pradesh,2025-12-22
8625,Sai Verma,Coimbatore,Tamil Nadu,2026-06-27
8626,Jyoti Sharma,Pune,Maharashtra,2022-03-01
8627,Sneha Iyer,Kolkata,West Bengal,2023-05-23
8628,Karan Bora,Delhi,Delhi,2024-10-31
8629,Sanjay Patel,Pune,Maharashtra,2022-03-31
8630,Sanjay Gupta,Hyderabad,Telangana,2021-09-04
8631,Ritu Jain,Pune,Maharashtra,2024-06-11
8632,Vivaan Verma,Chennai,Tamil Nadu,2024-03-30
8633,Deepak Verma,Mysuru,Karnataka,2024-05-18
8634,Sai Saha,Bengaluru,Karnataka,2024-10-09
8635,Diya Jain,Chennai,Tamil Nadu,2022-08-29
8636,Ishaan Reddy,Patna,Bihar,2023-10-29
8637,Deepak Gupta,Noida,Uttar Pradesh,2026-01-25
8638,Neha Yadav,Noida,Uttar Pradesh,2026-02-22
8639,Reyansh Choudhury,Bhubaneswar,Odisha,2021-09-11
8640,Krishna Saha,Indore,Madhya Pradesh,2025-02-09
8641,Vikram Reddy,Jaipur,Rajasthan,2021-10-25
8642,Ananya Das,Patna,Bihar,2026-01-01
8643,Aditya Saha,Hyderabad,Telangana,2022-07-12
8644,Ananya Yadav,Noida,Uttar Pradesh,2022-01-13
8645,Jyoti Mehta,Indore,Madhya Pradesh,2021-05-17
8646,Meera Bora,Bhopal,Madhya Pradesh,2025-11-12
8647,Deepak Bora,Guwahati,Assam,2021-08-06
8648,Sanjay Verma,Gurugram,Haryana,2023-04-12
8649,Isha Gupta,Nagpur,Maharashtra,2024-01-16
8650,Diya Mehta,Ahmedabad,Gujarat,2022-06-19
8651,Manish Yadav,Pune,Maharashtra,2022-03-02
8652,Arjun Reddy,Bengaluru,Karnataka,2022-04-24
8653,Vivaan Saha,Coimbatore,Tamil Nadu,2025-05-09
8654,Pooja Choudhury,Bengaluru,Karnataka,2026-01-07
8655,Nikhil Reddy,Surat,Gujarat,2023-12-04
8656,Vivaan Mishra,Patna,Bihar,2024-06-27
8657,Rahul Iyer,Hyderabad,Telangana,2024-09-16
8658,Riya Ghosh,Indore,Madhya Pradesh,2024-04-01
8659,Vikram Verma,Nagpur,Maharashtra,2022-07-23
8660,Aditi Saha,Ahmedabad,Gujarat,2025-03-15
8661,Arjun Ghosh,Indore,Madhya Pradesh,2024-12-09
8662,Akash Patel,Kolkata,West Bengal,2025-05-10
8663,Pooja Singh,Chennai,Tamil Nadu,2026-04-21
8664,Aditya Singh,Hyderabad,Telangana,2023-11-07
8665,Aditi Choudhury,Indore,Madhya Pradesh,2022-03-18
8666,Priya Sharma,Delhi,Delhi,2023-05-29
8667,Arjun Choudhury,Kolkata,West Bengal,2021-10-06
8668,Rahul Sharma,Lucknow,Uttar Pradesh,2024-12-18
8669,Rahul Dutta,Gurugram,Haryana,2022-01-05
8670,Sai Mehta,Lucknow,Uttar Pradesh,2024-08-16
8671,Kavya Gupta,Pune,Maharashtra,2024-06-17
8672,Meera Gupta,Ranchi,Jharkhand,2021-05-06
8673,Meera Reddy,Delhi,Delhi,2022-04-26
8674,Arjun Yadav,Mysuru,Karnataka,2021-01-30
8675,Rahul Nair,Pune,Maharashtra,2025-06-08
8676,Pooja Yadav,Bengaluru,Karnataka,2022-08-31
8677,Reyansh Sharma,Indore,Madhya Pradesh,2022-07-09
8678,Ishaan Iyer,Delhi,Delhi,2022-07-27
8679,Rahul Ghosh,Mumbai,Maharashtra,2024-05-15
8680,Akash Singh,Hyderabad,Telangana,2024-12-07
8681,Kavya Roy,Pune,Maharashtra,2025-02-15
8682,Ananya Roy,Lucknow,Uttar Pradesh,2026-06-30
8683,Aditi Mishra,Thiruvananthapuram,Kerala,2021-01-17
8684,Sneha Iyer,Bengaluru,Karnataka,2022-09-25
8685,Aditi Singh,Delhi,Delhi,2024-01-10
8686,Vivaan Reddy,Guwahati,Assam,2023-08-16
8687,Reyansh Nair,Mysuru,Karnataka,2024-07-27
8688,Nikhil Saha,Bhopal,Madhya Pradesh,2021-07-11
8689,Deepak Bora,Mumbai,Maharashtra,2026-02-06
8690,Nikhil Singh,Coimbatore,Tamil Nadu,2021-06-05
8691,Ananya Kumar,Mumbai,Maharashtra,2022-02-13
8692,Sai Mishra,Mysuru,Karnataka,2022-07-02
8693,Vivaan Bora,Surat,Gujarat,2021-12-26
8694,Karan Kumar,Bengaluru,Karnataka,2023-02-22
8695,Vikram Roy,Hyderabad,Telangana,2024-09-21
8696,Sai Mishra,Surat,Gujarat,2025-05-07
8697,Riya Kumar,Chennai,Tamil Nadu,2022-04-20
8698,Aditya Singh,Pune,Maharashtra,2022-05-28
8699,Sanjay Patel,Jaipur,Rajasthan,2024-01-15
8700,Deepak Saha,Jaipur,Rajasthan,2021-02-03
8701,Sanjay Nair,Patna,Bihar,2025-05-24
8702,Jyoti Dutta,Nagpur,Maharashtra,2024-08-31
8703,Meera Bora,Bengaluru,Karnataka,2023-02-15
8704,Rohan Roy,Kolkata,West Bengal,2022-01-20
8705,Rahul Jain,Delhi,Delhi,2025-07-09
8706,Ishaan Mehta,Ahmedabad,Gujarat,2022-04-17
8707,Arjun Jain,New Delhi,Delhi,2023-01-30
8708,Aditi Mehta,Chennai,Tamil Nadu,2026-01-23
8709,Meera Iyer,Gurugram,Haryana,2023-11-06
8710,Rahul Gupta,Ranchi,Jharkhand,2021-12-26
8711,Isha Saha,Gurugram,Haryana,2021-12-28
8712,Ananya Reddy,Kochi,Kerala,2024-02-10
8713,Krishna Reddy,Mumbai,Maharashtra,2022-07-05
8714,Neha Iyer,Bhopal,Madhya Pradesh,2021-02-14
8715,Ritu Yadav,Delhi,Delhi,2025-04-04
8716,Kavya Saha,Jaipur,Rajasthan,2026-04-01
8717,Rohan Choudhury,Thiruvananthapuram,Kerala,2024-05-31
8718,Aarav Gupta,Bhopal,Madhya Pradesh,2025-11-08
8719,Akash Saha,Ahmedabad,Gujarat,2025-07-11
8720,Rahul Reddy,Indore,Madhya Pradesh,2023-05-15
8721,Arjun Choudhury,New Delhi,Delhi,2024-05-15
8722,Rohan Ghosh,Hyderabad,Telangana,2021-04-02
8723,Kavya Patel,Nagpur,Maharashtra,2024-01-31
8724,Neha Mishra,Mumbai,Maharashtra,2025-04-10
8725,Riya Jain,Chennai,Tamil Nadu,2021-10-07
8726,Vikram Mehta,Kochi,Kerala,2022-03-11
8727,Manish Saha,Thiruvananthapuram,Kerala,2025-02-23
8728,Isha Jain,Lucknow,Uttar Pradesh,2024-09-27
8729,Priya Mishra,Kochi,Kerala,2023-05-31
8730,Rohan Ghosh,Ahmedabad,Gujarat,2024-04-01
8731,Arjun Ghosh,Mumbai,Maharashtra,2024-12-06
8732,Jyoti Sharma,Noida,Uttar Pradesh,2025-10-18
8733,Ritu Roy,Indore,Madhya Pradesh,2025-11-10
8734,Ritu Mehta,Surat,Gujarat,2021-06-24
8735,Aditya Singh,Jaipur,Rajasthan,2026-02-03
8736,Krishna Jain,Mumbai,Maharashtra,2025-04-03
8737,Karan Ghosh,Bengaluru,Karnataka,2026-05-03
8738,Sneha Iyer,Pune,Maharashtra,2023-03-15
8739,Ananya Sharma,Hyderabad,Telangana,2025-01-30
8740,Riya Jain,Lucknow,Uttar Pradesh,2021-06-06
8741,Nikhil Das,Hyderabad,Telangana,2021-02-10
8742,Rahul Mehta,Coimbatore,Tamil Nadu,2024-09-18
8743,Nikhil Bora,Ahmedabad,Gujarat,2025-01-21
8744,Krishna Iyer,New Delhi,Delhi,2024-11-22
8745,Meera Mishra,Jaipur,Rajasthan,2024-08-03
8746,Akash Mehta,Howrah,West Bengal,2021-02-08
8747,Aarav Reddy,Mysuru,Karnataka,2026-02-06
8748,Ritu Mishra,Patna,Bihar,2023-04-17
8749,Sneha Reddy,Patna,Bihar,2022-04-15
8750,Deepak Mehta,Mysuru,Karnataka,2021-10-05
8751,Riya Roy,Guwahati,Assam,2025-06-17
8752,Karan Yadav,Pune,Maharashtra,2025-08-30
8753,Ananya Ghosh,Surat,Gujarat,2026-01-17
8754,Vivaan Dutta,Nagpur,Maharashtra,2026-05-18
8755,Nikhil Gupta,Chennai,Tamil Nadu,2025-11-01
8756,Karan Choudhury,Ahmedabad,Gujarat,2025-11-20
8757,Pooja Kumar,Hyderabad,Telangana,2021-12-20
8758,Kavya Singh,Indore,Madhya Pradesh,2022-09-09
8759,Pooja Gupta,Jaipur,Rajasthan,2025-04-07
8760,Neha Gupta,Howrah,West Bengal,2022-08-12
8761,Ritu Yadav,Bhubaneswar,Odisha,2023-04-14
8762,Isha Patel,Indore,Madhya Pradesh,2024-10-06
8763,Ishaan Sharma,Mysuru,Karnataka,2022-12-20
8764,Aarav Singh,Gurugram,Haryana,2021-06-23
8765,Priya Yadav,Indore,Madhya Pradesh,2021-10-17
8766,Ananya Singh,Surat,Gujarat,2024-05-16
8767,Jyoti Patel,Kochi,Kerala,2024-06-04
8768,Jyoti Jain,Mumbai,Maharashtra,2022-08-26
8769,Vikram Choudhury,Indore,Madhya Pradesh,2021-10-29
8770,Isha Choudhury,Kolkata,West Bengal,2023-12-10
8771,Isha Reddy,Mumbai,Maharashtra,2022-03-19
8772,Krishna Roy,Hyderabad,Telangana,2021-04-16
8773,Nikhil Nair,New Delhi,Delhi,2022-09-15
8774,Rohan Kumar,New Delhi,Delhi,2024-05-03
8775,Isha Gupta,Kolkata,West Bengal,2024-05-09
8776,Aditya Dutta,New Delhi,Delhi,2024-01-06
8777,Priya Roy,Delhi,Delhi,2023-01-30
8778,Deepak Verma,Pune,Maharashtra,2025-01-02
8779,Deepak Das,Hyderabad,Telangana,2022-03-27
8780,Rohan Iyer,Guwahati,Assam,2022-09-10
8781,Meera Bora,Kolkata,West Bengal,2025-12-20
8782,Reyansh Kumar,Noida,Uttar Pradesh,2025-12-29
8783,Priya Yadav,Bengaluru,Karnataka,2023-03-15
8784,Kavya Saha,Mysuru,Karnataka,2021-03-26
8785,Vikram Saha,Guwahati,Assam,2024-02-10
8786,Rohan Choudhury,Kolkata,West Bengal,2023-10-13
8787,Diya Saha,Kochi,Kerala,2025-10-25
8788,Jyoti Gupta,Bengaluru,Karnataka,2022-08-11
8789,Kavya Reddy,Shillong,Meghalaya,2025-09-15
8790,Ritu Patel,Nagpur,Maharashtra,2022-12-27
8791,Sanjay Mehta,Hyderabad,Telangana,2023-07-31
8792,Aarav Gupta,Indore,Madhya Pradesh,2025-11-16
8793,Meera Yadav,Kolkata,West Bengal,2023-08-12
8794,Rohan Dutta,Kolkata,West Bengal,2021-02-21
8795,Sneha Roy,Mumbai,Maharashtra,2025-11-10
8796,Rahul Saha,Kolkata,West Bengal,2021-06-14
8797,Rahul Singh,Hyderabad,Telangana,2022-02-14
8798,Sneha Patel,Pune,Maharashtra,2025-03-25
8799,Vivaan Saha,Lucknow,Uttar Pradesh,2022-03-02
8800,Vivaan Verma,Surat,Gujarat,2025-06-04
8801,Manish Verma,Ahmedabad,Gujarat,2022-07-23
8802,Isha Iyer,Patna,Bihar,2023-02-03
8803,Ishaan Nair,Gurugram,Haryana,2021-11-04
8804,Ishaan Jain,Gurugram,Haryana,2022-12-05
8805,Ananya Roy,Thiruvananthapuram,Kerala,2025-06-28
8806,Sai Patel,Chennai,Tamil Nadu,2022-12-02
8807,Meera Roy,Indore,Madhya Pradesh,2021-09-24
8808,Nikhil Sharma,Thiruvananthapuram,Kerala,2024-07-16
8809,Rohan Ghosh,Indore,Madhya Pradesh,2021-03-17
8810,Manish Singh,Mumbai,Maharashtra,2024-03-14
8811,Ishaan Nair,Pune,Maharashtra,2025-02-15
8812,Nikhil Iyer,Surat,Gujarat,2025-03-24
8813,Aditya Saha,Bhopal,Madhya Pradesh,2021-06-09
8814,Kavya Mishra,Noida,Uttar Pradesh,2024-05-09
8815,Deepak Reddy,Surat,Gujarat,2023-03-29
8816,Riya Das,Thiruvananthapuram,Kerala,2021-06-27
8817,Kavya Patel,Noida,Uttar Pradesh,2022-10-14
8818,Sanjay Mehta,Chandigarh,Chandigarh,2023-07-07
8819,Rahul Nair,Coimbatore,Tamil Nadu,2021-06-06
8820,Vikram Singh,Kolkata,West Bengal,2023-05-21
8821,Jyoti Roy,Kolkata,West Bengal,2025-04-14
8822,Aarav Mehta,Kolkata,West Bengal,2024-10-01
8823,Neha Roy,Gurugram,Haryana,2025-02-10
8824,Ritu Kumar,Coimbatore,Tamil Nadu,2024-08-26
8825,Karan Saha,Ahmedabad,Gujarat,2021-10-29
8826,Karan Dutta,Mumbai,Maharashtra,2023-02-03
8827,Aditi Mishra,Chennai,Tamil Nadu,2022-12-04
8828,Jyoti Saha,Chennai,Tamil Nadu,2023-12-15
8829,Sai Gupta,Mumbai,Maharashtra,2025-01-11
8830,Manish Bora,Noida,Uttar Pradesh,2021-01-08
8831,Sneha Roy,Ahmedabad,Gujarat,2022-01-16
8832,Aarav Reddy,Guwahati,Assam,2025-10-18
8833,Nikhil Gupta,Bengaluru,Karnataka,2023-09-13
8834,Sai Dutta,Jaipur,Rajasthan,2023-05-15
8835,Diya Singh,Mumbai,Maharashtra,2021-04-23
8836,Riya Kumar,New Delhi,Delhi,2021-06-30
8837,Sneha Nair,Chennai,Tamil Nadu,2022-09-24
8838,Krishna Yadav,Hyderabad,Telangana,2022-05-14
8839,Rohan Ghosh,Surat,Gujarat,2021-07-04
8840,Ananya Bora,Gurugram,Haryana,2023-10-22
8841,Ritu Nair,Bengaluru,Karnataka,2022-09-05
8842,Krishna Reddy,Bhopal,Madhya Pradesh,2021-01-06
8843,Arjun Sharma,Jaipur,Rajasthan,2022-08-01
8844,Ritu Bora,Dibrugarh,Assam,2025-03-09
8845,Sanjay Jain,Silchar,Assam,2022-04-08
8846,Deepak Iyer,Kolkata,West Bengal,2022-04-08
8847,Vikram Roy,Thiruvananthapuram,Kerala,2024-01-06
8848,Ritu Choudhury,Hyderabad,Telangana,2026-03-11
8849,Krishna Singh,Kolkata,West Bengal,2021-07-15
8850,Diya Singh,Kochi,Kerala,2026-02-25
8851,Aarav Dutta,Kolkata,West Bengal,2022-01-20
8852,Krishna Mehta,Chennai,Tamil Nadu,2023-02-05
8853,Meera Reddy,Guwahati,Assam,2026-06-11
8854,Diya Patel,Howrah,West Bengal,2021-06-10
8855,Kavya Yadav,Kochi,Kerala,2026-04-01
8856,Karan Das,Chennai,Tamil Nadu,2021-12-10
8857,Ananya Reddy,Kolkata,West Bengal,2024-05-18
8858,Aditi Verma,Indore,Madhya Pradesh,2025-07-11
8859,Rahul Singh,Ranchi,Jharkhand,2023-12-07
8860,Riya Kumar,Silchar,Assam,2026-06-12
8861,Kavya Das,Chennai,Tamil Nadu,2025-07-13
8862,Pooja Saha,Chennai,Tamil Nadu,2022-12-08
8863,Krishna Das,Delhi,Delhi,2024-01-07
8864,Riya Mishra,Surat,Gujarat,2022-09-30
8865,Karan Verma,Pune,Maharashtra,2025-12-31
8866,Riya Singh,Gurugram,Haryana,2022-02-06
8867,Isha Patel,Ranchi,Jharkhand,2025-11-09
8868,Aditi Bora,Bengaluru,Karnataka,2024-12-11
8869,Arjun Saha,Mysuru,Karnataka,2021-11-18
8870,Priya Gupta,Indore,Madhya Pradesh,2024-03-22
8871,Vivaan Mishra,Kochi,Kerala,2025-10-01
8872,Sai Singh,Gurugram,Haryana,2021-07-28
8873,Sneha Patel,Howrah,West Bengal,2021-11-13
8874,Rahul Kumar,Bengaluru,Karnataka,2021-06-28
8875,Aditya Reddy,Pune,Maharashtra,2022-05-26
8876,Diya Patel,Guwahati,Assam,2022-12-31
8877,Aditya Reddy,Indore,Madhya Pradesh,2026-05-05
8878,Vivaan Nair,New Delhi,Delhi,2022-01-24
8879,Priya Yadav,Bengaluru,Karnataka,2023-07-11
8880,Arjun Verma,Pune,Maharashtra,2024-12-29
8881,Manish Roy,Jaipur,Rajasthan,2025-12-24
8882,Rahul Reddy,Chennai,Tamil Nadu,2024-01-30
8883,Manish Roy,Mysuru,Karnataka,2023-04-14
8884,Rahul Reddy,Bengaluru,Karnataka,2025-06-27
8885,Arjun Yadav,Thiruvananthapuram,Kerala,2022-09-14
8886,Aditi Mishra,Chandigarh,Chandigarh,2022-01-12
8887,Aditi Saha,Pune,Maharashtra,2023-04-13
8888,Vivaan Roy,Bengaluru,Karnataka,2021-11-09
8889,Vikram Saha,Mysuru,Karnataka,2021-06-18
8890,Arjun Sharma,Silchar,Assam,2025-07-04
8891,Vikram Kumar,Hyderabad,Telangana,2021-08-03
8892,Karan Saha,Thiruvananthapuram,Kerala,2023-02-19
8893,Akash Jain,Pune,Maharashtra,2021-05-01
8894,Nikhil Mehta,Jaipur,Rajasthan,2021-11-24
8895,Arjun Kumar,Nagpur,Maharashtra,2025-02-24
8896,Deepak Jain,Ahmedabad,Gujarat,2023-05-05
8897,Nikhil Singh,Dibrugarh,Assam,2021-11-08
8898,Diya Kumar,Jaipur,Rajasthan,2023-10-20
8899,Isha Saha,Delhi,Delhi,2025-05-21
8900,Reyansh Sharma,Ahmedabad,Gujarat,2023-02-21
8901,Rohan Choudhury,Howrah,West Bengal,2024-07-17
8902,Karan Singh,Ahmedabad,Gujarat,2026-03-25
8903,Diya Mishra,Chandigarh,Chandigarh,2021-01-23
8904,Sanjay Iyer,New Delhi,Delhi,2024-09-17
8905,Reyansh Yadav,Kolkata,West Bengal,2025-04-06
8906,Karan Patel,Jaipur,Rajasthan,2021-04-11
8907,Vivaan Ghosh,Delhi,Delhi,2021-03-04
8908,Riya Reddy,Silchar,Assam,2022-07-02
8909,Reyansh Mehta,Jaipur,Rajasthan,2025-02-14
8910,Priya Das,Ranchi,Jharkhand,2024-02-14
8911,Aditya Nair,Delhi,Delhi,2022-12-18
8912,Karan Verma,Chennai,Tamil Nadu,2026-01-20
8913,Akash Sharma,Chennai,Tamil Nadu,2023-11-15
8914,Vikram Jain,Gurugram,Haryana,2021-10-29
8915,Isha Verma,Coimbatore,Tamil Nadu,2025-07-09
8916,Sai Bora,Bengaluru,Karnataka,2021-02-28
8917,Sanjay Iyer,Bengaluru,Karnataka,2023-05-08
8918,Sneha Mehta,Bhopal,Madhya Pradesh,2025-12-21
8919,Isha Saha,Hyderabad,Telangana,2025-07-06
8920,Karan Mishra,Kochi,Kerala,2021-03-27
8921,Aditya Jain,Mumbai,Maharashtra,2025-11-19
8922,Kavya Reddy,Kochi,Kerala,2024-04-11
8923,Karan Mehta,Hyderabad,Telangana,2026-05-27
8924,Akash Kumar,New Delhi,Delhi,2021-07-12
8925,Diya Roy,Chennai,Tamil Nadu,2025-09-19
8926,Kavya Yadav,Ranchi,Jharkhand,2022-03-28
8927,Vikram Jain,Kolkata,West Bengal,2023-11-08
8928,Isha Iyer,Hyderabad,Telangana,2025-12-08
8929,Aditi Saha,Hyderabad,Telangana,2026-02-10
8930,Krishna Kumar,Bhopal,Madhya Pradesh,2021-06-01
8931,Meera Dutta,Lucknow,Uttar Pradesh,2021-04-18
8932,Deepak Mishra,Guwahati,Assam,2021-10-10
8933,Arjun Patel,Mumbai,Maharashtra,2021-06-30
8934,Vikram Mehta,Ahmedabad,Gujarat,2021-01-19
8935,Rohan Ghosh,Kolkata,West Bengal,2024-04-21
8936,Pooja Mishra,Guwahati,Assam,2021-06-13
8937,Kavya Sharma,Jaipur,Rajasthan,2022-03-15
8938,Pooja Mehta,New Delhi,Delhi,2021-09-06
8939,Neha Reddy,Indore,Madhya Pradesh,2023-12-04
8940,Sai Mishra,Gurugram,Haryana,2024-02-22
8941,Neha Das,Bengaluru,Karnataka,2021-05-31
8942,Neha Verma,Bengaluru,Karnataka,2025-07-15
8943,Rahul Ghosh,Kochi,Kerala,2022-04-23
8944,Neha Iyer,Nagpur,Maharashtra,2022-05-06
8945,Manish Roy,Guwahati,Assam,2026-05-15
8946,Vivaan Mishra,Kolkata,West Bengal,2024-08-02
8947,Reyansh Kumar,Chennai,Tamil Nadu,2022-03-29
8948,Riya Mehta,Kolkata,West Bengal,2025-07-13
8949,Kavya Kumar,Indore,Madhya Pradesh,2025-04-04
8950,Manish Roy,Ranchi,Jharkhand,2023-12-19
8951,Isha Dutta,Bhopal,Madhya Pradesh,2022-11-11
8952,Diya Yadav,Surat,Gujarat,2021-12-08
8953,Akash Bora,Lucknow,Uttar Pradesh,2025-11-23
8954,Karan Yadav,Howrah,West Bengal,2021-12-04
8955,Pooja Das,Guwahati,Assam,2025-04-06
8956,Ishaan Iyer,Howrah,West Bengal,2021-11-12
8957,Akash Jain,New Delhi,Delhi,2023-06-14
8958,Riya Nair,Howrah,West Bengal,2023-05-25
8959,Meera Choudhury,Noida,Uttar Pradesh,2025-08-31
8960,Sneha Jain,Guwahati,Assam,2024-08-01
8961,Isha Mehta,Mumbai,Maharashtra,2026-04-28
8962,Ishaan Choudhury,Mysuru,Karnataka,2024-02-04
8963,Rohan Mishra,Kochi,Kerala,2025-02-12
8964,Sneha Reddy,Mysuru,Karnataka,2024-03-23
8965,Diya Patel,Delhi,Delhi,2022-04-19
8966,Ananya Iyer,Pune,Maharashtra,2023-09-06
8967,Ananya Saha,Noida,Uttar Pradesh,2024-12-23
8968,Kavya Saha,Jaipur,Rajasthan,2026-03-07
8969,Karan Ghosh,Kolkata,West Bengal,2024-01-06
8970,Nikhil Singh,Kochi,Kerala,2021-06-28
8971,Kavya Kumar,Gurugram,Haryana,2022-08-20
8972,Sai Roy,Noida,Uttar Pradesh,2026-03-17
8973,Arjun Das,Hyderabad,Telangana,2025-04-07
8974,Sneha Roy,Patna,Bihar,2024-06-21
8975,Rohan Saha,Bengaluru,Karnataka,2022-04-04
8976,Ananya Singh,Hyderabad,Telangana,2025-06-01
8977,Jyoti Roy,Bhubaneswar,Odisha,2025-05-14
8978,Aditi Kumar,Mysuru,Karnataka,2021-08-17
8979,Meera Gupta,Hyderabad,Telangana,2024-05-11
8980,Vikram Verma,Dibrugarh,Assam,2021-01-17
8981,Diya Jain,Ahmedabad,Gujarat,2022-02-28
8982,Deepak Das,Ranchi,Jharkhand,2021-05-05
8983,Deepak Verma,Coimbatore,Tamil Nadu,2022-01-28
8984,Ananya Mishra,Pune,Maharashtra,2025-02-17
8985,Reyansh Bora,Kolkata,West Bengal,2024-08-02
8986,Reyansh Jain,Silchar,Assam,2021-10-24
8987,Sanjay Patel,Bengaluru,Karnataka,2024-01-14
8988,Aditi Bora,Bengaluru,Karnataka,2024-09-19
8989,Riya Verma,Kolkata,West Bengal,2023-04-21
8990,Pooja Mehta,Ahmedabad,Gujarat,2023-12-01
8991,Vivaan Singh,Hyderabad,Telangana,2024-11-22
8992,Kavya Verma,Ranchi,Jharkhand,2025-11-26
8993,Krishna Patel,Bengaluru,Karnataka,2025-06-14
8994,Aarav Singh,Silchar,Assam,2024-02-08
8995,Ritu Gupta,Bhopal,Madhya Pradesh,2022-11-15
8996,Diya Jain,Hyderabad,Telangana,2022-05-11
8997,Sneha Das,Coimbatore,Tamil Nadu,2025-03-10
8998,Rohan Mehta,Dibrugarh,Assam,2022-10-31
8999,Diya Gupta,Hyderabad,Telangana,2021-02-02
9000,Isha Verma,Surat,Gujarat,2026-01-02
9001,Sneha Mehta,Jaipur,Rajasthan,2023-06-15
9002,Isha Dutta,Dibrugarh,Assam,2025-08-16
9003,Jyoti Reddy,Kolkata,West Bengal,2021-04-09
9004,Vikram Nair,Chandigarh,Chandigarh,2023-03-21
9005,Arjun Saha,Jaipur,Rajasthan,2021-05-09
9006,Kavya Iyer,Noida,Uttar Pradesh,2024-12-26
9007,Jyoti Dutta,Hyderabad,Telangana,2025-02-22
9008,Manish Verma,Ranchi,Jharkhand,2023-01-17
9009,Akash Iyer,Delhi,Delhi,2021-06-25
9010,Akash Patel,Kochi,Kerala,2025-01-19
9011,Aarav Choudhury,Ahmedabad,Gujarat,2025-10-30
9012,Ananya Yadav,Hyderabad,Telangana,2025-11-27
9013,Sai Kumar,Nagpur,Maharashtra,2026-02-16
9014,Krishna Saha,Delhi,Delhi,2022-06-17
9015,Jyoti Jain,Chennai,Tamil Nadu,2023-09-06
9016,Isha Sharma,Bengaluru,Karnataka,2025-03-13
9017,Pooja Sharma,Hyderabad,Telangana,2024-06-02
9018,Ananya Singh,Bhopal,Madhya Pradesh,2025-08-28
9019,Neha Mishra,Lucknow,Uttar Pradesh,2026-01-05
9020,Kavya Singh,Shillong,Meghalaya,2024-05-28
9021,Diya Singh,Hyderabad,Telangana,2023-02-07
9022,Karan Mehta,Delhi,Delhi,2024-10-19
9023,Rahul Saha,Bengaluru,Karnataka,2025-06-14
9024,Krishna Das,Patna,Bihar,2022-11-26
9025,Aditi Yadav,Hyderabad,Telangana,2022-07-19
9026,Nikhil Gupta,Delhi,Delhi,2025-04-05
9027,Ananya Mishra,Howrah,West Bengal,2024-08-12
9028,Priya Roy,Kolkata,West Bengal,2023-06-21
9029,Ananya Mishra,Chennai,Tamil Nadu,2025-05-17
9030,Aarav Iyer,Guwahati,Assam,2023-09-13
9031,Aditi Mehta,Mysuru,Karnataka,2025-01-25
9032,Krishna Nair,Lucknow,Uttar Pradesh,2024-12-21
9033,Meera Yadav,New Delhi,Delhi,2025-04-18
9034,Arjun Reddy,Kolkata,West Bengal,2023-10-06
9035,Neha Bora,Indore,Madhya Pradesh,2025-06-28
9036,Aarav Mishra,Kochi,Kerala,2025-01-26
9037,Ritu Verma,Bengaluru,Karnataka,2024-06-08
9038,Karan Gupta,Kolkata,West Bengal,2026-04-23
9039,Diya Patel,Bengaluru,Karnataka,2021-08-19
9040,Priya Das,Chennai,Tamil Nadu,2023-08-08
9041,Vivaan Das,Thiruvananthapuram,Kerala,2024-09-21
9042,Jyoti Mehta,Nagpur,Maharashtra,2022-11-14
9043,Ishaan Nair,Kolkata,West Bengal,2025-10-25
9044,Ishaan Singh,Jaipur,Rajasthan,2022-06-23
9045,Rohan Yadav,Ranchi,Jharkhand,2024-09-12
9046,Diya Iyer,Kolkata,West Bengal,2021-12-21
9047,Ananya Kumar,Kolkata,West Bengal,2023-10-22
9048,Ananya Mehta,Bengaluru,Karnataka,2022-04-03
9049,Jyoti Choudhury,Lucknow,Uttar Pradesh,2025-02-06
9050,Riya Reddy,Mysuru,Karnataka,2023-03-17
9051,Priya Patel,Indore,Madhya Pradesh,2023-02-06
9052,Reyansh Gupta,Jaipur,Rajasthan,2022-10-06
9053,Diya Iyer,Indore,Madhya Pradesh,2024-01-04
9054,Deepak Mishra,Chennai,Tamil Nadu,2021-02-06
9055,Diya Choudhury,Patna,Bihar,2025-09-10
9056,Deepak Choudhury,Chandigarh,Chandigarh,2022-09-10
9057,Arjun Roy,Chennai,Tamil Nadu,2023-10-25
9058,Sanjay Jain,Coimbatore,Tamil Nadu,2021-11-15
9059,Jyoti Das,Patna,Bihar,2022-06-22
9060,Sai Gupta,Patna,Bihar,2023-04-21
9061,Jyoti Nair,New Delhi,Delhi,2025-02-16
9062,Aarav Ghosh,Hyderabad,Telangana,2022-09-08
9063,Sanjay Mishra,Pune,Maharashtra,2023-04-01
9064,Jyoti Das,Thiruvananthapuram,Kerala,2023-06-30
9065,Sneha Mishra,Bengaluru,Karnataka,2026-06-29
9066,Sanjay Gupta,Kolkata,West Bengal,2025-07-16
9067,Riya Iyer,Kochi,Kerala,2021-09-12
9068,Ananya Verma,Gurugram,Haryana,2024-03-17
9069,Sneha Nair,Howrah,West Bengal,2022-03-20
9070,Isha Verma,Chennai,Tamil Nadu,2025-04-19
9071,Krishna Saha,Nagpur,Maharashtra,2021-02-22
9072,Aarav Singh,Bhopal,Madhya Pradesh,2021-07-26
9073,Nikhil Sharma,Kolkata,West Bengal,2024-06-15
9074,Pooja Das,Lucknow,Uttar Pradesh,2021-03-22
9075,Isha Ghosh,Hyderabad,Telangana,2021-03-14
9076,Rohan Mishra,Ahmedabad,Gujarat,2024-08-16
9077,Meera Saha,Mumbai,Maharashtra,2024-01-18
9078,Ananya Reddy,Delhi,Delhi,2023-12-20
9079,Akash Dutta,Noida,Uttar Pradesh,2023-03-26
9080,Diya Mishra,Pune,Maharashtra,2025-06-23
9081,Nikhil Yadav,Ranchi,Jharkhand,2022-04-30
9082,Neha Roy,Bhubaneswar,Odisha,2026-03-07
9083,Ishaan Iyer,Hyderabad,Telangana,2024-10-18
9084,Meera Choudhury,Thiruvananthapuram,Kerala,2025-06-08
9085,Akash Iyer,Thiruvananthapuram,Kerala,2023-01-24
9086,Meera Verma,Gurugram,Haryana,2024-05-02
9087,Reyansh Dutta,Kolkata,West Bengal,2023-07-20
9088,Rohan Singh,Howrah,West Bengal,2022-03-16
9089,Sanjay Iyer,Kochi,Kerala,2022-04-18
9090,Krishna Saha,Bhopal,Madhya Pradesh,2025-03-23
9091,Krishna Verma,Mumbai,Maharashtra,2022-07-12
9092,Ritu Nair,Surat,Gujarat,2026-02-09
9093,Rahul Saha,Delhi,Delhi,2024-07-24
9094,Ritu Gupta,New Delhi,Delhi,2023-04-10
9095,Pooja Mishra,Mysuru,Karnataka,2024-12-29
9096,Deepak Singh,Hyderabad,Telangana,2025-04-24
9097,Kavya Sharma,Kochi,Kerala,2022-07-03
9098,Ritu Sharma,Delhi,Delhi,2025-04-22
9099,Priya Gupta,Lucknow,Uttar Pradesh,2026-02-16
9100,Jyoti Roy,Ranchi,Jharkhand,2025-05-05
9101,Deepak Dutta,Bhopal,Madhya Pradesh,2024-02-23
9102,Kavya Bora,Coimbatore,Tamil Nadu,2021-02-21
9103,Sai Roy,Kochi,Kerala,2022-12-03
9104,Sneha Mishra,Bengaluru,Karnataka,2025-02-02
9105,Pooja Singh,Kochi,Kerala,2024-12-20
9106,Ritu Jain,Delhi,Delhi,2023-11-04
9107,Neha Das,Coimbatore,Tamil Nadu,2026-04-08
9108,Nikhil Dutta,Pune,Maharashtra,2021-09-16
9109,Sanjay Bora,Kochi,Kerala,2025-06-20
9110,Nikhil Bora,Pune,Maharashtra,2024-07-07
9111,Sanjay Kumar,Mysuru,Karnataka,2021-11-22
9112,Neha Choudhury,Pune,Maharashtra,2021-08-10
9113,Neha Dutta,Patna,Bihar,2024-01-25
9114,Aditi Nair,Bhopal,Madhya Pradesh,2025-07-17
9115,Pooja Reddy,Coimbatore,Tamil Nadu,2025-04-02
9116,Jyoti Mehta,Hyderabad,Telangana,2022-06-25
9117,Karan Patel,Chennai,Tamil Nadu,2023-02-02
9118,Deepak Reddy,Delhi,Delhi,2024-11-06
9119,Aditya Das,Bengaluru,Karnataka,2026-03-09
9120,Pooja Yadav,Howrah,West Bengal,2025-06-21
9121,Akash Reddy,Lucknow,Uttar Pradesh,2025-04-15
9122,Vikram Ghosh,Pune,Maharashtra,2023-02-22
9123,Aarav Reddy,Delhi,Delhi,2026-06-03
9124,Riya Yadav,Delhi,Delhi,2022-02-27
9125,Krishna Ghosh,Pune,Maharashtra,2024-04-29
9126,Meera Jain,Bhopal,Madhya Pradesh,2025-01-19
9127,Riya Mehta,Bengaluru,Karnataka,2021-07-24
9128,Aditya Mehta,Indore,Madhya Pradesh,2026-04-08
9129,Sai Sharma,Coimbatore,Tamil Nadu,2021-10-03
9130,Nikhil Jain,Kochi,Kerala,2022-06-19
9131,Ananya Mehta,Bengaluru,Karnataka,2022-05-13
9132,Arjun Das,Kochi,Kerala,2026-01-16
9133,Riya Patel,Delhi,Delhi,2021-12-13
9134,Krishna Sharma,Silchar,Assam,2021-01-24
9135,Pooja Kumar,Kolkata,West Bengal,2025-12-05
9136,Vikram Choudhury,Silchar,Assam,2023-08-18
9137,Aarav Roy,Mumbai,Maharashtra,2024-03-19
9138,Meera Das,Lucknow,Uttar Pradesh,2023-09-17
9139,Pooja Ghosh,Kochi,Kerala,2022-05-01
9140,Aditi Iyer,Chennai,Tamil Nadu,2025-02-25
9141,Jyoti Choudhury,Mumbai,Maharashtra,2023-05-13
9142,Jyoti Roy,Noida,Uttar Pradesh,2021-05-15
9143,Sneha Dutta,Delhi,Delhi,2021-07-12
9144,Kavya Jain,Mumbai,Maharashtra,2024-01-23
9145,Nikhil Nair,Coimbatore,Tamil Nadu,2021-04-12
9146,Deepak Mishra,Pune,Maharashtra,2023-03-10
9147,Akash Bora,New Delhi,Delhi,2022-04-09
9148,Jyoti Reddy,Coimbatore,Tamil Nadu,2022-09-02
9149,Aditi Roy,Patna,Bihar,2022-06-10
9150,Neha Saha,Kolkata,West Bengal,2021-08-12
9151,Ananya Gupta,Pune,Maharashtra,2021-03-17
9152,Isha Mehta,Jaipur,Rajasthan,2021-02-11
9153,Vivaan Mishra,Patna,Bihar,2024-03-11
9154,Sneha Sharma,Gurugram,Haryana,2025-03-18
9155,Ananya Das,New Delhi,Delhi,2021-09-25
9156,Priya Verma,Gurugram,Haryana,2024-05-05
9157,Manish Iyer,Nagpur,Maharashtra,2021-05-22
9158,Krishna Kumar,Ahmedabad,Gujarat,2021-07-24
9159,Neha Kumar,Thiruvananthapuram,Kerala,2021-10-19
9160,Priya Mehta,Kolkata,West Bengal,2021-01-23
9161,Ananya Gupta,Delhi,Delhi,2026-05-22
9162,Jyoti Kumar,Mumbai,Maharashtra,2022-05-25
9163,Ritu Reddy,Gurugram,Haryana,2025-05-19
9164,Sanjay Sharma,Kochi,Kerala,2023-04-03
9165,Meera Mishra,Delhi,Delhi,2021-08-20
9166,Aarav Yadav,Gurugram,Haryana,2025-03-30
9167,Diya Mehta,Gurugram,Haryana,2023-07-22
9168,Ritu Saha,Howrah,West Bengal,2021-10-17
9169,Diya Yadav,New Delhi,Delhi,2025-05-02
9170,Deepak Nair,New Delhi,Delhi,2023-10-29
9171,Aditi Singh,Delhi,Delhi,2025-09-15
9172,Priya Gupta,Mumbai,Maharashtra,2023-01-12
9173,Ritu Singh,Guwahati,Assam,2022-10-31
9174,Vikram Mehta,Kolkata,West Bengal,2022-11-24
9175,Pooja Iyer,Chennai,Tamil Nadu,2022-03-22
9176,Sai Singh,Nagpur,Maharashtra,2025-11-30
9177,Sanjay Singh,Bengaluru,Karnataka,2026-02-02
9178,Ishaan Patel,Delhi,Delhi,2024-01-18
9179,Diya Jain,Pune,Maharashtra,2022-11-08
9180,Karan Choudhury,Kochi,Kerala,2024-04-08
9181,Vikram Gupta,Ahmedabad,Gujarat,2021-01-25
9182,Ritu Saha,Chennai,Tamil Nadu,2025-04-03
9183,Vikram Choudhury,Hyderabad,Telangana,2023-10-07
9184,Karan Sharma,Pune,Maharashtra,2023-09-23
9185,Meera Jain,Delhi,Delhi,2022-12-09
9186,Akash Mishra,Hyderabad,Telangana,2021-04-27
9187,Rohan Kumar,Bengaluru,Karnataka,2021-09-23
9188,Isha Mehta,Mumbai,Maharashtra,2021-07-10
9189,Pooja Yadav,Ahmedabad,Gujarat,2022-04-20
9190,Ishaan Ghosh,Surat,Gujarat,2022-03-04
9191,Arjun Yadav,Coimbatore,Tamil Nadu,2022-06-15
9192,Isha Ghosh,Hyderabad,Telangana,2025-09-02
9193,Meera Verma,Kolkata,West Bengal,2024-09-28
9194,Ishaan Nair,Mumbai,Maharashtra,2022-07-28
9195,Jyoti Mishra,Mysuru,Karnataka,2026-05-09
9196,Nikhil Gupta,Ranchi,Jharkhand,2023-07-21
9197,Pooja Choudhury,Bhopal,Madhya Pradesh,2024-08-01
9198,Ishaan Gupta,Bhubaneswar,Odisha,2021-04-02
9199,Sanjay Roy,Delhi,Delhi,2024-04-03
9200,Manish Ghosh,Chandigarh,Chandigarh,2025-01-19
9201,Sneha Mehta,Chennai,Tamil Nadu,2025-03-27
9202,Arjun Sharma,Thiruvananthapuram,Kerala,2022-11-28
9203,Akash Yadav,Bengaluru,Karnataka,2022-07-30
9204,Rahul Ghosh,Indore,Madhya Pradesh,2024-04-16
9205,Deepak Das,Gurugram,Haryana,2022-03-21
9206,Isha Sharma,Ahmedabad,Gujarat,2022-12-07
9207,Rahul Bora,Indore,Madhya Pradesh,2025-09-27
9208,Aditi Mishra,Kolkata,West Bengal,2023-07-21
9209,Deepak Mishra,Guwahati,Assam,2023-01-08
9210,Sanjay Choudhury,Gurugram,Haryana,2022-09-05
9211,Arjun Das,Hyderabad,Telangana,2021-08-29
9212,Neha Choudhury,Mumbai,Maharashtra,2026-05-07
9213,Priya Iyer,Coimbatore,Tamil Nadu,2025-12-10
9214,Diya Roy,Bengaluru,Karnataka,2025-03-03
9215,Kavya Mishra,Chennai,Tamil Nadu,2021-11-03
9216,Sai Kumar,Patna,Bihar,2021-11-07
9217,Rahul Jain,Noida,Uttar Pradesh,2022-03-07
9218,Nikhil Sharma,Chennai,Tamil Nadu,2026-04-16
9219,Aarav Saha,Bhubaneswar,Odisha,2024-04-02
9220,Nikhil Kumar,Kolkata,West Bengal,2026-05-14
9221,Manish Roy,Howrah,West Bengal,2022-12-16
9222,Isha Mishra,Mumbai,Maharashtra,2023-06-08
9223,Vikram Roy,Gurugram,Haryana,2022-01-08
9224,Reyansh Roy,Mumbai,Maharashtra,2023-11-30
9225,Vivaan Saha,Patna,Bihar,2023-09-03
9226,Akash Ghosh,Bhubaneswar,Odisha,2023-06-26
9227,Aditi Iyer,Guwahati,Assam,2023-06-19
9228,Jyoti Patel,Kolkata,West Bengal,2025-03-31
9229,Deepak Roy,Ahmedabad,Gujarat,2026-01-04
9230,Sneha Ghosh,Delhi,Delhi,2022-04-02
9231,Manish Ghosh,Surat,Gujarat,2025-12-06
9232,Aditya Verma,Pune,Maharashtra,2025-05-28
9233,Ishaan Iyer,Kochi,Kerala,2025-04-05
9234,Aditi Roy,Nagpur,Maharashtra,2024-02-09
9235,Sanjay Verma,Delhi,Delhi,2024-09-15
9236,Akash Bora,Hyderabad,Telangana,2026-06-04
9237,Ishaan Patel,Bengaluru,Karnataka,2021-12-02
9238,Ishaan Verma,Noida,Uttar Pradesh,2025-05-09
9239,Aditi Mishra,Patna,Bihar,2022-03-18
9240,Rohan Kumar,Dibrugarh,Assam,2022-06-01
9241,Deepak Sharma,Mumbai,Maharashtra,2023-04-02
9242,Isha Mishra,Bhopal,Madhya Pradesh,2026-05-04
9243,Karan Gupta,Thiruvananthapuram,Kerala,2022-06-14
9244,Isha Saha,Noida,Uttar Pradesh,2021-01-05
9245,Krishna Reddy,Chennai,Tamil Nadu,2021-09-25
9246,Isha Reddy,Hyderabad,Telangana,2025-12-08
9247,Rahul Singh,Patna,Bihar,2024-05-11
9248,Ishaan Choudhury,Nagpur,Maharashtra,2022-12-05
9249,Vivaan Kumar,Gurugram,Haryana,2021-04-10
9250,Rohan Jain,Indore,Madhya Pradesh,2022-06-27
9251,Ananya Nair,Guwahati,Assam,2024-02-13
9252,Ananya Gupta,Howrah,West Bengal,2025-05-17
9253,Neha Jain,Pune,Maharashtra,2026-05-24
9254,Sai Iyer,Patna,Bihar,2022-06-09
9255,Akash Dutta,Chennai,Tamil Nadu,2022-09-29
9256,Ananya Gupta,Howrah,West Bengal,2021-01-14
9257,Pooja Nair,Kochi,Kerala,2023-04-21
9258,Ananya Sharma,Kochi,Kerala,2023-01-18
9259,Meera Yadav,Kolkata,West Bengal,2025-10-27
9260,Priya Yadav,Howrah,West Bengal,2026-05-22
9261,Sai Verma,Coimbatore,Tamil Nadu,2024-10-22
9262,Reyansh Bora,New Delhi,Delhi,2024-04-23
9263,Aditya Choudhury,Nagpur,Maharashtra,2025-12-24
9264,Aditya Saha,Mumbai,Maharashtra,2026-01-16
9265,Ananya Yadav,Kochi,Kerala,2026-01-25
9266,Vikram Patel,Coimbatore,Tamil Nadu,2023-04-30
9267,Neha Dutta,Kochi,Kerala,2025-05-08
9268,Neha Jain,Ahmedabad,Gujarat,2023-08-25
9269,Vikram Jain,Patna,Bihar,2021-11-23
9270,Sanjay Singh,Kolkata,West Bengal,2025-08-20
9271,Sanjay Nair,Bengaluru,Karnataka,2021-11-19
9272,Meera Bora,Ahmedabad,Gujarat,2025-06-21
9273,Sneha Mishra,Ahmedabad,Gujarat,2021-08-20
9274,Arjun Roy,Coimbatore,Tamil Nadu,2022-09-08
9275,Pooja Bora,Mumbai,Maharashtra,2022-02-03
9276,Aarav Choudhury,Ahmedabad,Gujarat,2023-11-04
9277,Aditya Verma,Mumbai,Maharashtra,2022-10-26
9278,Rahul Reddy,Delhi,Delhi,2023-09-26
9279,Aarav Dutta,Noida,Uttar Pradesh,2021-11-04
9280,Karan Sharma,Noida,Uttar Pradesh,2025-02-05
9281,Sneha Iyer,Pune,Maharashtra,2025-12-23
9282,Rohan Singh,Bengaluru,Karnataka,2026-04-24
9283,Sneha Saha,Coimbatore,Tamil Nadu,2023-12-22
9284,Karan Singh,Nagpur,Maharashtra,2025-11-07
9285,Rohan Kumar,Mumbai,Maharashtra,2025-12-24
9286,Priya Reddy,Hyderabad,Telangana,2025-11-26
9287,Pooja Das,Lucknow,Uttar Pradesh,2021-02-06
9288,Nikhil Mishra,Chennai,Tamil Nadu,2023-04-11
9289,Sai Verma,Hyderabad,Telangana,2022-07-19
9290,Isha Verma,New Delhi,Delhi,2025-01-17
9291,Pooja Reddy,Kolkata,West Bengal,2026-02-04
9292,Vikram Patel,Bengaluru,Karnataka,2024-01-17
9293,Diya Jain,New Delhi,Delhi,2024-03-19
9294,Akash Gupta,Kochi,Kerala,2021-10-18
9295,Isha Yadav,Noida,Uttar Pradesh,2022-03-19
9296,Meera Verma,Gurugram,Haryana,2021-01-22
9297,Rohan Reddy,Patna,Bihar,2025-11-06
9298,Reyansh Gupta,Hyderabad,Telangana,2024-05-02
9299,Aditya Mehta,Nagpur,Maharashtra,2023-09-22
9300,Ananya Jain,Chandigarh,Chandigarh,2023-12-25
9301,Jyoti Ghosh,Gurugram,Haryana,2024-06-25
9302,Vivaan Das,Mumbai,Maharashtra,2023-01-18
9303,Aditi Choudhury,Ahmedabad,Gujarat,2023-10-14
9304,Aditi Dutta,Lucknow,Uttar Pradesh,2021-02-26
9305,Reyansh Verma,Chennai,Tamil Nadu,2024-03-16
9306,Reyansh Yadav,Nagpur,Maharashtra,2024-02-26
9307,Reyansh Gupta,Gurugram,Haryana,2022-12-24
9308,Neha Ghosh,New Delhi,Delhi,2021-11-02
9309,Rohan Mishra,Bhopal,Madhya Pradesh,2025-08-30
9310,Pooja Choudhury,Lucknow,Uttar Pradesh,2022-02-09
9311,Sai Mishra,Surat,Gujarat,2023-11-02
9312,Riya Iyer,Guwahati,Assam,2022-12-05
9313,Arjun Singh,Silchar,Assam,2025-07-19
9314,Sanjay Saha,Hyderabad,Telangana,2022-03-09
9315,Rahul Saha,Lucknow,Uttar Pradesh,2021-06-20
9316,Akash Ghosh,Delhi,Delhi,2021-02-09
9317,Priya Nair,Chennai,Tamil Nadu,2026-04-02
9318,Sanjay Nair,Noida,Uttar Pradesh,2021-08-15
9319,Riya Ghosh,Silchar,Assam,2022-09-05
9320,Meera Bora,Bhopal,Madhya Pradesh,2024-04-08
9321,Aditi Singh,Coimbatore,Tamil Nadu,2022-12-10
9322,Ishaan Singh,Howrah,West Bengal,2024-01-23
9323,Neha Choudhury,Delhi,Delhi,2024-08-30
9324,Pooja Roy,Gurugram,Haryana,2022-04-28
9325,Sneha Bora,Gurugram,Haryana,2023-08-03
9326,Rahul Patel,Indore,Madhya Pradesh,2022-06-13
9327,Jyoti Reddy,Jaipur,Rajasthan,2022-02-09
9328,Akash Ghosh,Indore,Madhya Pradesh,2024-06-29
9329,Aditi Kumar,Howrah,West Bengal,2021-12-04
9330,Ananya Kumar,Chennai,Tamil Nadu,2021-08-14
9331,Rahul Gupta,Bhubaneswar,Odisha,2025-10-10
9332,Nikhil Verma,Guwahati,Assam,2025-11-10
9333,Vikram Mishra,Bhopal,Madhya Pradesh,2024-06-10
9334,Ishaan Mehta,Mumbai,Maharashtra,2025-07-09
9335,Aarav Nair,Dibrugarh,Assam,2024-08-18
9336,Neha Roy,Nagpur,Maharashtra,2023-08-23
9337,Aarav Verma,Kochi,Kerala,2024-07-07
9338,Aditi Singh,Ahmedabad,Gujarat,2021-01-20
9339,Sneha Gupta,Hyderabad,Telangana,2022-12-27
9340,Rahul Bora,Kolkata,West Bengal,2021-09-19
9341,Pooja Dutta,Hyderabad,Telangana,2024-11-23
9342,Aditi Dutta,Nagpur,Maharashtra,2022-06-20
9343,Meera Saha,Silchar,Assam,2022-03-29
9344,Pooja Singh,New Delhi,Delhi,2024-05-04
9345,Vikram Verma,Gurugram,Haryana,2022-07-04
9346,Ananya Dutta,Silchar,Assam,2024-10-22
9347,Karan Das,Kolkata,West Bengal,2021-08-11
9348,Deepak Bora,Bhubaneswar,Odisha,2022-01-13
9349,Aditya Mehta,Coimbatore,Tamil Nadu,2026-02-10
9350,Ananya Roy,Kolkata,West Bengal,2025-11-10
9351,Aarav Sharma,Ahmedabad,Gujarat,2025-06-02
9352,Rohan Dutta,Jaipur,Rajasthan,2023-12-05
9353,Ishaan Patel,Silchar,Assam,2025-06-21
9354,Kavya Mehta,Kochi,Kerala,2024-06-04
9355,Sai Bora,Hyderabad,Telangana,2022-09-20
9356,Ishaan Reddy,Ahmedabad,Gujarat,2024-07-29
9357,Meera Choudhury,Jaipur,Rajasthan,2024-11-02
9358,Vikram Singh,Patna,Bihar,2025-06-21
9359,Ritu Saha,Thiruvananthapuram,Kerala,2022-05-26
9360,Sai Roy,Mumbai,Maharashtra,2021-12-12
9361,Manish Nair,Bhubaneswar,Odisha,2021-12-01
9362,Ishaan Kumar,Kolkata,West Bengal,2025-05-16
9363,Manish Patel,Mysuru,Karnataka,2021-03-29
9364,Aarav Mishra,Delhi,Delhi,2024-02-27
9365,Jyoti Verma,Mumbai,Maharashtra,2026-06-13
9366,Priya Roy,Hyderabad,Telangana,2025-09-22
9367,Jyoti Nair,Mumbai,Maharashtra,2025-09-18
9368,Kavya Choudhury,Bengaluru,Karnataka,2023-07-14
9369,Karan Reddy,Bengaluru,Karnataka,2025-02-19
9370,Vivaan Nair,Mysuru,Karnataka,2024-09-10
9371,Arjun Kumar,Delhi,Delhi,2022-05-25
9372,Reyansh Verma,Jaipur,Rajasthan,2024-05-11
9373,Diya Mehta,Gurugram,Haryana,2023-06-27
9374,Aditi Patel,Kochi,Kerala,2022-04-06
9375,Nikhil Mishra,Mysuru,Karnataka,2022-04-19
9376,Rohan Reddy,Coimbatore,Tamil Nadu,2021-02-09
9377,Pooja Mishra,Indore,Madhya Pradesh,2025-02-23
9378,Karan Iyer,Indore,Madhya Pradesh,2025-06-09
9379,Riya Gupta,Delhi,Delhi,2023-08-19
9380,Ishaan Jain,Chennai,Tamil Nadu,2022-02-10
9381,Ishaan Sharma,Pune,Maharashtra,2022-03-30
9382,Rohan Reddy,Dibrugarh,Assam,2022-04-22
9383,Deepak Patel,Bengaluru,Karnataka,2026-01-14
9384,Meera Nair,Mumbai,Maharashtra,2022-04-17
9385,Reyansh Nair,Pune,Maharashtra,2022-01-02
9386,Rohan Sharma,Bhubaneswar,Odisha,2026-03-27
9387,Diya Patel,Jaipur,Rajasthan,2024-01-09
9388,Sai Verma,Gurugram,Haryana,2023-07-29
9389,Vivaan Reddy,Bengaluru,Karnataka,2022-12-12
9390,Vivaan Dutta,Silchar,Assam,2023-03-30
9391,Ananya Das,Bengaluru,Karnataka,2021-09-28
9392,Karan Singh,Ranchi,Jharkhand,2023-09-26
9393,Ananya Yadav,Chennai,Tamil Nadu,2023-01-01
9394,Sanjay Mishra,Indore,Madhya Pradesh,2021-04-21
9395,Jyoti Verma,Kochi,Kerala,2022-07-01
9396,Akash Nair,Bengaluru,Karnataka,2021-11-08
9397,Rahul Singh,Kochi,Kerala,2023-03-17
9398,Sai Iyer,Pune,Maharashtra,2024-06-25
9399,Aditya Dutta,Ranchi,Jharkhand,2025-10-19
9400,Sanjay Verma,Mysuru,Karnataka,2023-11-12
9401,Kavya Singh,Shillong,Meghalaya,2025-04-28
9402,Ishaan Iyer,Surat,Gujarat,2025-09-26
9403,Karan Gupta,Guwahati,Assam,2022-12-17
9404,Aditi Mehta,Gurugram,Haryana,2022-09-28
9405,Aditya Saha,Dibrugarh,Assam,2026-06-18
9406,Arjun Reddy,Gurugram,Haryana,2023-08-22
9407,Pooja Reddy,Noida,Uttar Pradesh,2025-10-24
9408,Arjun Kumar,Chennai,Tamil Nadu,2026-04-29
9409,Sai Jain,Hyderabad,Telangana,2022-04-18
9410,Rohan Roy,Jaipur,Rajasthan,2021-09-27
9411,Sanjay Roy,Bengaluru,Karnataka,2025-09-17
9412,Reyansh Singh,Nagpur,Maharashtra,2023-04-21
9413,Riya Iyer,Lucknow,Uttar Pradesh,2025-11-23
9414,Meera Gupta,Guwahati,Assam,2025-01-06
9415,Ritu Sharma,Mysuru,Karnataka,2021-01-19
9416,Aditya Reddy,Hyderabad,Telangana,2026-04-09
9417,Vivaan Reddy,Mumbai,Maharashtra,2021-11-12
9418,Isha Jain,Jaipur,Rajasthan,2024-09-12
9419,Jyoti Roy,Ranchi,Jharkhand,2024-09-29
9420,Akash Singh,Surat,Gujarat,2023-08-02
9421,Krishna Roy,Mysuru,Karnataka,2024-11-05
9422,Kavya Verma,Mumbai,Maharashtra,2026-03-27
9423,Vivaan Das,Chandigarh,Chandigarh,2024-04-29
9424,Rahul Roy,Mumbai,Maharashtra,2026-02-20
9425,Vivaan Patel,Gurugram,Haryana,2025-10-06
9426,Deepak Jain,Surat,Gujarat,2023-09-22
9427,Arjun Yadav,Howrah,West Bengal,2024-02-16
9428,Rohan Kumar,Surat,Gujarat,2021-03-20
9429,Ishaan Yadav,Lucknow,Uttar Pradesh,2023-03-02
9430,Kavya Choudhury,Howrah,West Bengal,2023-04-15
9431,Diya Singh,Gurugram,Haryana,2025-02-11
9432,Diya Roy,Howrah,West Bengal,2024-11-03
9433,Diya Verma,Dibrugarh,Assam,2021-04-04
9434,Ananya Kumar,Lucknow,Uttar Pradesh,2023-02-21
9435,Pooja Bora,Bhubaneswar,Odisha,2024-01-04
9436,Kavya Verma,Chennai,Tamil Nadu,2021-12-27
9437,Reyansh Choudhury,Mumbai,Maharashtra,2026-04-29
9438,Manish Yadav,Delhi,Delhi,2021-01-04
9439,Ritu Nair,Pune,Maharashtra,2024-10-01
9440,Krishna Ghosh,Hyderabad,Telangana,2024-07-18
9441,Rahul Sharma,New Delhi,Delhi,2023-05-11
9442,Manish Sharma,Kolkata,West Bengal,2022-04-03
9443,Vivaan Kumar,Kochi,Kerala,2022-03-31
9444,Akash Jain,Surat,Gujarat,2026-05-05
9445,Jyoti Mishra,Bhubaneswar,Odisha,2024-04-11
9446,Rohan Iyer,Chennai,Tamil Nadu,2024-08-06
9447,Riya Patel,Kochi,Kerala,2024-05-29
9448,Aditya Mehta,Hyderabad,Telangana,2026-01-01
9449,Neha Verma,Coimbatore,Tamil Nadu,2022-06-24
9450,Kavya Jain,Shillong,Meghalaya,2023-02-16
9451,Diya Singh,Gurugram,Haryana,2023-07-10
9452,Pooja Choudhury,Indore,Madhya Pradesh,2022-11-23
9453,Meera Nair,Guwahati,Assam,2021-06-22
9454,Diya Saha,Chennai,Tamil Nadu,2021-04-04
9455,Isha Patel,Patna,Bihar,2025-08-09
9456,Vikram Singh,Thiruvananthapuram,Kerala,2022-05-25
9457,Jyoti Ghosh,Kolkata,West Bengal,2026-02-20
9458,Reyansh Sharma,New Delhi,Delhi,2026-03-24
9459,Diya Jain,Gurugram,Haryana,2021-10-03
9460,Meera Reddy,Bhopal,Madhya Pradesh,2022-12-10
9461,Ishaan Choudhury,Bhubaneswar,Odisha,2022-03-15
9462,Sanjay Gupta,Gurugram,Haryana,2023-09-15
9463,Arjun Kumar,Mumbai,Maharashtra,2022-02-14
9464,Sneha Das,Kolkata,West Bengal,2024-02-16
9465,Deepak Roy,Surat,Gujarat,2021-11-26
9466,Riya Choudhury,Pune,Maharashtra,2022-08-03
9467,Ritu Das,Lucknow,Uttar Pradesh,2021-01-26
9468,Vivaan Dutta,Delhi,Delhi,2024-09-23
9469,Deepak Nair,Kochi,Kerala,2026-05-11
9470,Nikhil Verma,Chennai,Tamil Nadu,2021-02-18
9471,Neha Verma,Thiruvananthapuram,Kerala,2022-08-29
9472,Manish Verma,Kolkata,West Bengal,2025-03-05
9473,Vikram Yadav,Lucknow,Uttar Pradesh,2024-04-15
9474,Ritu Choudhury,Bhopal,Madhya Pradesh,2024-03-09
9475,Ishaan Jain,Coimbatore,Tamil Nadu,2023-07-28
9476,Rahul Kumar,Kolkata,West Bengal,2021-10-04
9477,Aarav Patel,Pune,Maharashtra,2022-03-16
9478,Rahul Gupta,Patna,Bihar,2025-04-30
9479,Nikhil Verma,Howrah,West Bengal,2025-05-01
9480,Aditya Nair,Mumbai,Maharashtra,2024-04-03
9481,Aditi Nair,New Delhi,Delhi,2021-11-19
9482,Aarav Choudhury,Jaipur,Rajasthan,2022-04-08
9483,Rohan Das,Noida,Uttar Pradesh,2025-01-02
9484,Neha Roy,Hyderabad,Telangana,2024-03-09
9485,Meera Kumar,Mysuru,Karnataka,2022-07-10
9486,Sneha Patel,Delhi,Delhi,2024-06-22
9487,Aditi Kumar,Chennai,Tamil Nadu,2023-12-05
9488,Reyansh Ghosh,Delhi,Delhi,2022-11-21
9489,Isha Verma,Patna,Bihar,2024-07-18
9490,Ishaan Verma,Mumbai,Maharashtra,2021-09-18
9491,Rahul Verma,Nagpur,Maharashtra,2026-01-11
9492,Priya Ghosh,Chennai,Tamil Nadu,2025-03-03
9493,Arjun Bora,Indore,Madhya Pradesh,2026-06-22
9494,Diya Jain,Chennai,Tamil Nadu,2024-09-12
9495,Deepak Mehta,Ahmedabad,Gujarat,2021-03-31
9496,Ritu Bora,Pune,Maharashtra,2023-11-24
9497,Akash Sharma,Patna,Bihar,2023-11-05
9498,Isha Roy,Chennai,Tamil Nadu,2023-04-26
9499,Sanjay Das,Mumbai,Maharashtra,2024-01-16
9500,Neha Dutta,Indore,Madhya Pradesh,2022-03-22
9501,Rahul Mehta,Kolkata,West Bengal,2024-02-08
9502,Vivaan Mishra,Kolkata,West Bengal,2024-06-11
9503,Krishna Roy,Ahmedabad,Gujarat,2025-06-26
9504,Sneha Kumar,Pune,Maharashtra,2021-10-15
9505,Riya Nair,Jaipur,Rajasthan,2025-08-26
9506,Aarav Dutta,Bengaluru,Karnataka,2021-11-15
9507,Rohan Yadav,Delhi,Delhi,2026-06-25
9508,Riya Kumar,Delhi,Delhi,2024-01-05
9509,Ishaan Ghosh,Delhi,Delhi,2021-05-25
9510,Rahul Iyer,New Delhi,Delhi,2021-06-07
9511,Aditya Das,Mumbai,Maharashtra,2026-04-16
9512,Karan Dutta,Silchar,Assam,2021-03-06
9513,Jyoti Mishra,Chennai,Tamil Nadu,2023-02-19
9514,Rohan Das,Ranchi,Jharkhand,2026-02-28
9515,Nikhil Mishra,Jaipur,Rajasthan,2022-05-25
9516,Aditya Sharma,Hyderabad,Telangana,2023-02-24
9517,Sanjay Singh,Bengaluru,Karnataka,2026-03-22
9518,Deepak Das,Indore,Madhya Pradesh,2024-03-08
9519,Neha Saha,Bhopal,Madhya Pradesh,2025-07-27
9520,Ritu Kumar,Nagpur,Maharashtra,2022-10-08
9521,Aditi Dutta,Kochi,Kerala,2024-10-17
9522,Sneha Roy,Guwahati,Assam,2025-01-27
9523,Pooja Patel,Ahmedabad,Gujarat,2024-10-02
9524,Vivaan Gupta,Bengaluru,Karnataka,2026-06-08
9525,Aditya Patel,Bengaluru,Karnataka,2022-07-30
9526,Arjun Das,Bhubaneswar,Odisha,2023-11-23
9527,Riya Das,Shillong,Meghalaya,2025-10-17
9528,Ananya Singh,Mysuru,Karnataka,2026-04-28
9529,Sai Reddy,Noida,Uttar Pradesh,2022-04-20
9530,Ritu Mishra,Jaipur,Rajasthan,2023-07-01
9531,Rahul Ghosh,Lucknow,Uttar Pradesh,2022-09-27
9532,Meera Sharma,Mumbai,Maharashtra,2023-01-10
9533,Sanjay Verma,Ahmedabad,Gujarat,2022-07-17
9534,Isha Ghosh,Ranchi,Jharkhand,2026-01-23
9535,Deepak Jain,Pune,Maharashtra,2024-09-14
9536,Aditya Sharma,Kolkata,West Bengal,2022-03-12
9537,Sanjay Iyer,Delhi,Delhi,2022-06-22
9538,Rohan Reddy,Bhubaneswar,Odisha,2023-03-10
9539,Pooja Dutta,Kolkata,West Bengal,2026-04-23
9540,Sneha Saha,Hyderabad,Telangana,2024-09-16
9541,Priya Mehta,Bengaluru,Karnataka,2021-04-22
9542,Ritu Ghosh,Mumbai,Maharashtra,2022-03-16
9543,Jyoti Mishra,Bengaluru,Karnataka,2024-06-20
9544,Kavya Ghosh,Jaipur,Rajasthan,2026-06-09
9545,Ishaan Gupta,Mumbai,Maharashtra,2026-04-15
9546,Ishaan Kumar,Jaipur,Rajasthan,2024-12-21
9547,Rahul Singh,Chandigarh,Chandigarh,2024-06-13
9548,Isha Nair,Delhi,Delhi,2024-07-14
9549,Isha Sharma,Pune,Maharashtra,2025-09-03
9550,Pooja Ghosh,New Delhi,Delhi,2023-05-24
9551,Aditya Yadav,Chennai,Tamil Nadu,2026-04-10
9552,Vikram Kumar,Mumbai,Maharashtra,2023-09-29
9553,Deepak Verma,Bengaluru,Karnataka,2024-11-04
9554,Aditi Kumar,Pune,Maharashtra,2023-12-30
9555,Meera Das,Lucknow,Uttar Pradesh,2022-08-28
9556,Isha Verma,Delhi,Delhi,2022-04-08
9557,Aarav Verma,Coimbatore,Tamil Nadu,2022-08-15
9558,Kavya Kumar,Bengaluru,Karnataka,2022-08-19
9559,Akash Yadav,Kolkata,West Bengal,2022-09-08
9560,Jyoti Mishra,Chennai,Tamil Nadu,2024-07-25
9561,Rohan Jain,Ranchi,Jharkhand,2024-04-25
9562,Priya Sharma,Bengaluru,Karnataka,2021-05-23
9563,Isha Das,Guwahati,Assam,2022-05-20
9564,Vikram Ghosh,Mumbai,Maharashtra,2021-04-20
9565,Pooja Singh,Patna,Bihar,2021-01-09
9566,Pooja Gupta,Hyderabad,Telangana,2026-04-29
9567,Neha Nair,Lucknow,Uttar Pradesh,2022-10-04
9568,Krishna Verma,Surat,Gujarat,2025-07-15
9569,Arjun Singh,Hyderabad,Telangana,2021-07-31
9570,Karan Roy,Hyderabad,Telangana,2024-03-21
9571,Rohan Saha,Bhopal,Madhya Pradesh,2021-03-16
9572,Aditya Mehta,Mumbai,Maharashtra,2026-03-04
9573,Sanjay Iyer,Bengaluru,Karnataka,2021-06-26
9574,Meera Ghosh,Chennai,Tamil Nadu,2024-04-27
9575,Ishaan Jain,Bengaluru,Karnataka,2022-04-21
9576,Manish Roy,Bengaluru,Karnataka,2024-03-02
9577,Ananya Iyer,Thiruvananthapuram,Kerala,2026-03-11
9578,Neha Das,Shillong,Meghalaya,2022-04-14
9579,Aarav Patel,Kolkata,West Bengal,2024-10-24
9580,Ishaan Sharma,Gurugram,Haryana,2023-01-08
9581,Vivaan Nair,Indore,Madhya Pradesh,2025-03-31
9582,Neha Mishra,Jaipur,Rajasthan,2025-06-21
9583,Isha Iyer,Delhi,Delhi,2024-07-07
9584,Karan Das,New Delhi,Delhi,2023-03-02
9585,Sneha Ghosh,Kochi,Kerala,2024-06-10
9586,Krishna Mishra,New Delhi,Delhi,2023-07-20
9587,Meera Dutta,Indore,Madhya Pradesh,2025-04-13
9588,Karan Dutta,Bengaluru,Karnataka,2023-10-12
9589,Sanjay Yadav,Dibrugarh,Assam,2022-02-06
9590,Kavya Kumar,Bhopal,Madhya Pradesh,2025-09-29
9591,Nikhil Gupta,Indore,Madhya Pradesh,2026-06-10
9592,Ritu Choudhury,Bhopal,Madhya Pradesh,2021-11-11
9593,Riya Ghosh,Lucknow,Uttar Pradesh,2023-03-06
9594,Karan Singh,Lucknow,Uttar Pradesh,2022-06-19
9595,Ishaan Mehta,Thiruvananthapuram,Kerala,2026-05-18
9596,Arjun Choudhury,Surat,Gujarat,2025-06-09
9597,Priya Verma,Silchar,Assam,2023-03-11
9598,Diya Yadav,Hyderabad,Telangana,2023-01-19
9599,Ritu Gupta,Lucknow,Uttar Pradesh,2023-09-06
9600,Aditi Dutta,Bhopal,Madhya Pradesh,2023-08-06
9601,Arjun Kumar,Nagpur,Maharashtra,2025-01-08
9602,Isha Mishra,Nagpur,Maharashtra,2021-02-20
9603,Vikram Iyer,Ahmedabad,Gujarat,2022-01-20
9604,Rahul Kumar,Bhubaneswar,Odisha,2023-03-17
9605,Riya Saha,New Delhi,Delhi,2024-04-28
9606,Rahul Reddy,Hyderabad,Telangana,2021-07-28
9607,Ritu Gupta,Chennai,Tamil Nadu,2021-01-11
9608,Rohan Dutta,Surat,Gujarat,2022-05-02
9609,Arjun Yadav,Kolkata,West Bengal,2025-09-17
9610,Manish Mishra,Thiruvananthapuram,Kerala,2023-03-26
9611,Ananya Dutta,Kochi,Kerala,2023-01-12
9612,Jyoti Verma,Jaipur,Rajasthan,2025-10-12
9613,Vikram Bora,Chennai,Tamil Nadu,2024-06-26
9614,Aarav Verma,Coimbatore,Tamil Nadu,2021-04-20
9615,Sanjay Das,Lucknow,Uttar Pradesh,2025-05-25
9616,Vivaan Singh,Lucknow,Uttar Pradesh,2025-03-16
9617,Aditya Roy,Ranchi,Jharkhand,2023-05-19
9618,Priya Patel,Pune,Maharashtra,2024-04-13
9619,Rohan Saha,Ahmedabad,Gujarat,2025-06-02
9620,Reyansh Singh,Jaipur,Rajasthan,2021-06-17
9621,Vivaan Yadav,Indore,Madhya Pradesh,2021-01-03
9622,Pooja Patel,Kolkata,West Bengal,2024-09-03
9623,Nikhil Kumar,Howrah,West Bengal,2022-09-13
9624,Vivaan Yadav,Bhopal,Madhya Pradesh,2024-07-02
9625,Reyansh Patel,Indore,Madhya Pradesh,2023-09-07
9626,Aditya Verma,Noida,Uttar Pradesh,2022-03-23
9627,Kavya Das,Bengaluru,Karnataka,2022-06-22
9628,Priya Gupta,Kolkata,West Bengal,2025-12-26
9629,Ritu Iyer,Jaipur,Rajasthan,2023-04-26
9630,Meera Singh,Kochi,Kerala,2025-01-24
9631,Aditya Jain,Jaipur,Rajasthan,2021-09-16
9632,Reyansh Sharma,Ahmedabad,Gujarat,2025-12-05
9633,Aditya Jain,Hyderabad,Telangana,2025-03-18
9634,Deepak Nair,Gurugram,Haryana,2023-03-26
9635,Aditya Gupta,Nagpur,Maharashtra,2023-02-27
9636,Krishna Roy,Bhopal,Madhya Pradesh,2021-11-15
9637,Karan Roy,Bengaluru,Karnataka,2021-08-27
9638,Kavya Patel,Jaipur,Rajasthan,2023-05-18
9639,Aditi Mishra,Mysuru,Karnataka,2024-07-05
9640,Priya Roy,Mumbai,Maharashtra,2025-10-02
9641,Ishaan Dutta,Bengaluru,Karnataka,2025-09-10
9642,Nikhil Singh,New Delhi,Delhi,2024-03-28
9643,Ishaan Bora,Gurugram,Haryana,2025-02-12
9644,Sanjay Yadav,Kochi,Kerala,2021-10-14
9645,Jyoti Kumar,Delhi,Delhi,2025-12-22
9646,Arjun Bora,Ranchi,Jharkhand,2026-02-10
9647,Ishaan Ghosh,Chennai,Tamil Nadu,2024-05-18
9648,Ritu Saha,Surat,Gujarat,2024-05-24
9649,Ritu Bora,Ahmedabad,Gujarat,2025-09-28
9650,Sai Saha,Dibrugarh,Assam,2022-10-04
9651,Rohan Nair,Hyderabad,Telangana,2022-06-11
9652,Pooja Gupta,Noida,Uttar Pradesh,2022-07-25
9653,Jyoti Roy,Ranchi,Jharkhand,2025-03-10
9654,Riya Roy,Bhubaneswar,Odisha,2025-02-03
9655,Akash Das,Kolkata,West Bengal,2025-11-22
9656,Ishaan Gupta,Pune,Maharashtra,2025-05-23
9657,Aarav Saha,Mumbai,Maharashtra,2022-06-12
9658,Ananya Yadav,Gurugram,Haryana,2021-02-20
9659,Deepak Reddy,Kolkata,West Bengal,2021-06-24
9660,Aditi Verma,Mysuru,Karnataka,2022-12-14
9661,Isha Bora,Patna,Bihar,2026-02-07
9662,Sneha Saha,Patna,Bihar,2023-12-23
9663,Diya Mishra,Mumbai,Maharashtra,2026-03-04
9664,Aarav Mehta,Pune,Maharashtra,2021-11-08
9665,Ishaan Ghosh,Kochi,Kerala,2026-05-08
9666,Sai Kumar,Delhi,Delhi,2023-04-25
9667,Krishna Dutta,Coimbatore,Tamil Nadu,2021-02-16
9668,Rahul Singh,Delhi,Delhi,2023-11-08
9669,Sai Saha,Ahmedabad,Gujarat,2021-01-14
9670,Aditi Mishra,Mysuru,Karnataka,2024-09-09
9671,Priya Gupta,Ahmedabad,Gujarat,2023-09-30
9672,Vikram Mishra,Gurugram,Haryana,2026-06-10
9673,Diya Choudhury,Delhi,Delhi,2025-08-29
9674,Pooja Iyer,Indore,Madhya Pradesh,2022-10-09
9675,Jyoti Dutta,Mumbai,Maharashtra,2026-05-24
9676,Rohan Singh,Bengaluru,Karnataka,2023-07-14
9677,Nikhil Patel,Pune,Maharashtra,2023-09-09
9678,Vikram Ghosh,Thiruvananthapuram,Kerala,2026-05-27
9679,Kavya Roy,Mumbai,Maharashtra,2024-12-26
9680,Isha Ghosh,Delhi,Delhi,2022-12-29
9681,Arjun Bora,Indore,Madhya Pradesh,2021-08-02
9682,Rahul Bora,Chennai,Tamil Nadu,2024-02-12
9683,Sanjay Sharma,New Delhi,Delhi,2021-03-04
9684,Isha Gupta,Ahmedabad,Gujarat,2023-01-11
9685,Kavya Dutta,Mumbai,Maharashtra,2026-04-25
9686,Jyoti Mehta,Surat,Gujarat,2021-12-07
9687,Reyansh Jain,Thiruvananthapuram,Kerala,2024-02-19
9688,Vikram Bora,Kolkata,West Bengal,2026-05-24
9689,Akash Choudhury,Ranchi,Jharkhand,2021-03-22
9690,Kavya Patel,Noida,Uttar Pradesh,2023-12-05
9691,Priya Gupta,Pune,Maharashtra,2024-07-27
9692,Pooja Nair,Gurugram,Haryana,2022-12-25
9693,Sai Sharma,Ahmedabad,Gujarat,2021-11-02
9694,Aditya Saha,Kolkata,West Bengal,2021-01-14
9695,Riya Nair,Hyderabad,Telangana,2021-02-16
9696,Rohan Singh,Nagpur,Maharashtra,2023-08-21
9697,Sai Choudhury,Hyderabad,Telangana,2025-01-07
9698,Pooja Patel,Jaipur,Rajasthan,2023-05-31
9699,Aditya Bora,Jaipur,Rajasthan,2022-10-31
9700,Ananya Iyer,Jaipur,Rajasthan,2025-02-05
9701,Karan Sharma,Chennai,Tamil Nadu,2024-11-02
9702,Akash Singh,Mumbai,Maharashtra,2023-01-15
9703,Aditi Nair,Mumbai,Maharashtra,2021-08-24
9704,Rohan Dutta,Noida,Uttar Pradesh,2025-04-24
9705,Sai Patel,Nagpur,Maharashtra,2025-12-02
9706,Krishna Roy,Noida,Uttar Pradesh,2021-01-27
9707,Reyansh Dutta,Mumbai,Maharashtra,2023-07-15
9708,Reyansh Jain,Bengaluru,Karnataka,2021-03-20
9709,Akash Patel,New Delhi,Delhi,2024-12-15
9710,Reyansh Mehta,Lucknow,Uttar Pradesh,2024-10-30
9711,Ananya Patel,Delhi,Delhi,2023-07-25
9712,Pooja Mishra,Ahmedabad,Gujarat,2023-06-10
9713,Riya Sharma,Delhi,Delhi,2026-05-14
9714,Ritu Roy,Indore,Madhya Pradesh,2021-08-18
9715,Arjun Roy,Gurugram,Haryana,2022-03-29
9716,Meera Saha,Bhopal,Madhya Pradesh,2025-05-26
9717,Sneha Nair,Coimbatore,Tamil Nadu,2024-02-18
9718,Ritu Sharma,Mumbai,Maharashtra,2022-02-27
9719,Vikram Mehta,Bengaluru,Karnataka,2022-07-25
9720,Isha Das,Mumbai,Maharashtra,2021-02-08
9721,Neha Ghosh,Hyderabad,Telangana,2022-06-25
9722,Riya Nair,Mumbai,Maharashtra,2024-11-05
9723,Ananya Yadav,Bengaluru,Karnataka,2025-02-13
9724,Manish Das,Mumbai,Maharashtra,2022-11-06
9725,Reyansh Mishra,Kolkata,West Bengal,2022-09-06
9726,Karan Bora,Kochi,Kerala,2025-08-28
9727,Reyansh Nair,Howrah,West Bengal,2024-04-15
9728,Aarav Reddy,Pune,Maharashtra,2023-01-05
9729,Aditi Roy,Ranchi,Jharkhand,2024-09-01
9730,Karan Roy,Jaipur,Rajasthan,2026-06-27
9731,Pooja Patel,Pune,Maharashtra,2025-01-12
9732,Sai Reddy,Nagpur,Maharashtra,2025-09-10
9733,Ishaan Bora,Chennai,Tamil Nadu,2024-11-30
9734,Riya Verma,Nagpur,Maharashtra,2025-06-13
9735,Riya Patel,Mysuru,Karnataka,2025-09-12
9736,Priya Nair,Thiruvananthapuram,Kerala,2024-08-19
9737,Rohan Verma,New Delhi,Delhi,2026-03-02
9738,Karan Nair,Kochi,Kerala,2025-10-09
9739,Sai Reddy,Kolkata,West Bengal,2023-04-09
9740,Krishna Saha,Chandigarh,Chandigarh,2024-10-17
9741,Arjun Singh,Chennai,Tamil Nadu,2025-04-30
9742,Pooja Bora,Pune,Maharashtra,2022-11-07
9743,Kavya Roy,Ranchi,Jharkhand,2022-10-17
9744,Priya Yadav,Bhopal,Madhya Pradesh,2023-08-07
9745,Isha Verma,Ahmedabad,Gujarat,2021-12-29
9746,Rohan Yadav,New Delhi,Delhi,2023-07-01
9747,Ishaan Sharma,Surat,Gujarat,2026-06-09
9748,Diya Yadav,Bengaluru,Karnataka,2026-05-28
9749,Aarav Mishra,Guwahati,Assam,2023-11-06
9750,Riya Roy,Kolkata,West Bengal,2025-09-10
9751,Ritu Nair,Mumbai,Maharashtra,2025-12-26
9752,Sai Saha,Bhopal,Madhya Pradesh,2021-09-26
9753,Diya Reddy,Thiruvananthapuram,Kerala,2022-03-27
9754,Rahul Iyer,Kochi,Kerala,2025-04-23
9755,Vivaan Reddy,Surat,Gujarat,2022-01-06
9756,Neha Roy,Chandigarh,Chandigarh,2022-12-24
9757,Sneha Saha,Hyderabad,Telangana,2023-07-01
9758,Aditya Das,Jaipur,Rajasthan,2025-10-13
9759,Priya Mishra,Noida,Uttar Pradesh,2025-05-28
9760,Aarav Nair,Patna,Bihar,2022-04-03
9761,Meera Dutta,Bhubaneswar,Odisha,2023-08-16
9762,Ananya Das,Hyderabad,Telangana,2022-05-28
9763,Aarav Yadav,Pune,Maharashtra,2023-03-08
9764,Ritu Iyer,Ahmedabad,Gujarat,2026-01-02
9765,Priya Verma,Kochi,Kerala,2024-03-14
9766,Akash Iyer,Patna,Bihar,2021-08-12
9767,Sai Bora,Lucknow,Uttar Pradesh,2026-05-29
9768,Krishna Kumar,Pune,Maharashtra,2022-02-25
9769,Pooja Kumar,Gurugram,Haryana,2024-05-03
9770,Kavya Patel,Mumbai,Maharashtra,2026-02-18
9771,Nikhil Singh,Bengaluru,Karnataka,2023-06-06
9772,Jyoti Mishra,Nagpur,Maharashtra,2023-11-06
9773,Aditi Gupta,Guwahati,Assam,2024-04-16
9774,Sneha Mehta,Mumbai,Maharashtra,2026-03-01
9775,Manish Das,Coimbatore,Tamil Nadu,2021-08-05
9776,Deepak Mishra,Chandigarh,Chandigarh,2025-02-05
9777,Sneha Mishra,Jaipur,Rajasthan,2024-08-01
9778,Aditi Dutta,Guwahati,Assam,2025-09-28
9779,Vikram Reddy,Kolkata,West Bengal,2024-07-21
9780,Vivaan Gupta,Noida,Uttar Pradesh,2026-03-30
9781,Sneha Yadav,New Delhi,Delhi,2024-10-18
9782,Diya Dutta,Indore,Madhya Pradesh,2024-10-17
9783,Jyoti Yadav,Kolkata,West Bengal,2025-02-11
9784,Isha Jain,Indore,Madhya Pradesh,2023-11-15
9785,Pooja Mehta,Lucknow,Uttar Pradesh,2024-01-24
9786,Neha Ghosh,Patna,Bihar,2026-06-08
9787,Vivaan Mishra,Coimbatore,Tamil Nadu,2022-05-13
9788,Sneha Gupta,Mumbai,Maharashtra,2021-01-09
9789,Aditi Mishra,Kolkata,West Bengal,2022-08-06
9790,Sanjay Nair,Thiruvananthapuram,Kerala,2025-10-07
9791,Priya Mehta,Patna,Bihar,2022-10-03
9792,Rohan Das,Indore,Madhya Pradesh,2022-09-27
9793,Priya Kumar,Indore,Madhya Pradesh,2021-03-30
9794,Sai Roy,Surat,Gujarat,2025-08-24
9795,Pooja Reddy,Nagpur,Maharashtra,2024-08-04
9796,Rahul Ghosh,Bengaluru,Karnataka,2022-04-21
9797,Arjun Kumar,Bhopal,Madhya Pradesh,2024-03-09
9798,Manish Mehta,Mumbai,Maharashtra,2025-06-28
9799,Jyoti Jain,Bengaluru,Karnataka,2024-04-02
9800,Kavya Reddy,New Delhi,Delhi,2024-06-05
9801,Karan Mishra,Kochi,Kerala,2024-07-28
9802,Sanjay Saha,Chandigarh,Chandigarh,2023-08-05
9803,Meera Iyer,Gurugram,Haryana,2024-03-18
9804,Priya Jain,Kolkata,West Bengal,2022-10-06
9805,Nikhil Choudhury,Bhubaneswar,Odisha,2026-03-04
9806,Sanjay Yadav,Chennai,Tamil Nadu,2024-09-25
9807,Kavya Nair,Pune,Maharashtra,2023-09-04
9808,Rahul Verma,Thiruvananthapuram,Kerala,2022-03-23
9809,Karan Patel,Kolkata,West Bengal,2026-05-11
9810,Jyoti Das,Mumbai,Maharashtra,2023-06-26
9811,Priya Ghosh,Ranchi,Jharkhand,2025-09-17
9812,Akash Patel,Kochi,Kerala,2021-07-12
9813,Jyoti Sharma,Mysuru,Karnataka,2021-02-22
9814,Krishna Kumar,Kolkata,West Bengal,2023-12-31
9815,Krishna Patel,Surat,Gujarat,2021-11-01
9816,Ananya Nair,Gurugram,Haryana,2023-10-24
9817,Krishna Roy,Mumbai,Maharashtra,2026-01-26
9818,Ananya Dutta,Surat,Gujarat,2024-05-22
9819,Nikhil Verma,Kochi,Kerala,2022-11-14
9820,Aditya Dutta,Gurugram,Haryana,2022-04-05
9821,Sanjay Kumar,Dibrugarh,Assam,2024-10-31
9822,Priya Gupta,Mysuru,Karnataka,2021-11-21
9823,Karan Reddy,Mysuru,Karnataka,2024-10-06
9824,Aditi Ghosh,Ranchi,Jharkhand,2022-08-07
9825,Karan Verma,Delhi,Delhi,2024-05-01
9826,Reyansh Gupta,Delhi,Delhi,2026-06-07
9827,Aditya Nair,Bengaluru,Karnataka,2023-09-25
9828,Ananya Verma,Hyderabad,Telangana,2024-06-08
9829,Diya Reddy,Surat,Gujarat,2024-12-25
9830,Priya Verma,Chennai,Tamil Nadu,2024-11-24
9831,Vivaan Verma,Silchar,Assam,2021-11-01
9832,Rohan Singh,Hyderabad,Telangana,2023-08-22
9833,Rahul Mehta,Delhi,Delhi,2026-06-19
9834,Diya Mishra,Dibrugarh,Assam,2025-06-12
9835,Sanjay Kumar,Bengaluru,Karnataka,2023-08-21
9836,Arjun Yadav,Pune,Maharashtra,2021-11-24
9837,Nikhil Saha,Ahmedabad,Gujarat,2026-03-14
9838,Reyansh Choudhury,Pune,Maharashtra,2024-07-24
9839,Sanjay Sharma,Noida,Uttar Pradesh,2025-03-28
9840,Aarav Ghosh,Bhopal,Madhya Pradesh,2022-10-28
9841,Akash Dutta,Gurugram,Haryana,2021-07-31
9842,Vikram Yadav,Delhi,Delhi,2021-11-03
9843,Karan Sharma,Lucknow,Uttar Pradesh,2024-09-05
9844,Rahul Roy,Chennai,Tamil Nadu,2022-08-30
9845,Ishaan Sharma,Ahmedabad,Gujarat,2022-12-24
9846,Diya Reddy,Dibrugarh,Assam,2023-01-30
9847,Neha Reddy,Ranchi,Jharkhand,2022-11-28
9848,Meera Patel,Mumbai,Maharashtra,2026-06-09
9849,Aarav Choudhury,Gurugram,Haryana,2023-05-28
9850,Riya Saha,Kolkata,West Bengal,2025-04-23
9851,Vikram Patel,Ranchi,Jharkhand,2022-10-01
9852,Sneha Roy,New Delhi,Delhi,2021-10-08
9853,Neha Saha,Indore,Madhya Pradesh,2022-01-28
9854,Deepak Roy,Mumbai,Maharashtra,2024-10-21
9855,Sai Gupta,Mumbai,Maharashtra,2023-12-01
9856,Manish Dutta,Coimbatore,Tamil Nadu,2023-02-12
9857,Akash Mishra,Kochi,Kerala,2023-05-19
9858,Nikhil Bora,Mumbai,Maharashtra,2026-04-24
9859,Priya Iyer,Delhi,Delhi,2024-03-01
9860,Aarav Kumar,Kochi,Kerala,2024-10-17
9861,Aditi Verma,Pune,Maharashtra,2025-05-03
9862,Vikram Ghosh,Hyderabad,Telangana,2026-04-07
9863,Aditya Reddy,Mumbai,Maharashtra,2025-01-17
9864,Vivaan Verma,Noida,Uttar Pradesh,2021-12-20
9865,Krishna Mehta,New Delhi,Delhi,2025-10-04
9866,Priya Roy,Mysuru,Karnataka,2021-03-09
9867,Sai Das,Surat,Gujarat,2026-01-06
9868,Aditya Yadav,Coimbatore,Tamil Nadu,2025-01-31
9869,Ishaan Gupta,Lucknow,Uttar Pradesh,2024-11-05
9870,Ritu Singh,Surat,Gujarat,2024-07-24
9871,Neha Kumar,Chandigarh,Chandigarh,2021-11-19
9872,Reyansh Das,Patna,Bihar,2024-06-02
9873,Ishaan Sharma,Mumbai,Maharashtra,2022-11-22
9874,Sai Roy,Kolkata,West Bengal,2021-11-23
9875,Akash Yadav,Mumbai,Maharashtra,2021-04-24
9876,Kavya Gupta,Nagpur,Maharashtra,2021-10-25
9877,Manish Mehta,Lucknow,Uttar Pradesh,2023-06-30
9878,Vivaan Reddy,Delhi,Delhi,2025-05-16
9879,Ananya Choudhury,Bengaluru,Karnataka,2024-02-21
9880,Akash Ghosh,Gurugram,Haryana,2024-01-02
9881,Riya Dutta,Patna,Bihar,2025-12-30
9882,Reyansh Bora,Mumbai,Maharashtra,2022-02-01
9883,Deepak Sharma,Noida,Uttar Pradesh,2023-11-28
9884,Meera Mishra,Kochi,Kerala,2021-12-09
9885,Rahul Mehta,Ahmedabad,Gujarat,2026-01-21
9886,Diya Jain,Hyderabad,Telangana,2023-05-09
9887,Manish Mehta,Surat,Gujarat,2021-10-09
9888,Ritu Mishra,Kolkata,West Bengal,2021-01-27
9889,Deepak Sharma,Hyderabad,Telangana,2024-11-19
9890,Deepak Mehta,Lucknow,Uttar Pradesh,2025-12-20
9891,Jyoti Mehta,Hyderabad,Telangana,2024-11-23
9892,Sai Iyer,Silchar,Assam,2022-12-03
9893,Riya Ghosh,Kolkata,West Bengal,2023-07-17
9894,Sneha Yadav,Noida,Uttar Pradesh,2023-08-20
9895,Aarav Ghosh,Guwahati,Assam,2022-06-19
9896,Karan Saha,Mumbai,Maharashtra,2024-11-28
9897,Sneha Ghosh,Bengaluru,Karnataka,2022-10-14
9898,Vivaan Roy,Hyderabad,Telangana,2025-11-12
9899,Aditi Jain,Pune,Maharashtra,2026-01-28
9900,Vikram Dutta,Kolkata,West Bengal,2023-07-19
9901,Isha Jain,Ahmedabad,Gujarat,2021-11-14
9902,Reyansh Jain,Mumbai,Maharashtra,2024-05-11
9903,Akash Kumar,Patna,Bihar,2021-10-28
9904,Karan Kumar,Noida,Uttar Pradesh,2021-05-26
9905,Aarav Sharma,Bengaluru,Karnataka,2023-06-16
9906,Sneha Singh,Chennai,Tamil Nadu,2025-11-08
9907,Meera Verma,Lucknow,Uttar Pradesh,2026-04-13
9908,Karan Kumar,Chennai,Tamil Nadu,2025-02-01
9909,Sanjay Patel,Ahmedabad,Gujarat,2021-01-22
9910,Jyoti Kumar,Pune,Maharashtra,2025-09-15
9911,Ritu Mishra,Chennai,Tamil Nadu,2023-08-25
9912,Aditya Dutta,Bhopal,Madhya Pradesh,2024-07-26
9913,Krishna Das,Kolkata,West Bengal,2023-12-09
9914,Pooja Mehta,Indore,Madhya Pradesh,2025-04-08
9915,Diya Gupta,Nagpur,Maharashtra,2024-11-03
9916,Nikhil Mehta,Thiruvananthapuram,Kerala,2024-10-08
9917,Sanjay Sharma,Pune,Maharashtra,2023-03-28
9918,Aditya Saha,Pune,Maharashtra,2024-05-21
9919,Riya Sharma,Ahmedabad,Gujarat,2022-06-20
9920,Vikram Das,Howrah,West Bengal,2021-01-06
9921,Kavya Kumar,Kolkata,West Bengal,2024-11-18
9922,Arjun Iyer,Kolkata,West Bengal,2026-01-14
9923,Priya Das,Delhi,Delhi,2023-09-10
9924,Sneha Nair,Gurugram,Haryana,2021-04-23
9925,Ishaan Roy,Mumbai,Maharashtra,2022-04-09
9926,Diya Ghosh,Kochi,Kerala,2024-03-31
9927,Karan Dutta,Surat,Gujarat,2023-07-17
9928,Meera Singh,Lucknow,Uttar Pradesh,2022-08-25
9929,Aditya Singh,Lucknow,Uttar Pradesh,2022-11-02
9930,Neha Sharma,Mumbai,Maharashtra,2025-08-25
9931,Vivaan Das,Mumbai,Maharashtra,2023-08-19
9932,Diya Sharma,Kolkata,West Bengal,2025-02-18
9933,Diya Verma,Gurugram,Haryana,2021-01-25
9934,Rahul Mishra,Delhi,Delhi,2024-09-24
9935,Pooja Gupta,Kolkata,West Bengal,2024-11-06
9936,Sai Verma,Gurugram,Haryana,2024-06-19
9937,Sai Saha,Pune,Maharashtra,2024-10-13
9938,Diya Saha,Guwahati,Assam,2023-08-22
9939,Rohan Ghosh,Patna,Bihar,2023-08-28
9940,Nikhil Reddy,Noida,Uttar Pradesh,2024-09-01
9941,Aditi Roy,Lucknow,Uttar Pradesh,2025-11-13
9942,Manish Ghosh,Mysuru,Karnataka,2025-11-11
9943,Deepak Bora,Chandigarh,Chandigarh,2022-06-06
9944,Nikhil Saha,Chennai,Tamil Nadu,2023-02-25
9945,Nikhil Bora,Bhubaneswar,Odisha,2022-06-13
9946,Isha Nair,Mumbai,Maharashtra,2021-06-20
9947,Manish Patel,Pune,Maharashtra,2025-05-14
9948,Sanjay Iyer,Hyderabad,Telangana,2021-03-22
9949,Krishna Gupta,Pune,Maharashtra,2026-01-14
9950,Aditi Gupta,Kolkata,West Bengal,2025-05-19
9951,Meera Kumar,Indore,Madhya Pradesh,2025-06-05
9952,Sanjay Saha,Chandigarh,Chandigarh,2025-04-29
9953,Arjun Kumar,Hyderabad,Telangana,2023-12-29
9954,Deepak Jain,Bhubaneswar,Odisha,2021-01-10
9955,Pooja Singh,Mysuru,Karnataka,2023-10-14
9956,Rahul Saha,Ranchi,Jharkhand,2023-07-27
9957,Diya Jain,Lucknow,Uttar Pradesh,2025-06-27
9958,Isha Jain,Bengaluru,Karnataka,2025-01-21
9959,Rohan Mishra,Kolkata,West Bengal,2022-07-18
9960,Vivaan Patel,Jaipur,Rajasthan,2023-11-22
9961,Ananya Jain,Kochi,Kerala,2025-06-21
9962,Manish Verma,Coimbatore,Tamil Nadu,2022-08-04
9963,Rohan Mehta,Noida,Uttar Pradesh,2023-06-29
9964,Aditi Mishra,Chennai,Tamil Nadu,2024-03-02
9965,Sai Mehta,Ahmedabad,Gujarat,2022-03-05
9966,Ananya Dutta,Chennai,Tamil Nadu,2022-05-14
9967,Neha Das,Kochi,Kerala,2025-02-17
9968,Aditya Verma,Pune,Maharashtra,2021-08-27
9969,Diya Singh,Silchar,Assam,2023-11-28
9970,Meera Roy,Kochi,Kerala,2022-05-28
9971,Riya Reddy,Guwahati,Assam,2024-06-02
9972,Sai Singh,Surat,Gujarat,2025-08-04
9973,Neha Roy,Bengaluru,Karnataka,2025-08-21
9974,Krishna Verma,Pune,Maharashtra,2024-09-25
9975,Manish Patel,Ranchi,Jharkhand,2023-07-19
9976,Vikram Yadav,Lucknow,Uttar Pradesh,2024-11-20
9977,Vivaan Dutta,Mumbai,Maharashtra,2025-04-05
9978,Meera Mehta,Delhi,Delhi,2025-10-25
9979,Sneha Dutta,Delhi,Delhi,2024-06-15
9980,Ananya Nair,Mumbai,Maharashtra,2025-10-10
9981,Deepak Mishra,Ahmedabad,Gujarat,2021-12-02
9982,Vikram Choudhury,Howrah,West Bengal,2025-12-17
9983,Ritu Das,Silchar,Assam,2024-01-28
9984,Aditya Nair,Gurugram,Haryana,2021-10-16
9985,Rohan Saha,Kolkata,West Bengal,2024-10-30
9986,Priya Nair,Gurugram,Haryana,2022-07-28
9987,Sai Mishra,Coimbatore,Tamil Nadu,2022-08-27
9988,Arjun Choudhury,Bengaluru,Karnataka,2023-07-23
9989,Rohan Choudhury,Gurugram,Haryana,2026-02-25
9990,Sai Singh,Thiruvananthapuram,Kerala,2025-12-07
9991,Priya Bora,Bengaluru,Karnataka,2021-06-10
9992,Vivaan Mehta,Kolkata,West Bengal,2024-01-02
9993,Aditi Bora,Chennai,Tamil Nadu,2021-10-23
9994,Deepak Roy,Hyderabad,Telangana,2025-11-06
9995,Kavya Saha,Jaipur,Rajasthan,2023-10-29
9996,Kavya Ghosh,Hyderabad,Telangana,2024-01-15
9997,Rahul Mehta,Shillong,Meghalaya,2022-11-09
9998,Akash Ghosh,Chennai,Tamil Nadu,2022-06-13
9999,Aditya Gupta,Bhubaneswar,Odisha,2026-06-03
10000,Vikram Saha,Bengaluru,Karnataka,2021-08-25
